dur,proto,service,state,spkts,dpkts,sbytes,dbytes,rate,sttl,dttl,sload,dload,sloss,dloss,sinpkt,dinpkt,sjit,djit,swin,stcpb,dtcpb,dwin,tcprtt,synack,ackdat,smean,dmean,trans_depth,response_body_len,ct_srv_src,ct_state_ttl,ct_dst_ltm,ct_src_dport_ltm,ct_dst_sport_ltm,ct_dst_src_ltm,is_ftp_login,ct_ftp_cmd,ct_flw_http_mthd,ct_src_ltm,ct_srv_dst,is_sm_ips_ports,attack_cat,label
0.017674,tcp,http,SH,13,0,1597.0,0.0,735.5437365621818,0,0,722869.7521783412,0.0,0,0,0.0,0.0,0.0,0.0,0,0,0,0,0.0,0.0,0.0,122,0,2.0,0.0,1,1,1,1,1,1,0,0,1,1,1,0,Normal,0
0.030776,tcp,ftp,SH,13,0,99.0,0.0,422.4070704445022,0,0,25734.33844554198,0.0,0,0,0.0,0.0,0.0,0.0,0,0,0,0,0.0,0.0,0.0,7,0,,,1,2,2,1,1,2,1,1,1,2,1,0,Normal,0
0.004576,tcp,,SH,14,0,13484.0,0.0,3059.44055944056,0,0,23573426.57342657,0.0,0,0,0.0,0.0,0.0,0.0,0,0,0,0,0.0,0.0,0.0,963,0,,,1,3,3,1,1,3,0,1,1,3,1,0,Normal,0
0.00706,tcp,,SH,9,1,0.0,0.0,1416.43059490085,0,0,0.0,0.0,0,0,0.0,0.0,0.0,0.0,0,0,0,0,0.0,0.0,0.0,0,0,,,1,4,4,1,1,4,0,1,1,4,1,0,Normal,0
0.020063,tcp,http,SH,13,0,1627.0,0.0,647.9589293724766,0,0,648756.4172855505,0.0,0,0,0.0,0.0,0.0,0.0,0,0,0,0,0.0,0.0,0.0,125,0,2.0,0.0,2,5,5,2,1,5,0,1,2,5,1,0,Normal,0
0.037747,tcp,ftp,SH,13,0,99.0,0.0,344.3982303229395,0,0,20981.799878136007,0.0,0,0,0.0,0.0,0.0,0.0,0,0,0,0,0.0,0.0,0.0,7,0,,,2,6,6,2,1,6,1,2,2,6,1,0,Normal,0
0.011994,tcp,,SH,70,0,89207.0,0.0,5836.251459062865,0,0,59501083.87527097,0.0,0,0,0.0,0.0,0.0,0.0,0,0,0,0,0.0,0.0,0.0,1274,0,,,1,7,7,1,1,7,0,2,2,7,1,0,Normal,0
0.007377,tcp,,SF,34,6,0.0,68767.0,5422.25837061136,0,0,0.0,74574488.27436627,0,0,0.0,0.0,0.0,0.0,0,0,0,0,0.0,0.0,0.0,0,11461,,,1,1,8,1,1,8,0,2,2,8,1,0,Normal,0
0.024095,tcp,http,SH,13,0,1627.0,0.0,539.5310230338245,0,0,540195.0612160199,0.0,0,0,0.0,0.0,0.0,0.0,0,0,0,0,0.0,0.0,0.0,125,0,2.0,0.0,3,8,9,3,1,9,0,2,3,9,1,0,Normal,0
0.021296,tcp,http,SH,13,0,1392.0,0.0,610.443275732532,0,0,522915.10142749816,0.0,0,0,0.0,0.0,0.0,0.0,0,0,0,0,0.0,0.0,0.0,107,0,2.0,0.0,4,9,10,4,1,10,0,2,4,10,1,0,Normal,0
6.339107,udp,,S0,7,0,4592.0,0.0,1.1042564828137464,0,0,5795.1380218065415,0.0,0,0,0.0,0.0,0.0,0.0,0,0,0,0,0.0,0.0,0.0,656,0,,,1,1,1,1,1,1,0,2,4,1,1,0,Normal,0
0.032572,tcp,ftp,SH,13,1,99.0,0.0,429.8170207540219,0,0,24315.362888370382,0.0,0,0,0.0,0.0,0.0,0.0,0,0,0,0,0.0,0.0,0.0,7,0,,,3,10,11,3,1,11,1,3,4,11,1,0,Normal,0
0.007907,tcp,,SH,45,0,56014.0,0.0,5691.159731883141,0,0,56672821.550524846,0.0,0,0,0.0,0.0,0.0,0.0,0,0,0,0,0.0,0.0,0.0,1244,0,,,1,11,12,1,1,12,0,3,4,12,1,0,Normal,0
0.007506,tcp,,SF,23,4,0.0,35574.0,3597.1223021582737,0,0,0.0,37915267.785771385,0,0,0.0,0.0,0.0,0.0,0,0,0,0,0.0,0.0,0.0,0,8893,,,1,2,13,1,1,13,0,3,4,13,1,0,Normal,0
0.023791,tcp,http,SH,13,0,1392.0,0.0,546.4251187423815,0,0,468076.1632550124,0.0,0,0,0.0,0.0,0.0,0.0,0,0,0,0,0.0,0.0,0.0,107,0,2.0,0.0,5,12,14,5,1,14,0,3,5,14,1,0,Normal,0
0.033503,tcp,http,SH,13,0,1392.0,0.0,388.0249529892845,0,0,332388.1443452825,0.0,0,0,0.0,0.0,0.0,0.0,0,0,0,0,0.0,0.0,0.0,107,0,2.0,0.0,6,13,15,6,1,15,0,3,6,15,1,0,Normal,0
0.024684,tcp,http,SH,13,0,1597.0,0.0,526.6569437692432,0,0,517582.2395073732,0.0,0,0,0.0,0.0,0.0,0.0,0,0,0,0,0.0,0.0,0.0,122,0,2.0,0.0,7,14,16,7,1,16,0,3,7,16,1,0,Normal,0
2.969029,udp,,S0,4,0,680.0,0.0,1.3472418086856006,0,0,1832.2488598124169,0.0,0,0,0.0,0.0,0.0,0.0,0,0,0,0,0.0,0.0,0.0,170,0,,,1,2,2,1,1,2,0,3,7,2,1,0,Normal,0
0.041174,tcp,ftp,SH,13,1,99.0,0.0,340.02040122407345,0,0,19235.439840676157,0.0,0,0,0.0,0.0,0.0,0.0,0,0,0,0,0.0,0.0,0.0,7,0,,,4,15,17,4,1,17,1,4,7,17,1,0,Normal,0
0.010732,tcp,,SH,35,0,41491.0,0.0,3261.274692508386,0,0,30928811.032426387,0.0,0,0,0.0,0.0,0.0,0.0,0,0,0,0,0.0,0.0,0.0,1185,0,,,1,16,18,1,1,18,0,4,7,18,1,0,Normal,0
0.006144,tcp,,SF,18,3,0.0,21051.0,3417.96875,0,0,0.0,27410156.25,0,0,0.0,0.0,0.0,0.0,0,0,0,0,0.0,0.0,0.0,0,7017,,,1,3,19,1,1,19,0,4,7,19,1,0,Normal,0
0.024269,tcp,http,SH,13,0,1597.0,0.0,535.6627796777783,0,0,526432.8979356381,0.0,0,0,0.0,0.0,0.0,0.0,0,0,0,0,0.0,0.0,0.0,122,0,2.0,0.0,8,17,20,8,1,20,0,4,8,20,1,0,Normal,0
0.077701,tcp,ftp,SH,13,1,99.0,0.0,180.1778612887865,0,0,10192.91901005135,0.0,0,0,0.0,0.0,0.0,0.0,0,0,0,0,0.0,0.0,0.0,7,0,,,5,18,21,5,1,21,1,5,8,21,1,0,Normal,0
0.028358,tcp,,SH,28,0,32156.0,0.0,987.3756964525002,0,0,9071443.684321884,0.0,0,0,0.0,0.0,0.0,0.0,0,0,0,0,0.0,0.0,0.0,1148,0,,,1,19,22,1,1,22,0,5,8,22,1,0,Normal,0
0.014951,tcp,,SH,15,2,0.0,17557.0,1137.0476891177848,0,0,0.0,9394421.777807504,0,0,0.0,0.0,0.0,0.0,0,0,0,0,0.0,0.0,0.0,0,8778,,,1,20,23,1,1,23,0,5,8,23,1,0,Normal,0
0.022163,tcp,http,SH,13,0,1597.0,0.0,586.5631909037586,0,0,576456.2559220323,0.0,0,0,0.0,0.0,0.0,0.0,0,0,0,0,0.0,0.0,0.0,122,0,2.0,0.0,9,21,24,9,1,24,0,5,9,24,1,0,Normal,0
0.048347,tcp,ftp,SH,13,1,99.0,0.0,289.5732930688564,0,0,16381.57486503816,0.0,0,0,0.0,0.0,0.0,0.0,0,0,0,0,0.0,0.0,0.0,7,0,,,6,22,25,6,1,25,1,6,9,25,1,0,Normal,0
0.014665,tcp,,SH,74,0,94394.0,0.0,5046.027957722469,0,0,51493487.89635186,0.0,0,0,0.0,0.0,0.0,0.0,0,0,0,0,0.0,0.0,0.0,1275,0,,,1,23,26,1,1,26,0,6,9,26,1,0,Normal,0
0.006452,tcp,,SF,36,6,0.0,73954.0,6509.609423434594,0,0,0.0,91697458.15251084,0,0,0.0,0.0,0.0,0.0,0,0,0,0,0.0,0.0,0.0,0,12325,,,1,4,27,1,1,27,0,6,9,27,1,0,Normal,0
0.033737,tcp,http,SH,13,0,1627.0,0.0,385.33360998310457,0,0,385807.866733853,0.0,0,0,0.0,0.0,0.0,0.0,0,0,0,0,0.0,0.0,0.0,125,0,2.0,0.0,10,24,28,10,1,28,0,6,10,28,1,0,Normal,0
0.026588,tcp,http,SH,13,0,1597.0,0.0,488.94238002106215,0,0,480517.52670377615,0.0,0,0,0.0,0.0,0.0,0.0,0,0,0,0,0.0,0.0,0.0,122,0,2.0,0.0,11,25,29,11,1,29,0,6,11,29,1,0,Normal,0
0.035804,tcp,http,SH,13,0,1627.0,0.0,363.08792313707966,0,0,363534.8005809407,0.0,0,0,0.0,0.0,0.0,0.0,0,0,0,0,0.0,0.0,0.0,125,0,2.0,0.0,12,26,30,12,1,30,0,6,12,30,1,0,Normal,0
0.065903,tcp,ftp,SH,13,0,99.0,0.0,197.25960881902188,0,0,12017.662321897333,0.0,0,0,0.0,0.0,0.0,0.0,0,0,0,0,0.0,0.0,0.0,7,0,,,7,27,31,7,1,31,1,7,12,31,1,0,Normal,0
0.009756,tcp,,SH,39,0,46678.0,0.0,3997.5399753997535,0,0,38276342.76342763,0.0,0,0,0.0,0.0,0.0,0.0,0,0,0,0,0.0,0.0,0.0,1196,0,,,1,28,32,1,1,32,0,7,12,32,1,0,Normal,0
0.009854,tcp,,SH,20,3,0.0,32079.0,2334.077531966714,0,0,0.0,26043434.138420947,0,0,0.0,0.0,0.0,0.0,0,0,0,0,0.0,0.0,0.0,0,10693,,,1,29,33,1,1,33,0,7,12,33,1,0,Normal,0
0.028408,tcp,http,SH,13,0,1392.0,0.0,457.61757251478457,0,0,392002.25288651086,0.0,0,0,0.0,0.0,0.0,0.0,0,0,0,0,0.0,0.0,0.0,107,0,2.0,0.0,13,30,34,13,1,34,0,7,13,34,1,0,Normal,0
0.0,icmp,,OTH,1,0,0.0,0.0,0.0,0,0,0.0,0.0,0,0,0.0,0.0,0.0,0.0,0,0,0,0,0.0,0.0,0.0,0,0,,,1,1,1,1,1,1,0,7,13,1,1,0,Normal,0
5.22064,udp,,S0,7,0,4592.0,0.0,1.3408317754145085,0,0,7036.68515737534,0.0,0,0,0.0,0.0,0.0,0.0,0,0,0,0,0.0,0.0,0.0,656,0,,,2,3,3,2,1,3,0,7,13,3,1,0,Normal,0
0.034912,tcp,ftp,SH,13,0,99.0,0.0,372.3648029330889,0,0,22685.609532538954,0.0,0,0,0.0,0.0,0.0,0.0,0,0,0,0,0.0,0.0,0.0,7,0,,,8,31,35,8,1,35,1,8,13,35,1,0,Normal,0
0.009494,tcp,,SH,38,0,45641.0,0.0,4002.527912365704,0,0,38458816.094375394,0.0,0,0,0.0,0.0,0.0,0.0,0,0,0,0,0.0,0.0,0.0,1201,0,,,1,32,36,1,1,36,0,8,13,36,1,0,Normal,0
0.005321,tcp,,SH,20,3,0.0,31042.0,4322.495771471527,0,0,0.0,46670926.51757188,0,0,0.0,0.0,0.0,0.0,0,0,0,0,0.0,0.0,0.0,0,10347,,,1,33,37,1,1,37,0,8,13,37,1,0,Normal,0
0.022253,tcp,http,SH,13,0,1597.0,0.0,584.1908956095808,0,0,574124.8371006157,0.0,0,0,0.0,0.0,0.0,0.0,0,0,0,0,0.0,0.0,0.0,122,0,2.0,0.0,14,34,38,14,1,38,0,8,14,38,1,0,Normal,0
1.015329,udp,dns,S0,2,0,86.0,0.0,1.9698048612814172,0,0,677.6128722808076,0.0,0,0,0.0,0.0,0.0,0.0,0,0,0,0,0.0,0.0,0.0,43,0,,,1,4,1,1,1,1,0,8,14,1,1,0,Normal,0
0.024066,tcp,http,SH,13,0,1597.0,0.0,540.1811684534198,0,0,530873.4313969916,0.0,0,0,0.0,0.0,0.0,0.0,0,0,0,0,0.0,0.0,0.0,122,0,2.0,0.0,15,35,39,15,1,39,0,8,15,39,1,0,Normal,0
2.969981,udp,,S0,4,0,680.0,0.0,1.346809962757337,0,0,1831.661549349979,0.0,0,0,0.0,0.0,0.0,0.0,0,0,0,0,0.0,0.0,0.0,170,0,,,2,5,4,2,1,4,0,8,15,4,1,0,Normal,0
0.079893,tcp,ftp,SH,13,0,99.0,0.0,162.71763483659393,0,0,9913.258983890952,0.0,0,0,0.0,0.0,0.0,0.0,0,0,0,0,0.0,0.0,0.0,7,0,,,9,36,40,9,1,40,1,9,15,40,1,0,Normal,0
0.01838,tcp,,SH,42,0,51864.0,0.0,2285.0924918389555,0,0,22574102.28509249,0.0,0,0,0.0,0.0,0.0,0.0,0,0,0,0,0.0,0.0,0.0,1234,0,,,1,37,41,1,1,41,0,9,15,41,1,0,Normal,0
0.008095,tcp,,SH,22,3,0.0,37265.0,3088.3261272390364,0,0,0.0,36827671.402100064,0,0,0.0,0.0,0.0,0.0,0,0,0,0,0.0,0.0,0.0,0,12421,,,1,38,42,1,1,42,0,9,15,42,1,0,Normal,0
0.040993,tcp,http,SH,13,0,1392.0,0.0,317.127314419535,0,0,271656.136413534,0.0,0,0,0.0,0.0,0.0,0.0,0,0,0,0,0.0,0.0,0.0,107,0,2.0,0.0,16,39,43,16,1,43,0,9,16,43,1,0,Normal,0
0.0339,tcp,http,SH,13,0,1627.0,0.0,383.4808259587021,0,0,383952.802359882,0.0,0,0,0.0,0.0,0.0,0.0,0,0,0,0,0.0,0.0,0.0,125,0,2.0,0.0,17,40,44,17,1,44,0,9,17,44,1,0,Normal,0
0.037761,tcp,ftp,SH,13,1,99.0,0.0,370.7528931966844,0,0,20974.02081512672,0.0,0,0,0.0,0.0,0.0,0.0,0,0,0,0,0.0,0.0,0.0,7,0,,,10,41,45,10,1,45,1,10,17,45,1,0,Normal,0
0.008031,tcp,,SH,29,0,33193.0,0.0,3611.007346532188,0,0,33064873.61474287,0.0,0,0,0.0,0.0,0.0,0.0,0,0,0,0,0.0,0.0,0.0,1144,0,,,1,42,46,1,1,46,0,10,17,46,1,0,Normal,0
0.003682,tcp,,SH,15,2,0.0,12754.0,4617.055947854427,0,0,0.0,27711026.615969583,0,0,0.0,0.0,0.0,0.0,0,0,0,0,0.0,0.0,0.0,0,6377,,,1,43,47,1,1,47,0,10,17,47,1,0,Normal,0
0.023578,tcp,http,SH,13,0,1597.0,0.0,551.3614386292306,0,0,541861.0569174654,0.0,0,0,0.0,0.0,0.0,0.0,0,0,0,0,0.0,0.0,0.0,122,0,2.0,0.0,18,44,48,18,1,48,0,10,18,48,1,0,Normal,0
0.027217,tcp,http,SH,13,0,1627.0,0.0,477.64264981445416,0,0,478230.5176911489,0.0,0,0,0.0,0.0,0.0,0.0,0,0,0,0,0.0,0.0,0.0,125,0,2.0,0.0,19,45,49,19,1,49,0,10,19,49,1,0,Normal,0
0.020075,tcp,http,SH,13,0,1627.0,0.0,647.5716064757161,0,0,648368.6176836862,0.0,0,0,0.0,0.0,0.0,0.0,0,0,0,0,0.0,0.0,0.0,125,0,2.0,0.0,20,46,50,20,1,50,0,10,20,50,1,0,Normal,0
0.020593,tcp,http,SH,13,0,1627.0,0.0,631.2824746273005,0,0,632059.4376729957,0.0,0,0,0.0,0.0,0.0,0.0,0,0,0,0,0.0,0.0,0.0,125,0,2.0,0.0,21,47,51,21,1,51,0,10,21,51,1,0,Normal,0
0.043762,tcp,ftp,SH,13,0,99.0,0.0,297.0613774507564,0,0,18097.893149307616,0.0,0,0,0.0,0.0,0.0,0.0,0,0,0,0,0.0,0.0,0.0,7,0,,,11,48,52,11,1,52,1,11,21,52,1,0,Normal,0
0.005534,tcp,,SH,14,0,12447.0,0.0,2529.815684857246,0,0,17993494.759667512,0.0,0,0,0.0,0.0,0.0,0.0,0,0,0,0,0.0,0.0,0.0,889,0,,,1,49,53,1,1,53,0,11,21,53,1,0,Normal,0
0.003528,tcp,,SH,8,1,0.0,0.0,2551.020408163265,0,0,0.0,0.0,0,0,0.0,0.0,0.0,0.0,0,0,0,0,0.0,0.0,0.0,0,0,,,1,50,54,1,1,54,0,11,21,54,1,0,Normal,0
0.032462,tcp,http,SH,13,0,1597.0,0.0,400.4682397880599,0,0,393567.8639640195,0.0,0,0,0.0,0.0,0.0,0.0,0,0,0,0,0.0,0.0,0.0,122,0,2.0,0.0,22,51,55,22,1,55,0,11,22,55,1,0,Normal,0
0.019914,tcp,http,SH,13,0,1392.0,0.0,652.8070704027317,0,0,559204.5796926785,0.0,0,0,0.0,0.0,0.0,0.0,0,0,0,0,0.0,0.0,0.0,107,0,2.0,0.0,23,52,56,23,1,56,0,11,23,56,1,0,Normal,0
0.029324,tcp,http,SH,13,0,1597.0,0.0,443.3228754603738,0,0,435684.081298595,0.0,0,0,0.0,0.0,0.0,0.0,0,0,0,0,0.0,0.0,0.0,122,0,2.0,0.0,24,53,57,24,1,57,0,11,24,57,1,0,Normal,0
0.035309,tcp,ftp,SH,13,1,99.0,0.0,396.49947605426377,0,0,22430.54178821264,0.0,0,0,0.0,0.0,0.0,0.0,0,0,0,0,0.0,0.0,0.0,7,0,,,12,54,58,12,1,58,1,12,24,58,1,0,Normal,0
0.009852,tcp,,SH,55,0,68461.0,0.0,5582.622817701989,0,0,55591555.01421031,0.0,0,0,0.0,0.0,0.0,0.0,0,0,0,0,0.0,0.0,0.0,1244,0,,,1,55,59,1,1,59,0,12,24,59,1,0,Normal,0
0.0052,tcp,,SH,27,4,0.0,53862.0,5961.538461538462,0,0,0.0,82864615.38461539,0,0,0.0,0.0,0.0,0.0,0,0,0,0,0.0,0.0,0.0,0,13465,,,1,56,60,1,1,60,0,12,24,60,1,0,Normal,0
0.015768,tcp,http,SH,13,0,1597.0,0.0,824.4545915778792,0,0,810248.6047691527,0.0,0,0,0.0,0.0,0.0,0.0,0,0,0,0,0.0,0.0,0.0,122,0,2.0,0.0,25,57,61,25,1,61,0,12,25,61,1,0,Normal,0
0.017048,tcp,http,SH,13,0,1392.0,0.0,762.5527921163773,0,0,653214.4533083059,0.0,0,0,0.0,0.0,0.0,0.0,0,0,0,0,0.0,0.0,0.0,107,0,2.0,0.0,26,58,62,26,1,62,0,12,26,62,1,0,Normal,0
0.025088,tcp,http,SH,13,0,1392.0,0.0,518.1760204081633,0,0,443877.55102040817,0.0,0,0,0.0,0.0,0.0,0.0,0,0,0,0,0.0,0.0,0.0,107,0,2.0,0.0,27,59,63,27,1,63,0,12,27,63,1,0,Normal,0
3.072168,udp,,S0,4,0,680.0,0.0,1.302012129544999,0,0,1770.7364961811984,0.0,0,0,0.0,0.0,0.0,0.0,0,0,0,0,0.0,0.0,0.0,170,0,,,3,6,5,3,1,5,0,12,27,5,1,0,Normal,0
0.06662,tcp,ftp,SH,13,0,99.0,0.0,195.13659561693183,0,0,11888.321825277695,0.0,0,0,0.0,0.0,0.0,0.0,0,0,0,0,0.0,0.0,0.0,7,0,,,13,60,64,13,1,64,1,13,27,64,1,0,Normal,0
0.026535,tcp,,SH,80,0,102692.0,0.0,3014.8859996231395,0,0,30960467.30732994,0.0,0,0,0.0,0.0,0.0,0.0,0,0,0,0,0.0,0.0,0.0,1283,0,,,1,61,65,1,1,65,0,13,27,65,1,0,Normal,0
0.011514,tcp,,SH,39,5,0.0,88093.0,3821.434775056453,0,0,0.0,61207573.38891784,0,0,0.0,0.0,0.0,0.0,0,0,0,0,0.0,0.0,0.0,0,17618,,,1,62,66,1,1,66,0,13,27,66,1,0,Normal,0
0.03057,tcp,http,SH,13,0,1597.0,0.0,425.2535165194635,0,0,417926.0713117435,0.0,0,0,0.0,0.0,0.0,0.0,0,0,0,0,0.0,0.0,0.0,122,0,2.0,0.0,28,63,67,28,1,67,0,13,28,67,1,0,Normal,0
0.021118,tcp,http,SH,13,0,1627.0,0.0,615.5885974050573,0,0,616346.2449095558,0.0,0,0,0.0,0.0,0.0,0.0,0,0,0,0,0.0,0.0,0.0,125,0,2.0,0.0,29,64,68,29,1,68,0,13,29,68,1,0,Normal,0
0.028471,tcp,http,SH,13,0,1627.0,0.0,456.6049664570967,0,0,457166.9418004285,0.0,0,0,0.0,0.0,0.0,0.0,0,0,0,0,0.0,0.0,0.0,125,0,2.0,0.0,30,65,69,30,1,69,0,13,30,69,1,0,Normal,0
0.045051,tcp,http,SH,13,0,1627.0,0.0,288.5618521231493,0,0,288917.0051719163,0.0,0,0,0.0,0.0,0.0,0.0,0,0,0,0,0.0,0.0,0.0,125,0,2.0,0.0,31,66,70,31,1,70,0,13,31,70,1,0,Normal,0
0.052381,tcp,ftp,SH,13,1,99.0,0.0,267.2724842977416,0,0,15119.98625455795,0.0,0,0,0.0,0.0,0.0,0.0,0,0,0,0,0.0,0.0,0.0,7,0,,,14,67,71,14,1,71,1,14,31,71,1,0,Normal,0
0.023142,tcp,,SH,77,0,98543.0,0.0,3327.2837265577737,0,0,34065508.599083915,0.0,0,0,0.0,0.0,0.0,0.0,0,0,0,0,0.0,0.0,0.0,1279,0,,,1,68,72,1,1,72,0,14,31,72,1,0,Normal,0
0.008616,tcp,,SH,38,5,0.0,83944.0,4990.714948932219,0,0,0.0,77942432.68337975,0,0,0.0,0.0,0.0,0.0,0,0,0,0,0.0,0.0,0.0,0,16788,,,1,69,73,1,1,73,0,14,31,73,1,0,Normal,0
0.033105,tcp,http,SH,13,0,1627.0,0.0,392.6899259930524,0,0,393173.2366711977,0.0,0,0,0.0,0.0,0.0,0.0,0,0,0,0,0.0,0.0,0.0,125,0,2.0,0.0,32,70,74,32,1,74,0,14,32,74,1,0,Normal,0
0.020046,tcp,http,SH,13,0,1597.0,0.0,648.5084306095979,0,0,637334.1314975555,0.0,0,0,0.0,0.0,0.0,0.0,0,0,0,0,0.0,0.0,0.0,122,0,2.0,0.0,33,71,75,33,1,75,0,14,33,75,1,0,Normal,0
0.046595,tcp,ftp,SH,13,1,99.0,0.0,300.4614228994528,0,0,16997.531924026185,0.0,0,0,0.0,0.0,0.0,0.0,0,0,0,0,0.0,0.0,0.0,7,0,,,15,72,76,15,1,76,1,15,33,76,1,0,Normal,0
0.017214,tcp,,SH,80,0,103729.0,0.0,4647.38003950273,0,0,48206808.41175787,0.0,0,0,0.0,0.0,0.0,0.0,0,0,0,0,0.0,0.0,0.0,1296,0,,,1,73,77,1,1,77,0,15,33,77,1,0,Normal,0
0.009837,tcp,,SH,39,6,0.0,83290.0,4574.565416285453,0,0,0.0,67736098.40398495,0,0,0.0,0.0,0.0,0.0,0,0,0,0,0.0,0.0,0.0,0,13881,,,1,74,78,1,1,78,0,15,33,78,1,0,Normal,0
0.02124,tcp,http,SH,13,0,1597.0,0.0,612.0527306967986,0,0,601506.5913370999,0.0,0,0,0.0,0.0,0.0,0.0,0,0,0,0,0.0,0.0,0.0,122,0,2.0,0.0,34,75,79,34,1,79,0,15,34,79,1,0,Normal,0
0.034441,tcp,http,SH,13,0,1392.0,0.0,377.4571005487646,0,0,323335.55936238787,0.0,0,0,0.0,0.0,0.0,0.0,0,0,0,0,0.0,0.0,0.0,107,0,2.0,0.0,35,76,80,35,1,80,0,15,35,80,1,0,Normal,0
0.036396,tcp,ftp,SH,13,0,99.0,0.0,357.1821079239477,0,0,21760.633036597428,0.0,0,0,0.0,0.0,0.0,0.0,0,0,0,0,0.0,0.0,0.0,7,0,,,16,77,81,16,1,81,1,16,35,81,1,0,Normal,0
0.006025,tcp,,SH,14,0,13484.0,0.0,2323.6514522821576,0,0,17904066.390041493,0.0,0,0,0.0,0.0,0.0,0.0,0,0,0,0,0.0,0.0,0.0,963,0,,,1,78,82,1,1,82,0,16,35,82,1,0,Normal,0
0.004967,tcp,,SH,9,1,0.0,0.0,2013.28769881216,0,0,0.0,0.0,0,0,0.0,0.0,0.0,0.0,0,0,0,0,0.0,0.0,0.0,0,0,,,1,79,83,1,1,83,0,16,35,83,1,0,Normal,0
0.028985,tcp,http,SH,13,0,1392.0,0.0,448.5078488873555,0,0,384198.72347766085,0.0,0,0,0.0,0.0,0.0,0.0,0,0,0,0,0.0,0.0,0.0,107,0,2.0,0.0,36,80,84,36,1,84,0,16,36,84,1,0,Normal,0
0.041321,tcp,ftp,SH,13,0,99.0,0.0,314.61000459814625,0,0,19167.009510902448,0.0,0,0,0.0,0.0,0.0,0.0,0,0,0,0,0.0,0.0,0.0,7,0,,,17,81,85,17,1,85,1,17,36,85,1,0,Normal,0
0.014461,tcp,,SH,48,0,59126.0,0.0,3319.2725261046958,0,0,32709217.896411035,0.0,0,0,0.0,0.0,0.0,0.0,0,0,0,0,0.0,0.0,0.0,1231,0,,,1,82,86,1,1,86,0,17,36,86,1,0,Normal,0
0.006313,tcp,,SH,24,4,0.0,44527.0,4435.292254078885,0,0,0.0,56425788.05639157,0,0,0.0,0.0,0.0,0.0,0,0,0,0,0.0,0.0,0.0,0,11131,,,1,83,87,1,1,87,0,17,36,87,1,0,Normal,0
0.027501,tcp,http,SH,13,0,1627.0,0.0,472.7100832696993,0,0,473291.880295262,0.0,0,0,0.0,0.0,0.0,0.0,0,0,0,0,0.0,0.0,0.0,125,0,2.0,0.0,37,84,88,37,1,88,0,17,37,88,1,0,Normal,0
3.080586,udp,,S0,4,0,680.0,0.0,1.2984542551319782,0,0,1765.8977869794903,0.0,0,0,0.0,0.0,0.0,0.0,0,0,0,0,0.0,0.0,0.0,170,0,,,4,7,6,4,1,6,0,17,37,6,1,0,Normal,0
0.423548,udp,dns,S0,2,0,56.0,0.0,4.722014978231512,0,0,1057.7313551238583,0.0,0,0,0.0,0.0,0.0,0.0,0,0,0,0,0.0,0.0,0.0,28,0,,,1,8,1,1,1,1,0,17,37,1,1,0,Normal,0
0.041217,tcp,ftp,SH,13,1,99.0,0.0,339.6656719314846,0,0,19215.372297838272,0.0,0,0,0.0,0.0,0.0,0.0,0,0,0,0,0.0,0.0,0.0,7,0,,,18,85,89,18,1,89,1,18,37,89,1,0,Normal,0
0.008655,tcp,,SH,32,0,37342.0,0.0,3697.284806470248,0,0,34516002.310803,0.0,0,0,0.0,0.0,0.0,0.0,0,0,0,0,0.0,0.0,0.0,1166,0,,,1,86,90,1,1,90,0,18,37,90,1,0,Normal,0
0.006985,tcp,,SH,16,2,0.0,16903.0,2576.950608446672,0,0,0.0,19359198.28203293,0,0,0.0,0.0,0.0,0.0,0,0,0,0,0.0,0.0,0.0,0,8451,,,1,87,91,1,1,91,0,18,37,91,1,0,Normal,0
0.028235,tcp,http,SH,13,0,1627.0,0.0,460.42146272357,0,0,460988.135293076,0.0,0,0,0.0,0.0,0.0,0.0,0,0,0,0,0.0,0.0,0.0,125,0,2.0,0.0,37,88,91,37,1,91,0,18,37,91,1,0,Normal,0
0.017921,tcp,http,SH,13,0,1627.0,0.0,725.4059483287763,0,0,726298.7556497963,0.0,0,0,0.0,0.0,0.0,0.0,0,0,0,0,0.0,0.0,0.0,125,0,2.0,0.0,38,89,91,38,1,91,0,17,38,91,1,0,Normal,0
0.039776,tcp,ftp,SH,13,0,99.0,0.0,326.83024939662107,0,0,19911.504424778763,0.0,0,0,0.0,0.0,0.0,0.0,0,0,0,0,0.0,0.0,0.0,7,0,,,18,90,91,18,1,91,1,18,38,91,1,0,Normal,0
0.012549,tcp,,SH,64,0,80909.0,0.0,5100.007968762451,0,0,51579568.09307515,0.0,0,0,0.0,0.0,0.0,0.0,0,0,0,0,0.0,0.0,0.0,1264,0,,,1,91,91,1,1,91,0,18,38,91,1,0,Normal,0
0.004855,tcp,,SH,31,5,0.0,60470.0,7415.036045314109,0,0,0.0,99641606.59114316,0,0,0.0,0.0,0.0,0.0,0,0,0,0,0.0,0.0,0.0,0,12094,,,1,92,91,1,1,91,0,18,37,91,1,0,Normal,0
0.030388,tcp,http,SH,13,0,1597.0,0.0,427.8004475450836,0,0,420429.1167566145,0.0,0,0,0.0,0.0,0.0,0.0,0,0,0,0,0.0,0.0,0.0,122,0,2.0,0.0,38,93,91,38,1,91,0,17,38,91,1,0,Normal,0
1.028925,udp,dns,S0,2,0,86.0,0.0,1.9437762713511677,0,0,668.6590373448015,0.0,0,0,0.0,0.0,0.0,0.0,0,0,0,0,0.0,0.0,0.0,43,0,,,2,9,2,2,2,2,0,17,38,2,2,0,Normal,0
0.025852,tcp,http,SH,13,0,1597.0,0.0,502.8624477796689,0,0,494197.7409871577,0.0,0,0,0.0,0.0,0.0,0.0,0,0,0,0,0.0,0.0,0.0,122,0,2.0,0.0,39,94,90,39,1,90,0,17,39,90,1,0,Normal,0
0.042087,tcp,ftp,SH,13,0,99.0,0.0,308.8839784256421,0,0,18818.16237793143,0.0,0,0,0.0,0.0,0.0,0.0,0,0,0,0,0.0,0.0,0.0,7,0,,,18,95,90,18,1,90,1,18,38,90,1,0,Normal,0
0.007652,tcp,,SH,11,0,9335.0,0.0,1437.532671197073,0,0,9759539.989545217,0.0,0,0,0.0,0.0,0.0,0.0,0,0,0,0,0.0,0.0,0.0,848,0,,,1,96,90,1,1,90,0,18,37,90,1,0,Normal,0
0.005541,tcp,,SH,7,1,0.0,0.0,1443.7827107020394,0,0,0.0,0.0,0,0,0.0,0.0,0.0,0.0,0,0,0,0,0.0,0.0,0.0,0,0,,,1,97,91,1,1,91,0,18,37,91,1,0,Normal,0
0.027653,tcp,http,SH,13,0,1627.0,0.0,470.1117419448161,0,0,470690.34101182513,0.0,0,0,0.0,0.0,0.0,0.0,0,0,0,0,0.0,0.0,0.0,125,0,2.0,0.0,38,98,91,38,1,91,0,17,38,91,1,0,Normal,0
0.026428,tcp,http,SH,13,0,1392.0,0.0,491.9025276222189,0,0,421371.2728923869,0.0,0,0,0.0,0.0,0.0,0.0,0,0,0,0,0.0,0.0,0.0,107,0,2.0,0.0,39,99,91,39,1,91,0,17,39,91,1,0,Normal,0
0.034431,tcp,ftp,SH,13,0,99.0,0.0,377.566727658215,0,0,23002.526792715864,0.0,0,0,0.0,0.0,0.0,0.0,0,0,0,0,0.0,0.0,0.0,7,0,,,18,100,91,18,1,91,1,18,39,91,1,0,Normal,0
0.007811,tcp,,SH,40,0,48753.0,0.0,5120.983228779925,0,0,49932659.070541546,0.0,0,0,0.0,0.0,0.0,0.0,0,0,0,0,0.0,0.0,0.0,1218,0,,,1,100,91,1,1,91,0,18,38,91,1,0,Normal,0
0.004287,tcp,,SH,20,2,0.0,16634.0,5131.793795194775,0,0,0.0,31040821.087007232,0,0,0.0,0.0,0.0,0.0,0,0,0,0,0.0,0.0,0.0,0,8317,,,1,100,91,1,1,91,0,18,37,91,1,0,Normal,0
0.034225,tcp,http,SH,13,0,1392.0,0.0,379.8392987582177,0,0,325376.18699780863,0.0,0,0,0.0,0.0,0.0,0.0,0,0,0,0,0.0,0.0,0.0,107,0,2.0,0.0,37,100,91,37,1,91,0,18,37,91,1,0,Normal,0
0.02249,tcp,http,SH,13,0,1627.0,0.0,578.0346820809249,0,0,578746.1093819475,0.0,0,0,0.0,0.0,0.0,0.0,0,0,0,0,0.0,0.0,0.0,125,0,2.0,0.0,38,100,92,38,1,92,0,18,38,92,1,0,Normal,0
0.043034,tcp,ftp,SH,13,1,99.0,0.0,325.32416229028206,0,0,18404.05260956453,0.0,0,0,0.0,0.0,0.0,0.0,0,0,0,0,0.0,0.0,0.0,7,0,,,18,100,92,18,1,92,1,18,38,92,1,0,Normal,0
0.010621,tcp,,SH,43,0,52902.0,0.0,4048.5829959514167,0,0,39847095.37708314,0.0,0,0,0.0,0.0,0.0,0.0,0,0,0,0,0.0,0.0,0.0,1230,0,,,1,100,92,1,1,92,0,18,38,92,1,0,Normal,0
0.008031,tcp,,SH,22,3,0.0,38303.0,3112.9373677001618,0,0,0.0,38155148.798406176,0,0,0.0,0.0,0.0,0.0,0,0,0,0,0.0,0.0,0.0,0,12767,,,1,100,92,1,1,92,0,18,38,92,1,0,Normal,0
3.064965,udp,,S0,4,0,680.0,0.0,1.3050719991908557,0,0,1774.8979188995634,0.0,0,0,0.0,0.0,0.0,0.0,0,0,0,0,0.0,0.0,0.0,170,0,,,4,10,5,4,1,5,0,18,37,5,1,0,Normal,0
0.025719,tcp,http,SH,13,0,1597.0,0.0,505.4628873595397,0,0,496753.3729927291,0.0,0,0,0.0,0.0,0.0,0.0,0,0,0,0,0.0,0.0,0.0,122,0,2.0,0.0,38,100,91,38,1,91,0,17,38,91,1,0,Normal,0
0.041552,tcp,ftp,SH,13,0,99.0,0.0,312.8609934539854,0,0,19060.45437042742,0.0,0,0,0.0,0.0,0.0,0.0,0,0,0,0,0.0,0.0,0.0,7,0,,,18,100,91,18,1,91,1,18,38,91,1,0,Normal,0
0.006525,tcp,,SH,29,0,33193.0,0.0,4444.444444444444,0,0,40696398.46743295,0.0,0,0,0.0,0.0,0.0,0.0,0,0,0,0,0.0,0.0,0.0,1144,0,,,1,100,91,1,1,91,0,18,38,91,1,0,Normal,0
0.007002,tcp,,SH,15,2,0.0,18594.0,2427.87774921451,0,0,0.0,21244215.93830334,0,0,0.0,0.0,0.0,0.0,0,0,0,0,0.0,0.0,0.0,0,9297,,,1,100,91,1,1,91,0,18,37,91,1,0,Normal,0
0.020585,tcp,http,SH,13,0,1597.0,0.0,631.5278115132378,0,0,620646.1015302405,0.0,0,0,0.0,0.0,0.0,0.0,0,0,0,0,0.0,0.0,0.0,122,0,2.0,0.0,38,100,91,38,1,91,0,17,38,91,1,0,Normal,0
6.87189,udp,,S0,7,0,4592.0,0.0,1.0186426150593215,0,0,5345.836443831319,0.0,0,0,0.0,0.0,0.0,0.0,0,0,0,0,0.0,0.0,0.0,656,0,,,1,11,6,1,1,1,0,17,38,91,1,0,Normal,0
0.035135,tcp,http,SH,13,0,1597.0,0.0,370.00142308239646,0,0,363626.0139462075,0.0,0,0,0.0,0.0,0.0,0.0,0,0,0,0,0.0,0.0,0.0,122,0,2.0,0.0,39,100,90,39,1,90,0,17,39,91,1,0,Normal,0
0.022593,tcp,http,SH,13,0,1597.0,0.0,575.3994600097376,0,0,565484.8846988005,0.0,0,0,0.0,0.0,0.0,0.0,0,0,0,0,0.0,0.0,0.0,122,0,2.0,0.0,39,100,90,39,1,90,0,17,39,91,1,0,Normal,0
0.042366,tcp,ftp,SH,13,0,99.0,0.0,306.8498324127838,0,0,18694.23594391729,0.0,0,0,0.0,0.0,0.0,0.0,0,0,0,0,0.0,0.0,0.0,7,0,,,18,100,90,18,1,90,1,18,38,91,1,0,Normal,0
0.014732,tcp,,SH,59,0,74685.0,0.0,4004.887320119468,0,0,40556611.4580505,0.0,0,0,0.0,0.0,0.0,0.0,0,0,0,0,0.0,0.0,0.0,1265,0,,,1,100,90,1,1,90,0,18,37,91,1,0,Normal,0
0.007853,tcp,,SH,30,4,0.0,60086.0,4329.555583853304,0,0,0.0,61210747.48503756,0,0,0.0,0.0,0.0,0.0,0,0,0,0,0.0,0.0,0.0,0,15021,,,1,100,90,1,1,90,0,17,37,91,1,0,Normal,0
0.031755,tcp,http,SH,13,0,1627.0,0.0,409.3843489214297,0,0,409888.2065816407,0.0,0,0,0.0,0.0,0.0,0.0,0,0,0,0,0.0,0.0,0.0,125,0,2.0,0.0,38,100,90,38,1,90,0,17,38,91,1,0,Normal,0
0.027938,tcp,http,SH,13,0,1627.0,0.0,465.3160569833202,0,0,465888.7536688381,0.0,0,0,0.0,0.0,0.0,0.0,0,0,0,0,0.0,0.0,0.0,125,0,2.0,0.0,39,100,90,39,1,90,0,17,39,91,1,0,Normal,0
0.024748,tcp,http,SH,13,0,1627.0,0.0,525.2949733311783,0,0,525941.4902214321,0.0,0,0,0.0,0.0,0.0,0.0,0,0,0,0,0.0,0.0,0.0,125,0,2.0,0.0,39,100,90,39,1,90,0,17,39,91,1,0,Normal,0
0.065805,tcp,ftp,SH,13,1,99.0,0.0,212.7497910493124,0,0,12035.559607932528,0.0,0,0,0.0,0.0,0.0,0.0,0,0,0,0,0.0,0.0,0.0,7,0,,,18,100,91,18,1,91,1,18,39,92,1,0,Normal,0
0.016552,tcp,,SH,70,0,89207.0,0.0,4229.096181730304,0,0,43115998.06669889,0.0,0,0,0.0,0.0,0.0,0.0,0,0,0,0,0.0,0.0,0.0,1274,0,,,1,100,92,1,1,92,0,18,39,93,1,0,Normal,0
0.010398,tcp,,SF,34,6,0.0,74607.0,3846.893633391037,0,0,0.0,57401038.66128102,0,0,0.0,0.0,0.0,0.0,0,0,0,0,0.0,0.0,0.0,0,12434,,,1,5,92,1,1,92,0,17,39,93,1,0,Normal,0
0.028405,tcp,http,SH,13,0,1392.0,0.0,457.66590389016017,0,0,392043.6542862173,0.0,0,0,0.0,0.0,0.0,0.0,0,0,0,0,0.0,0.0,0.0,107,0,2.0,0.0,40,100,92,40,1,92,0,17,40,93,1,0,Normal,0
0.02869,tcp,http,SH,13,0,1627.0,0.0,453.1195538515162,0,0,453677.23945625656,0.0,0,0,0.0,0.0,0.0,0.0,0,0,0,0,0.0,0.0,0.0,125,0,2.0,0.0,41,100,92,41,1,92,0,17,41,93,1,0,Normal,0
6.038473,udp,,S0,7,0,4592.0,0.0,1.1592334684613146,0,0,6083.657242484979,0.0,0,0,0.0,0.0,0.0,0.0,0,0,0,0,0.0,0.0,0.0,656,0,,,1,12,6,1,1,5,0,17,40,5,1,0,Normal,0
0.02784,tcp,http,SH,13,0,1597.0,0.0,466.95402298850576,0,0,458908.0459770115,0.0,0,0,0.0,0.0,0.0,0.0,0,0,0,0,0.0,0.0,0.0,122,0,2.0,0.0,41,100,92,41,1,92,0,17,41,93,1,0,Normal,0
0.057468,tcp,ftp,SH,13,1,99.0,0.0,243.6138372659567,0,0,13781.582793902697,0.0,0,0,0.0,0.0,0.0,0.0,0,0,0,0,0.0,0.0,0.0,7,0,,,18,100,92,18,1,92,1,18,40,93,1,0,Normal,0
0.013604,tcp,,SH,27,0,31118.0,0.0,1984.710379300206,0,0,18299323.7283152,0.0,0,0,0.0,0.0,0.0,0.0,0,0,0,0,0.0,0.0,0.0,1152,0,,,1,100,93,1,1,93,0,18,40,94,1,0,Normal,0
0.009681,tcp,,SF,14,2,0.0,10678.0,1652.721826257618,0,0,0.0,8823881.830389421,0,0,0.0,0.0,0.0,0.0,0,0,0,0,0.0,0.0,0.0,0,5339,,,1,6,93,1,1,93,0,17,40,94,1,0,Normal,0
0.034055,tcp,http,SH,13,0,1627.0,0.0,381.73542798414326,0,0,382205.2562032007,0.0,0,0,0.0,0.0,0.0,0.0,0,0,0,0,0.0,0.0,0.0,125,0,2.0,0.0,41,100,93,41,1,93,0,17,41,94,1,0,Normal,0
3.071748,udp,,S0,4,0,680.0,0.0,1.3021901536193723,0,0,1770.9786089223464,0.0,0,0,0.0,0.0,0.0,0.0,0,0,0,0,0.0,0.0,0.0,170,0,,,4,13,6,4,1,5,0,17,41,5,1,0,Normal,0
0.049486,tcp,ftp,SH,13,1,99.0,0.0,282.908297296205,0,0,16004.52653275674,0.0,0,0,0.0,0.0,0.0,0.0,0,0,0,0,0.0,0.0,0.0,7,0,,,18,100,92,18,1,92,1,18,40,93,1,0,Normal,0
0.011277,tcp,,SH,49,0,61200.0,0.0,4345.127250155183,0,0,43415802.07501995,0.0,0,0,0.0,0.0,0.0,0.0,0,0,0,0,0.0,0.0,0.0,1248,0,,,1,100,92,1,1,92,0,18,39,93,1,0,Normal,0
0.004647,tcp,,SF,24,4,0.0,40760.0,6025.392726490209,0,0,0.0,70170002.15192597,0,0,0.0,0.0,0.0,0.0,0,0,0,0,0.0,0.0,0.0,0,10190,,,1,7,92,1,1,92,0,17,39,93,1,0,Normal,0
0.024342,tcp,http,SH,13,0,1597.0,0.0,534.0563634869773,0,0,524854.1615315094,0.0,0,0,0.0,0.0,0.0,0.0,0,0,0,0,0.0,0.0,0.0,122,0,2.0,0.0,40,100,92,40,1,92,0,17,40,93,1,0,Normal,0
0.018378,tcp,http,SH,13,0,1627.0,0.0,707.3675046250953,0,0,708238.1107846339,0.0,0,0,0.0,0.0,0.0,0.0,0,0,0,0,0.0,0.0,0.0,125,0,2.0,0.0,41,100,92,41,1,92,0,17,41,93,1,0,Normal,0
0.042482,tcp,ftp,SH,13,1,99.0,0.0,329.5513393908008,0,0,18643.190056965304,0.0,0,0,0.0,0.0,0.0,0.0,0,0,0,0,0.0,0.0,0.0,7,0,,,18,100,92,18,1,92,1,18,40,93,1,0,Normal,0
0.009904,tcp,,SH,26,0,29044.0,0.0,2625.201938610662,0,0,23460420.03231018,0.0,0,0,0.0,0.0,0.0,0.0,0,0,0,0,0.0,0.0,0.0,1117,0,,,1,100,92,1,1,92,0,18,39,93,1,0,Normal,0
0.006916,tcp,,SH,14,2,0.0,14445.0,2313.475997686524,0,0,0.0,16709080.393290918,0,0,0.0,0.0,0.0,0.0,0,0,0,0,0.0,0.0,0.0,0,7222,,,1,100,92,1,1,92,0,18,38,93,1,0,Normal,0
0.026911,tcp,http,SH,13,0,1392.0,0.0,483.0738359778529,0,0,413808.4798037977,0.0,0,0,0.0,0.0,0.0,0.0,0,0,0,0,0.0,0.0,0.0,107,0,2.0,0.0,38,100,92,38,1,92,0,18,38,93,1,0,Normal,0
0.02254,tcp,http,SH,13,0,1627.0,0.0,576.7524401064774,0,0,577462.2892635314,0.0,0,0,0.0,0.0,0.0,0.0,0,0,0,0,0.0,0.0,0.0,125,0,2.0,0.0,39,100,92,39,1,92,0,17,39,93,1,0,Normal,0
0.030353,tcp,http,SH,13,0,1627.0,0.0,428.293743616776,0,0,428820.8743781504,0.0,0,0,0.0,0.0,0.0,0.0,0,0,0,0,0.0,0.0,0.0,125,0,2.0,0.0,40,100,92,40,1,92,0,17,40,93,1,0,Normal,0
0.053593,tcp,ftp,SH,13,1,99.0,0.0,261.2281454667587,0,0,14778.049372119493,0.0,0,0,0.0,0.0,0.0,0.0,0,0,0,0,0.0,0.0,0.0,7,0,,,18,100,92,18,1,92,1,18,40,93,1,0,Normal,0
0.020198,tcp,,SH,74,0,95431.0,0.0,3663.729082087336,0,0,37798197.84137043,0.0,0,0,0.0,0.0,0.0,0.0,0,0,0,0,0.0,0.0,0.0,1289,0,,,1,100,92,1,1,92,0,18,39,93,1,0,Normal,0
0.007806,tcp,,SH,37,5,0.0,80832.0,5380.476556495004,0,0,0.0,82840891.62182936,0,0,0.0,0.0,0.0,0.0,0,0,0,0,0.0,0.0,0.0,0,16166,,,1,100,92,1,1,92,0,18,38,93,1,0,Normal,0
0.026564,tcp,http,SH,13,0,1392.0,0.0,489.38412889625056,0,0,419213.9737991266,0.0,0,0,0.0,0.0,0.0,0.0,0,0,0,0,0.0,0.0,0.0,107,0,2.0,0.0,38,100,92,38,1,92,0,18,38,93,1,0,Normal,0
0.040328,tcp,http,SH,13,0,1392.0,0.0,322.35667526284465,0,0,276135.6873636183,0.0,0,0,0.0,0.0,0.0,0.0,0,0,0,0,0.0,0.0,0.0,107,0,2.0,0.0,39,100,92,39,1,92,0,17,39,93,1,0,Normal,0
0.027541,tcp,http,SH,13,0,1597.0,0.0,472.0235285574235,0,0,463890.2000653571,0.0,0,0,0.0,0.0,0.0,0.0,0,0,0,0,0.0,0.0,0.0,122,0,2.0,0.0,40,100,92,40,1,92,0,17,40,93,1,0,Normal,0
0.04171,tcp,ftp,SH,13,1,99.0,0.0,335.6509230400384,0,0,18988.2522176936,0.0,0,0,0.0,0.0,0.0,0.0,0,0,0,0,0.0,0.0,0.0,7,0,,,18,100,92,18,1,92,1,18,40,93,1,0,Normal,0
0.010777,tcp,,SH,42,0,50827.0,0.0,3897.1884568989512,0,0,37729980.51405772,0.0,0,0,0.0,0.0,0.0,0.0,0,0,0,0,0.0,0.0,0.0,1210,0,,,1,100,92,1,1,92,0,18,39,93,1,0,Normal,0
0.006733,tcp,,SH,21,3,0.0,36228.0,3564.5328976682013,0,0,0.0,43045299.2722412,0,0,0.0,0.0,0.0,0.0,0,0,0,0,0.0,0.0,0.0,0,12076,,,1,100,92,1,1,92,0,18,38,93,1,0,Normal,0
6.246595,udp,,S0,7,0,4592.0,0.0,1.120610508605088,0,0,5880.963949159502,0.0,0,0,0.0,0.0,0.0,0.0,0,0,0,0,0.0,0.0,0.0,656,0,,,2,14,7,2,1,6,0,18,37,6,1,0,Normal,0
0.029983,tcp,http,SH,13,0,1392.0,0.0,433.5790281159324,0,0,371410.4659306941,0.0,0,0,0.0,0.0,0.0,0.0,0,0,0,0,0.0,0.0,0.0,107,0,2.0,0.0,38,100,92,38,1,92,0,18,38,93,1,0,Normal,0
1.024676,udp,dns,S0,2,0,86.0,0.0,1.951836482946805,0,0,671.4317501337008,0.0,0,0,0.0,0.0,0.0,0.0,0,0,0,0,0.0,0.0,0.0,43,0,,,2,15,2,2,2,2,0,17,38,2,2,0,Normal,0
0.029303,tcp,http,SH,13,0,1597.0,0.0,443.6405828754735,0,0,435996.3143705423,0.0,0,0,0.0,0.0,0.0,0.0,0,0,0,0,0.0,0.0,0.0,122,0,2.0,0.0,39,100,91,39,1,91,0,17,39,92,1,0,Normal,0
0.045793,tcp,ftp,SH,13,0,99.0,0.0,283.88618347782415,0,0,17295.219793418208,0.0,0,0,0.0,0.0,0.0,0.0,0,0,0,0,0.0,0.0,0.0,7,0,,,18,100,91,18,1,91,1,18,39,92,1,0,Normal,0
0.007903,tcp,,SH,30,0,34230.0,0.0,3796.026825256232,0,0,34650132.860938884,0.0,0,0,0.0,0.0,0.0,0.0,0,0,0,0,0.0,0.0,0.0,1141,0,,,1,100,91,1,1,91,0,18,38,92,1,0,Normal,0
0.006336,tcp,,SH,16,2,0.0,19631.0,2840.909090909091,0,0,0.0,24786616.16161616,0,0,0.0,0.0,0.0,0.0,0,0,0,0,0.0,0.0,0.0,0,9815,,,1,100,91,1,1,91,0,18,37,92,1,0,Normal,0
0.029439,tcp,http,SH,13,0,1627.0,0.0,441.5910866537586,0,0,442134.583375794,0.0,0,0,0.0,0.0,0.0,0.0,0,0,0,0,0.0,0.0,0.0,125,0,2.0,0.0,37,100,91,37,1,91,0,18,37,92,1,0,Normal,0
3.071963,udp,,S0,4,0,680.0,0.0,1.3020990161665358,0,0,1770.8546619864887,0.0,0,0,0.0,0.0,0.0,0.0,0,0,0,0,0.0,0.0,0.0,170,0,,,4,16,7,4,1,6,0,18,36,6,1,0,Normal,0
0.034947,tcp,http,SH,13,0,1392.0,0.0,371.991873408304,0,0,318653.96171345183,0.0,0,0,0.0,0.0,0.0,0.0,0,0,0,0,0.0,0.0,0.0,107,0,2.0,0.0,37,100,90,37,1,90,0,17,37,91,1,0,Normal,0
0.035697,tcp,http,SH,13,0,1627.0,0.0,364.1762613104743,0,0,364624.4782474718,0.0,0,0,0.0,0.0,0.0,0.0,0,0,0,0,0.0,0.0,0.0,125,0,2.0,0.0,38,100,90,38,1,90,0,17,38,91,1,0,Normal,0
0.041281,tcp,ftp,SH,13,1,99.0,0.0,339.1390712434292,0,0,19185.58174462828,0.0,0,0,0.0,0.0,0.0,0.0,0,0,0,0,0.0,0.0,0.0,7,0,,,18,100,90,18,1,90,1,18,38,91,1,0,Normal,0
0.013952,tcp,,SH,71,0,91282.0,0.0,5088.876146788991,0,0,52340596.33027522,0.0,0,0,0.0,0.0,0.0,0.0,0,0,0,0,0.0,0.0,0.0,1285,0,,,1,100,90,1,1,90,0,18,37,91,1,0,Normal,0
0.005273,tcp,,SH,35,5,0.0,76683.0,7585.814526834819,0,0,0.0,116340603.07225488,0,0,0.0,0.0,0.0,0.0,0,0,0,0,0.0,0.0,0.0,0,15336,,,1,100,90,1,1,90,0,18,36,91,1,0,Normal,0
0.025676,tcp,http,SH,13,0,1392.0,0.0,506.30939398660223,0,0,433712.4162642156,0.0,0,0,0.0,0.0,0.0,0.0,0,0,0,0,0.0,0.0,0.0,107,0,2.0,0.0,37,100,90,37,1,90,0,17,37,91,1,0,Normal,0
0.050211,tcp,ftp,SH,13,1,99.0,0.0,278.8233653980204,0,0,15773.436099659437,0.0,0,0,0.0,0.0,0.0,0.0,0,0,0,0,0.0,0.0,0.0,7,0,,,18,100,90,18,1,90,1,18,37,91,1,0,Normal,0
0.018158,tcp,,SH,72,0,92319.0,0.0,3965.194404670118,0,0,40673642.471637845,0.0,0,0,0.0,0.0,0.0,0.0,0,0,0,0,0.0,0.0,0.0,1282,0,,,1,100,90,1,1,90,0,18,37,91,1,0,Normal,0
0.006077,tcp,,SF,35,6,0.0,71879.0,6746.75004113872,0,0,0.0,94624321.21112391,0,0,0.0,0.0,0.0,0.0,0,0,0,0,0.0,0.0,0.0,0,11979,,,1,8,90,1,1,90,0,18,36,91,1,0,Normal,0
0.039975,tcp,http,SH,13,0,1597.0,0.0,325.2032520325204,0,0,319599.7498436523,0.0,0,0,0.0,0.0,0.0,0.0,0,0,0,0,0.0,0.0,0.0,122,0,2.0,0.0,36,100,90,36,1,90,0,18,36,91,1,0,Normal,0
0.027203,tcp,http,SH,13,0,1597.0,0.0,477.8884681836562,0,0,469654.0822703378,0.0,0,0,0.0,0.0,0.0,0.0,0,0,0,0,0.0,0.0,0.0,122,0,2.0,0.0,37,100,90,37,1,90,0,17,37,91,1,0,Normal,0
0.0,udp,dns,S0,1,0,0.0,0.0,0.0,0,0,0.0,0.0,0,0,0.0,0.0,0.0,0.0,0,0,0,0,0.0,0.0,0.0,0,0,,,1,17,2,1,1,1,0,17,37,3,1,0,Normal,0
0.0,udp,dns,S0,2,0,0.0,0.0,0.0,0,0,0.0,0.0,0,0,0.0,0.0,0.0,0.0,0,0,0,0,0.0,0.0,0.0,0,0,,,3,18,3,3,3,3,0,17,37,4,3,0,Normal,0
0.041338,tcp,ftp,SH,13,1,99.0,0.0,338.67144032125407,0,0,19159.127195316654,0.0,0,0,0.0,0.0,0.0,0.0,0,0,0,0,0.0,0.0,0.0,7,0,,,18,100,88,18,1,88,1,18,36,89,1,0,Normal,0
0.011278,tcp,,SH,65,0,81946.0,0.0,5763.433232842703,0,0,58128036.88597269,0.0,0,0,0.0,0.0,0.0,0.0,0,0,0,0,0.0,0.0,0.0,1260,0,,,1,100,88,1,1,88,0,17,36,89,1,0,Normal,0
0.00697,tcp,,SH,32,5,0.0,67347.0,5308.464849354376,0,0,0.0,77299282.63988523,0,0,0.0,0.0,0.0,0.0,0,0,0,0,0.0,0.0,0.0,0,13469,,,1,100,88,1,1,88,0,17,36,89,1,0,Normal,0
0.032456,tcp,http,SH,13,0,1627.0,0.0,400.54227261523295,0,0,401035.24771999015,0.0,0,0,0.0,0.0,0.0,0.0,0,0,0,0,0.0,0.0,0.0,125,0,2.0,0.0,37,100,88,37,1,88,0,17,37,89,1,0,Normal,0
0.032377,tcp,http,SH,13,0,1597.0,0.0,401.5195972449578,0,0,394601.1057231985,0.0,0,0,0.0,0.0,0.0,0.0,0,0,0,0,0.0,0.0,0.0,122,0,2.0,0.0,37,100,88,37,1,88,0,17,37,89,1,0,Normal,0
0.040224,tcp,ftp,SH,13,0,99.0,0.0,323.1901352426412,0,0,19689.737470167063,0.0,0,0,0.0,0.0,0.0,0.0,0,0,0,0,0.0,0.0,0.0,7,0,,,18,100,89,18,1,89,1,18,37,90,1,0,Normal,0
0.012325,tcp,,SH,45,0,54976.0,0.0,3651.115618661258,0,0,35684219.06693712,0.0,0,0,0.0,0.0,0.0,0.0,0,0,0,0,0.0,0.0,0.0,1221,0,,,1,100,90,1,1,90,0,18,37,91,1,0,Normal,0
0.004496,tcp,,SH,22,3,0.0,34537.0,5560.498220640569,0,0,0.0,61453736.65480427,0,0,0.0,0.0,0.0,0.0,0,0,0,0,0.0,0.0,0.0,0,11512,,,1,100,90,1,1,90,0,17,37,91,1,0,Normal,0
0.024581,tcp,http,SH,13,0,1627.0,0.0,528.8637565599447,0,0,529514.6657987877,0.0,0,0,0.0,0.0,0.0,0.0,0,0,0,0,0.0,0.0,0.0,125,0,2.0,0.0,38,100,90,38,1,90,0,17,38,91,1,0,Normal,0
0.024533,tcp,http,SH,13,0,1392.0,0.0,529.8985040557617,0,0,453919.2108588432,0.0,0,0,0.0,0.0,0.0,0.0,0,0,0,0,0.0,0.0,0.0,107,0,2.0,0.0,39,100,90,39,1,90,0,17,39,91,1,0,Normal,0
3.071951,udp,,S0,4,0,680.0,0.0,1.3021041025719486,0,0,1770.8615794978502,0.0,0,0,0.0,0.0,0.0,0.0,0,0,0,0,0.0,0.0,0.0,170,0,,,4,19,7,4,1,6,0,17,38,6,1,0,Normal,0
0.043128,tcp,http,SH,13,0,1392.0,0.0,301.42830643665366,0,0,258208.1246521981,0.0,0,0,0.0,0.0,0.0,0.0,0,0,0,0,0.0,0.0,0.0,107,0,2.0,0.0,38,100,89,38,1,89,0,17,38,90,1,0,Normal,0
0.047617,tcp,ftp,SH,13,0,99.0,0.0,273.0117395047987,0,0,16632.715206753892,0.0,0,0,0.0,0.0,0.0,0.0,0,0,0,0,0.0,0.0,0.0,7,0,,,17,100,89,17,1,89,1,17,38,90,1,0,Normal,0
0.005704,tcp,,SH,11,0,9335.0,0.0,1928.4712482468444,0,0,13092566.619915849,0.0,0,0,0.0,0.0,0.0,0.0,0,0,0,0,0.0,0.0,0.0,848,0,,,1,100,89,1,1,89,0,17,38,90,1,0,Normal,0
0.010238,tcp,,SH,7,1,0.0,0.0,781.4026176987693,0,0,0.0,0.0,0,0,0.0,0.0,0.0,0.0,0,0,0,0,0.0,0.0,0.0,0,0,,,1,100,89,1,1,89,0,17,38,90,1,0,Normal,0
0.029763,tcp,http,SH,13,0,1597.0,0.0,436.7839263515103,0,0,429257.8033128381,0.0,0,0,0.0,0.0,0.0,0.0,0,0,0,0,0.0,0.0,0.0,122,0,2.0,0.0,38,100,89,38,1,89,0,17,38,90,1,0,Normal,0
0.041128,tcp,ftp,SH,13,0,99.0,0.0,316.08636452052133,0,0,19256.953900019453,0.0,0,0,0.0,0.0,0.0,0.0,0,0,0,0,0.0,0.0,0.0,7,0,,,18,100,90,18,1,90,1,18,38,91,1,0,Normal,0
0.014171,tcp,,SH,45,0,54976.0,0.0,3175.499259050173,0,0,31035777.291651968,0.0,0,0,0.0,0.0,0.0,0.0,0,0,0,0,0.0,0.0,0.0,1221,0,,,1,100,90,1,1,90,0,18,37,91,1,0,Normal,0
0.005035,tcp,,SH,22,3,0.0,34537.0,4965.243296921549,0,0,0.0,54875074.47864945,0,0,0.0,0.0,0.0,0.0,0,0,0,0,0.0,0.0,0.0,0,11512,,,1,100,90,1,1,90,0,17,37,91,1,0,Normal,0
0.037145,tcp,http,SH,13,0,1627.0,0.0,349.9798088571813,0,0,350410.55323731323,0.0,0,0,0.0,0.0,0.0,0.0,0,0,0,0,0.0,0.0,0.0,125,0,2.0,0.0,38,100,90,38,1,90,0,17,38,91,1,0,Normal,0
0.03555,tcp,http,SH,13,0,1597.0,0.0,365.6821378340366,0,0,359381.15330520394,0.0,0,0,0.0,0.0,0.0,0.0,0,0,0,0,0.0,0.0,0.0,122,0,2.0,0.0,39,100,90,39,1,90,0,17,39,91,1,0,Normal,0
0.050948,tcp,ftp,SH,13,1,99.0,0.0,274.7899819423726,0,0,15545.26183559708,0.0,0,0,0.0,0.0,0.0,0.0,0,0,0,0,0.0,0.0,0.0,7,0,,,18,100,90,18,1,90,1,18,38,91,1,0,Normal,0
0.015645,tcp,,SH,13,0,11410.0,0.0,830.9364014062002,0,0,5834451.901565996,0.0,0,0,0.0,0.0,0.0,0.0,0,0,0,0,0.0,0.0,0.0,877,0,,,1,100,90,1,1,90,0,18,37,91,1,0,Normal,0
0.007062,tcp,,SH,8,1,0.0,0.0,1274.4265080713678,0,0,0.0,0.0,0,0,0.0,0.0,0.0,0.0,0,0,0,0,0.0,0.0,0.0,0,0,,,1,100,90,1,1,90,0,17,37,91,1,0,Normal,0
0.022834,tcp,http,SH,13,0,1627.0,0.0,569.3264430235613,0,0,570027.152491898,0.0,0,0,0.0,0.0,0.0,0.0,0,0,0,0,0.0,0.0,0.0,125,0,2.0,0.0,38,100,90,38,1,90,0,17,38,91,1,0,Normal,0
0.028506,tcp,http,SH,13,0,1392.0,0.0,456.04434154213146,0,0,390654.5990317828,0.0,0,0,0.0,0.0,0.0,0.0,0,0,0,0,0.0,0.0,0.0,107,0,2.0,0.0,39,100,90,39,1,90,0,17,39,91,1,0,Normal,0
0.045843,tcp,ftp,SH,13,0,99.0,0.0,283.57655476299544,0,0,17276.356259407105,0.0,0,0,0.0,0.0,0.0,0.0,0,0,0,0,0.0,0.0,0.0,7,0,,,18,100,90,18,1,90,1,18,38,91,1,0,Normal,0
0.017999,tcp,,SH,72,0,92319.0,0.0,4000.222234568587,0,0,41032946.27479304,0.0,0,0,0.0,0.0,0.0,0.0,0,0,0,0,0.0,0.0,0.0,1282,0,,,1,100,90,1,1,90,0,18,37,91,1,0,Normal,0
0.005845,tcp,,SH,36,5,0.0,77720.0,7014.542343883661,0,0,0.0,106374679.21300256,0,0,0.0,0.0,0.0,0.0,0,0,0,0,0.0,0.0,0.0,0,15544,,,1,100,90,1,1,90,0,17,37,91,1,0,Normal,0
0.032959,tcp,http,SH,13,0,1392.0,0.0,394.4294426408568,0,0,337874.3287114293,0.0,0,0,0.0,0.0,0.0,0.0,0,0,0,0,0.0,0.0,0.0,107,0,2.0,0.0,38,100,90,38,1,90,0,17,38,91,1,0,Normal,0
0.017641,tcp,http,SH,13,0,1392.0,0.0,736.9196757553426,0,0,631256.7314778074,0.0,0,0,0.0,0.0,0.0,0.0,0,0,0,0,0.0,0.0,0.0,107,0,2.0,0.0,39,100,90,39,1,90,0,17,39,91,1,0,Normal,0
0.054188,tcp,ftp,SH,13,0,99.0,0.0,239.90551413597103,0,0,14615.782091976083,0.0,0,0,0.0,0.0,0.0,0.0,0,0,0,0,0.0,0.0,0.0,7,0,,,18,100,91,18,1,91,1,18,39,92,1,0,Normal,0
0.008029,tcp,,SH,26,0,29044.0,0.0,3238.261302777432,0,0,28939095.77780545,0.0,0,0,0.0,0.0,0.0,0.0,0,0,0,0,0.0,0.0,0.0,1117,0,,,1,100,91,1,1,91,0,18,38,92,1,0,Normal,0
0.009983,tcp,,SH,14,2,0.0,14445.0,1602.724631874186,0,0,0.0,11575678.653711308,0,0,0.0,0.0,0.0,0.0,0,0,0,0,0.0,0.0,0.0,0,7222,,,1,100,91,1,1,91,0,17,38,92,1,0,Normal,0
0.021769,tcp,http,SH,13,0,1597.0,0.0,597.1794754007993,0,0,586889.6136708163,0.0,0,0,0.0,0.0,0.0,0.0,0,0,0,0,0.0,0.0,0.0,122,0,2.0,0.0,39,100,91,39,1,91,0,17,39,92,1,0,Normal,0
0.045342,tcp,ftp,SH,13,1,99.0,0.0,308.7645009042389,0,0,17467.248908296944,0.0,0,0,0.0,0.0,0.0,0.0,0,0,0,0,0.0,0.0,0.0,7,0,,,18,100,91,18,1,91,1,18,39,92,1,0,Normal,0
0.007264,tcp,,SH,30,0,34230.0,0.0,4129.955947136564,0,0,37698237.88546256,0.0,0,0,0.0,0.0,0.0,0.0,0,0,0,0,0.0,0.0,0.0,1141,0,,,1,100,91,1,1,91,0,18,38,92,1,0,Normal,0
0.007898,tcp,,SH,15,2,0.0,13791.0,2152.4436566219297,0,0,0.0,13969106.102810835,0,0,0.0,0.0,0.0,0.0,0,0,0,0,0.0,0.0,0.0,0,6895,,,1,100,92,1,1,92,0,18,38,92,1,0,Normal,0
3.072642,udp,,S0,4,0,680.0,0.0,1.301811275117635,0,0,1770.463334159983,0.0,0,0,0.0,0.0,0.0,0.0,0,0,0,0,0.0,0.0,0.0,170,0,,,4,20,6,4,1,6,0,18,37,6,1,0,Normal,0
0.033811,tcp,http,SH,13,0,1597.0,0.0,384.4902546508533,0,0,377865.19180148473,0.0,0,0,0.0,0.0,0.0,0.0,0,0,0,0,0.0,0.0,0.0,122,0,2.0,0.0,37,100,91,37,1,91,0,18,37,91,1,0,Normal,0
0.02928,tcp,http,SH,13,0,1392.0,0.0,443.9890710382514,0,0,380327.868852459,0.0,0,0,0.0,0.0,0.0,0.0,0,0,0,0,0.0,0.0,0.0,107,0,2.0,0.0,38,100,91,38,1,91,0,17,38,91,1,0,Normal,0
0.053634,tcp,ftp,SH,13,1,99.0,0.0,261.028452101279,0,0,14766.752433158072,0.0,0,0,0.0,0.0,0.0,0.0,0,0,0,0,0.0,0.0,0.0,7,0,,,18,100,91,18,1,91,1,18,38,91,1,0,Normal,0
0.015964,tcp,,SH,82,0,105804.0,0.0,5136.557253821098,0,0,53021297.92032073,0.0,0,0,0.0,0.0,0.0,0.0,0,0,0,0,0.0,0.0,0.0,1290,0,,,1,100,91,1,1,91,0,18,38,91,1,0,Normal,0
0.009647,tcp,,SF,40,7,0.0,85364.0,4871.9809267129685,0,0,0.0,70790090.18347673,0,0,0.0,0.0,0.0,0.0,0,0,0,0,0.0,0.0,0.0,0,12194,,,1,9,91,1,1,91,0,18,37,91,1,0,Normal,0
0.019573,tcp,http,SH,13,0,1597.0,0.0,664.1802483012312,0,0,652735.9117151177,0.0,0,0,0.0,0.0,0.0,0.0,0,0,0,0,0.0,0.0,0.0,122,0,2.0,0.0,37,100,91,37,1,91,0,18,37,91,1,0,Normal,0
0.023986,tcp,http,SH,13,0,1392.0,0.0,541.9828233135996,0,0,464270.8246477112,0.0,0,0,0.0,0.0,0.0,0.0,0,0,0,0,0.0,0.0,0.0,107,0,2.0,0.0,37,100,91,37,1,91,0,18,37,91,1,0,Normal,0
0.041791,tcp,ftp,SH,13,0,99.0,0.0,311.071761862602,0,0,18951.448876552367,0.0,0,0,0.0,0.0,0.0,0.0,0,0,0,0,0.0,0.0,0.0,7,0,,,18,100,91,18,2,91,1,18,37,91,2,0,Normal,0
0.008158,tcp,,SH,37,0,44603.0,0.0,4535.425349350331,0,0,43739151.7528806,0.0,0,0,0.0,0.0,0.0,0.0,0,0,0,0,0.0,0.0,0.0,1205,0,,,1,100,91,1,2,91,0,18,37,91,2,0,Normal,0
0.010199,tcp,,SH,19,3,0.0,24164.0,2157.0742229630355,0,0,0.0,18954015.09951956,0,0,0.0,0.0,0.0,0.0,0,0,0,0,0.0,0.0,0.0,0,8054,,,1,100,91,1,2,91,0,18,37,91,2,0,Normal,0
0.035942,tcp,http,SH,13,0,1597.0,0.0,361.6938400756775,0,0,355461.5769851427,0.0,0,0,0.0,0.0,0.0,0.0,0,0,0,0,0.0,0.0,0.0,122,0,2.0,0.0,37,100,91,37,1,91,0,18,37,91,1,0,Normal,0
1.028944,udp,dns,S0,2,0,86.0,0.0,1.9437403784851264,0,0,668.6466901988834,0.0,0,0,0.0,0.0,0.0,0.0,0,0,0,0,0.0,0.0,0.0,43,0,,,3,21,3,3,3,3,0,18,36,4,3,0,Normal,0
0.038722,tcp,ftp,SH,13,0,99.0,0.0,335.7264604101028,0,0,20453.48897267703,0.0,0,0,0.0,0.0,0.0,0.0,0,0,0,0,0.0,0.0,0.0,7,0,,,19,100,91,19,1,91,1,19,36,91,1,0,Normal,0
0.007737,tcp,,SH,17,0,17634.0,0.0,2197.234070052992,0,0,18233423.8076774,0.0,0,0,0.0,0.0,0.0,0.0,0,0,0,0,0.0,0.0,0.0,1037,0,,,1,100,91,1,1,91,0,19,35,91,1,0,Normal,0
0.006251,tcp,,SH,10,1,0.0,0.0,1759.7184450487923,0,0,0.0,0.0,0,0,0.0,0.0,0.0,0.0,0,0,0,0,0.0,0.0,0.0,0,0,,,1,100,91,1,1,91,0,18,35,91,1,0,Normal,0
0.034853,tcp,http,SH,13,0,1597.0,0.0,372.9951510630361,0,0,366568.1576908731,0.0,0,0,0.0,0.0,0.0,0.0,0,0,0,0,0.0,0.0,0.0,122,0,2.0,0.0,36,100,91,36,1,91,0,18,36,91,1,0,Normal,0
0.041768,tcp,http,SH,13,0,1597.0,0.0,311.2430568856541,0,0,305880.09959777823,0.0,0,0,0.0,0.0,0.0,0.0,0,0,0,0,0.0,0.0,0.0,122,0,2.0,0.0,37,100,91,37,1,91,0,18,37,91,1,0,Normal,0
0.046961,tcp,ftp,SH,13,1,99.0,0.0,298.11971636038413,0,0,16865.058239816015,0.0,0,0,0.0,0.0,0.0,0.0,0,0,0,0,0.0,0.0,0.0,7,0,,,19,100,91,19,1,91,1,19,36,91,1,0,Normal,0
0.013357,tcp,,SH,47,0,58088.0,0.0,3518.7542112749866,0,0,34791045.89353897,0.0,0,0,0.0,0.0,0.0,0.0,0,0,0,0,0.0,0.0,0.0,1235,0,,,1,100,92,1,1,92,0,19,36,92,1,0,Normal,0
0.009528,tcp,,SH,24,3,0.0,37649.0,2833.753148614609,0,0,0.0,31611251.049538203,0,0,0.0,0.0,0.0,0.0,0,0,0,0,0.0,0.0,0.0,0,12549,,,1,100,92,1,1,92,0,18,36,92,1,0,Normal,0
0.02429,tcp,http,SH,13,0,1627.0,0.0,535.1996706463566,0,0,535858.3779333059,0.0,0,0,0.0,0.0,0.0,0.0,0,0,0,0,0.0,0.0,0.0,125,0,2.0,0.0,37,100,92,37,2,92,0,18,37,92,2,0,Normal,0
0.084672,tcp,ftp,SH,13,0,99.0,0.0,153.53363567649282,0,0,9353.74149659864,0.0,0,0,0.0,0.0,0.0,0.0,0,0,0,0,0.0,0.0,0.0,7,0,,,19,100,92,19,1,92,1,19,37,92,1,0,Normal,0
0.034447,tcp,,SH,82,0,105804.0,0.0,2380.46854588208,0,0,24572009.173512936,0.0,0,0,0.0,0.0,0.0,0.0,0,0,0,0,0.0,0.0,0.0,1290,0,,,1,100,92,1,1,92,0,19,36,92,1,0,Normal,0
0.006496,tcp,,SH,40,6,0.0,85365.0,7081.28078817734,0,0,0.0,105129310.3448276,0,0,0.0,0.0,0.0,0.0,0,0,0,0,0.0,0.0,0.0,0,14227,,,1,100,92,1,1,92,0,19,35,92,1,0,Normal,0
0.016489,tcp,http,SH,13,0,1627.0,0.0,788.4043908059919,0,0,789374.7346715992,0.0,0,0,0.0,0.0,0.0,0.0,0,0,0,0,0.0,0.0,0.0,125,0,2.0,0.0,36,100,92,36,1,92,0,18,36,92,1,0,Normal,0
0.03107,tcp,http,SH,13,0,1597.0,0.0,418.41004184100416,0,0,411200.5149662053,0.0,0,0,0.0,0.0,0.0,0.0,0,0,0,0,0.0,0.0,0.0,122,0,2.0,0.0,37,100,92,37,1,92,0,18,37,92,1,0,Normal,0
0.035817,tcp,http,SH,13,0,1597.0,0.0,362.9561381466901,0,0,356702.12468939327,0.0,0,0,0.0,0.0,0.0,0.0,0,0,0,0,0.0,0.0,0.0,122,0,2.0,0.0,38,100,92,38,1,92,0,18,38,92,1,0,Normal,0
0.040371,tcp,ftp,SH,13,1,99.0,0.0,346.7835822744049,0,0,19618.04265438062,0.0,0,0,0.0,0.0,0.0,0.0,0,0,0,0,0.0,0.0,0.0,7,0,,,19,100,92,19,1,92,1,19,37,92,1,0,Normal,0
0.007167,tcp,,SH,12,0,10372.0,0.0,1674.3407283382169,0,0,11577508.022882655,0.0,0,0,0.0,0.0,0.0,0.0,0,0,0,0,0.0,0.0,0.0,864,0,,,1,100,92,1,1,92,0,19,36,92,1,0,Normal,0
0.00747,tcp,,SH,8,1,0.0,0.0,1204.8192771084337,0,0,0.0,0.0,0,0,0.0,0.0,0.0,0.0,0,0,0,0,0.0,0.0,0.0,0,0,,,1,100,92,1,1,92,0,19,35,92,1,0,Normal,0
2.959388,udp,,S0,4,0,680.0,0.0,1.3516308101539911,0,0,1838.217901809428,0.0,0,0,0.0,0.0,0.0,0.0,0,0,0,0,0.0,0.0,0.0,170,0,,,4,22,5,4,1,5,0,18,35,5,1,0,Normal,0
0.030125,tcp,http,SH,13,0,1392.0,0.0,431.5352697095436,0,0,369659.7510373444,0.0,0,0,0.0,0.0,0.0,0.0,0,0,0,0,0.0,0.0,0.0,107,0,2.0,0.0,36,100,91,36,1,91,0,18,36,91,1,0,Normal,0
0.027542,tcp,ftp,SH,13,0,99.0,0.0,472.0063902403602,0,0,28756.08162079733,0.0,0,0,0.0,0.0,0.0,0.0,0,0,0,0,0.0,0.0,0.0,7,0,,,19,100,91,19,1,91,1,19,36,91,1,0,Normal,0
0.005299,tcp,,SH,15,0,14522.0,0.0,2830.7227778826195,0,0,21924136.629552748,0.0,0,0,0.0,0.0,0.0,0.0,0,0,0,0,0.0,0.0,0.0,968,0,,,1,100,91,1,1,91,0,19,35,91,1,0,Normal,0
0.002936,tcp,,SH,9,1,0.0,0.0,3405.9945504087195,0,0,0.0,0.0,0,0,0.0,0.0,0.0,0.0,0,0,0,0,0.0,0.0,0.0,0,0,,,1,100,91,1,1,91,0,19,34,91,1,0,Normal,0
7.243339,udp,,S0,7,0,4592.0,0.0,0.9664051344276444,0,0,5071.694145476278,0.0,0,0,0.0,0.0,0.0,0.0,0,0,0,0,0.0,0.0,0.0,656,0,,,1,23,6,1,1,1,0,19,33,91,1,0,Normal,0
0.037737,tcp,http,SH,13,0,1392.0,0.0,344.4894930704614,0,0,295094.9996025121,0.0,0,0,0.0,0.0,0.0,0.0,0,0,0,0,0.0,0.0,0.0,107,0,2.0,0.0,34,100,90,34,1,90,0,18,34,91,1,0,Normal,0
0.031353,tcp,http,SH,13,0,1392.0,0.0,414.6333684176953,0,0,355181.3223614965,0.0,0,0,0.0,0.0,0.0,0.0,0,0,0,0,0.0,0.0,0.0,107,0,2.0,0.0,35,100,90,35,1,90,0,18,35,91,1,0,Normal,0
0.024976,tcp,http,SH,13,0,1392.0,0.0,520.4996796925047,0,0,445868.0333119795,0.0,0,0,0.0,0.0,0.0,0.0,0,0,0,0,0.0,0.0,0.0,107,0,2.0,0.0,36,100,90,36,1,90,0,18,36,91,1,0,Normal,0
0.046434,tcp,ftp,SH,13,0,99.0,0.0,279.9672653658957,0,0,17056.46724382995,0.0,0,0,0.0,0.0,0.0,0.0,0,0,0,0,0.0,0.0,0.0,7,0,,,19,100,91,19,1,91,1,19,36,92,1,0,Normal,0
0.014802,tcp,,SH,77,0,98543.0,0.0,5201.9997297662485,0,0,53259289.28523173,0.0,0,0,0.0,0.0,0.0,0.0,0,0,0,0,0.0,0.0,0.0,1279,0,,,1,100,91,1,1,91,0,19,35,92,1,0,Normal,0
0.009271,tcp,,SH,37,2,0.0,78104.0,4206.665947578471,0,0,0.0,67396397.36813721,0,0,0.0,0.0,0.0,0.0,0,0,0,0,0.0,0.0,0.0,0,39052,,,1,100,92,1,1,92,0,19,35,93,1,0,Normal,0
0.033739,tcp,http,SH,13,0,1597.0,0.0,385.3107679539999,0,0,378671.567029254,0.0,0,0,0.0,0.0,0.0,0.0,0,0,0,0,0.0,0.0,0.0,122,0,2.0,0.0,35,100,92,35,1,92,0,19,35,93,1,0,Normal,0
0.0428,tcp,ftp,SH,13,1,99.0,0.0,327.1028037383178,0,0,18504.672897196266,0.0,0,0,0.0,0.0,0.0,0.0,0,0,0,0,0.0,0.0,0.0,7,0,,,19,100,92,19,1,92,1,19,35,93,1,0,Normal,0
0.013533,tcp,,SH,51,0,64312.0,0.0,3768.5657282199063,0,0,38017882.21384763,0.0,0,0,0.0,0.0,0.0,0.0,0,0,0,0,0.0,0.0,0.0,1261,0,,,1,100,92,1,1,92,0,19,35,93,1,0,Normal,0
0.007804,tcp,,SH,26,4,0.0,43873.0,3844.182470527934,0,0,0.0,44974884.67452589,0,0,0.0,0.0,0.0,0.0,0,0,0,0,0.0,0.0,0.0,0,10968,,,1,100,92,1,1,92,0,19,35,93,1,0,Normal,0
0.019908,tcp,http,SH,13,0,1392.0,0.0,653.0038175607797,0,0,559373.1163351417,0.0,0,0,0.0,0.0,0.0,0.0,0,0,0,0,0.0,0.0,0.0,107,0,2.0,0.0,35,100,92,35,2,92,0,19,35,93,2,0,Normal,0
0.030142,tcp,http,SH,13,0,1597.0,0.0,431.2918850773008,0,0,423860.3941344304,0.0,0,0,0.0,0.0,0.0,0.0,0,0,0,0,0.0,0.0,0.0,122,0,2.0,0.0,36,100,93,36,1,93,0,19,36,94,1,0,Normal,0
7.676931,udp,,S0,6,0,3936.0,0.0,0.781562319630071,0,0,4101.639053418612,0.0,0,0,0.0,0.0,0.0,0.0,0,0,0,0,0.0,0.0,0.0,656,0,,,1,24,5,1,1,4,0,19,35,4,1,0,Normal,0
0.034169,tcp,http,SH,13,0,1597.0,0.0,380.461822119465,0,0,373906.17226140655,0.0,0,0,0.0,0.0,0.0,0.0,0,0,0,0,0.0,0.0,0.0,122,0,2.0,0.0,35,100,92,35,1,92,0,19,35,93,1,0,Normal,0
0.054249,tcp,ftp,SH,13,0,99.0,0.0,239.63575365444524,0,0,14599.34745340928,0.0,0,0,0.0,0.0,0.0,0.0,0,0,0,0,0.0,0.0,0.0,7,0,,,19,100,92,19,1,92,1,19,35,93,1,0,Normal,0
0.020725,tcp,,SH,74,0,95431.0,0.0,3570.566948130277,0,0,36837056.69481303,0.0,0,0,0.0,0.0,0.0,0.0,0,0,0,0,0.0,0.0,0.0,1289,0,,,1,100,92,1,1,92,0,19,35,93,1,0,Normal,0
0.006368,tcp,,SF,36,6,0.0,80831.0,6595.477386934673,0,0,0.0,101546482.41206028,0,0,0.0,0.0,0.0,0.0,0,0,0,0,0.0,0.0,0.0,0,13471,,,1,10,92,1,1,92,0,19,35,93,1,0,Normal,0
2.970887,udp,,S0,4,0,680.0,0.0,1.3463992403615486,0,0,1831.1029668917065,0.0,0,0,0.0,0.0,0.0,0.0,0,0,0,0,0.0,0.0,0.0,170,0,,,4,25,6,4,1,5,0,19,34,5,1,0,Normal,0
0.026984,tcp,http,SH,13,0,1627.0,0.0,481.7669730210495,0,0,482359.9169878446,0.0,0,0,0.0,0.0,0.0,0.0,0,0,0,0,0.0,0.0,0.0,125,0,2.0,0.0,35,100,91,35,1,91,0,18,35,92,1,0,Normal,0
0.029019,tcp,http,SH,13,0,1597.0,0.0,447.9823563871946,0,0,440263.2757848306,0.0,0,0,0.0,0.0,0.0,0.0,0,0,0,0,0.0,0.0,0.0,122,0,2.0,0.0,36,100,91,36,1,91,0,18,36,92,1,0,Normal,0
0.028193,tcp,ftp,SH,13,1,99.0,0.0,496.5771645443905,0,0,28092.07959422552,0.0,0,0,0.0,0.0,0.0,0.0,0,0,0,0,0.0,0.0,0.0,7,0,,,19,100,91,19,1,91,1,19,36,92,1,0,Normal,0
0.003909,tcp,,SH,21,0,22820.0,0.0,5372.217958557176,0,0,46702481.45305704,0.0,0,0,0.0,0.0,0.0,0.0,0,0,0,0,0.0,0.0,0.0,1086,0,,,1,100,91,1,1,91,0,19,35,92,1,0,Normal,0
0.00678,tcp,,SH,12,1,0.0,0.0,1917.4041297935105,0,0,0.0,0.0,0,0,0.0,0.0,0.0,0.0,0,0,0,0,0.0,0.0,0.0,0,0,,,1,100,91,1,1,91,0,19,34,92,1,0,Normal,0
0.031797,tcp,http,SH,13,0,1392.0,0.0,408.84360159763503,0,0,350221.7190300972,0.0,0,0,0.0,0.0,0.0,0.0,0,0,0,0,0.0,0.0,0.0,107,0,2.0,0.0,35,100,92,35,2,92,0,19,35,93,2,0,Normal,0
0.026085,tcp,http,SH,13,0,1627.0,0.0,498.37071113666855,0,0,498984.0904734522,0.0,0,0,0.0,0.0,0.0,0.0,0,0,0,0,0.0,0.0,0.0,125,0,2.0,0.0,36,100,93,36,1,93,0,19,36,94,1,0,Normal,0
0.043668,tcp,ftp,SH,13,1,99.0,0.0,320.6008976825135,0,0,18136.850783182195,0.0,0,0,0.0,0.0,0.0,0.0,0,0,0,0,0.0,0.0,0.0,7,0,,,19,100,93,19,1,93,1,19,36,94,1,0,Normal,0
0.011215,tcp,,SH,68,0,86095.0,0.0,6063.308069549711,0,0,61414177.44092733,0.0,0,0,0.0,0.0,0.0,0.0,0,0,0,0,0.0,0.0,0.0,1266,0,,,1,100,93,1,1,93,0,19,36,94,1,0,Normal,0
0.005316,tcp,,SH,33,4,0.0,53976.0,6960.120391271632,0,0,0.0,81227990.97065462,0,0,0.0,0.0,0.0,0.0,0,0,0,0,0.0,0.0,0.0,0,13494,,,1,100,93,1,1,93,0,19,36,94,1,0,Normal,0
0.033583,tcp,http,SH,13,0,1627.0,0.0,387.1006163832892,0,0,387577.0479111455,0.0,0,0,0.0,0.0,0.0,0.0,0,0,0,0,0.0,0.0,0.0,125,0,2.0,0.0,36,100,93,36,1,93,0,19,36,94,1,0,Normal,0
0.047921,tcp,ftp,SH,13,0,99.0,0.0,271.2798146950189,0,0,16527.20101834269,0.0,0,0,0.0,0.0,0.0,0.0,0,0,0,0,0.0,0.0,0.0,7,0,,,20,100,93,20,1,93,1,20,35,94,1,0,Normal,0
0.013105,tcp,,SH,68,0,87133.0,0.0,5188.859214040443,0,0,53190690.57611599,0.0,0,0,0.0,0.0,0.0,0.0,0,0,0,0,0.0,0.0,0.0,1281,0,,,1,100,93,1,1,93,0,19,35,94,1,0,Normal,0
0.006198,tcp,,SH,34,5,0.0,72534.0,6292.352371732816,0,0,0.0,93622458.85769604,0,0,0.0,0.0,0.0,0.0,0,0,0,0,0.0,0.0,0.0,0,14506,,,1,100,93,1,1,93,0,19,35,94,1,0,Normal,0
0.416137,udp,dns,S0,2,0,56.0,0.0,4.8061095264299984,0,0,1076.5685339203196,0.0,0,0,0.0,0.0,0.0,0.0,0,0,0,0,0.0,0.0,0.0,28,0,,,1,26,1,1,1,1,0,19,35,1,1,0,Normal,0
0.049189,tcp,ftp,SH,13,0,99.0,0.0,264.28673077314033,0,0,16101.160828640552,0.0,0,0,0.0,0.0,0.0,0.0,0,0,0,0,0.0,0.0,0.0,7,0,,,20,100,92,20,1,92,1,20,34,93,1,0,Normal,0
0.015484,tcp,,SH,63,0,79872.0,0.0,4068.71609403255,0,0,41266856.10953242,0.0,0,0,0.0,0.0,0.0,0.0,0,0,0,0,0.0,0.0,0.0,1267,0,,,1,100,92,1,1,92,0,20,33,93,1,0,Normal,0
0.009203,tcp,,SH,31,5,0.0,65273.0,3911.7679017711616,0,0,0.0,56740628.056068674,0,0,0.0,0.0,0.0,0.0,0,0,0,0,0.0,0.0,0.0,0,13054,,,1,100,93,1,1,93,0,20,33,94,1,0,Normal,0
0.020532,tcp,http,SH,13,0,1627.0,0.0,633.1579972725501,0,0,633937.2686538086,0.0,0,0,0.0,0.0,0.0,0.0,0,0,0,0,0.0,0.0,0.0,125,0,2.0,0.0,33,100,93,33,1,93,0,20,33,94,1,0,Normal,0
0.038859,tcp,http,SH,13,0,1597.0,0.0,334.54283434982887,0,0,328778.40397333953,0.0,0,0,0.0,0.0,0.0,0.0,0,0,0,0,0.0,0.0,0.0,122,0,2.0,0.0,34,100,93,34,1,93,0,19,34,94,1,0,Normal,0
0.024263,tcp,http,SH,13,0,1392.0,0.0,535.795243786836,0,0,458970.4488315542,0.0,0,0,0.0,0.0,0.0,0.0,0,0,0,0,0.0,0.0,0.0,107,0,2.0,0.0,35,100,93,35,1,93,0,19,35,94,1,0,Normal,0
6.238235,udp,,S0,7,0,4592.0,0.0,1.1221122641259906,0,0,5888.845162133199,0.0,0,0,0.0,0.0,0.0,0.0,0,0,0,0,0.0,0.0,0.0,656,0,,,2,27,6,2,1,5,0,19,35,5,1,0,Normal,0
0.419966,udp,dns,S0,2,0,64.0,0.0,4.762290280641766,0,0,1219.146311844292,0.0,0,0,0.0,0.0,0.0,0.0,0,0,0,0,0.0,0.0,0.0,32,0,,,1,28,2,1,1,1,0,19,34,6,1,0,Normal,0
0.053032,tcp,ftp,SH,13,1,99.0,0.0,263.99155227032736,0,0,14934.379242721376,0.0,0,0,0.0,0.0,0.0,0.0,0,0,0,0,0.0,0.0,0.0,7,0,,,19,100,91,19,1,91,1,19,34,92,1,0,Normal,0
0.021272,tcp,,SH,13,0,11410.0,0.0,611.1320045129748,0,0,4291086.874764949,0.0,0,0,0.0,0.0,0.0,0.0,0,0,0,0,0.0,0.0,0.0,877,0,,,1,100,91,1,1,91,0,19,34,92,1,0,Normal,0
0.006666,tcp,,SH,8,1,0.0,0.0,1350.1350135013502,0,0,0.0,0.0,0,0,0.0,0.0,0.0,0.0,0,0,0,0,0.0,0.0,0.0,0,0,,,1,100,91,1,1,91,0,19,34,92,1,0,Normal,0
1.031456,udp,dns,S0,2,0,86.0,0.0,1.9390066081345207,0,0,667.0182731982751,0.0,0,0,0.0,0.0,0.0,0.0,0,0,0,0,0.0,0.0,0.0,43,0,,,2,29,2,2,2,2,0,19,33,2,2,0,Normal,0
0.038139,tcp,http,SH,13,0,1627.0,0.0,340.85843886835,0,0,341277.9569469572,0.0,0,0,0.0,0.0,0.0,0.0,0,0,0,0,0.0,0.0,0.0,125,0,2.0,0.0,33,100,90,33,1,90,0,19,33,91,1,0,Normal,0
0.023306,tcp,http,SH,13,0,1392.0,0.0,557.796275637175,0,0,477816.8711919677,0.0,0,0,0.0,0.0,0.0,0.0,0,0,0,0,0.0,0.0,0.0,107,0,2.0,0.0,34,100,90,34,1,90,0,18,34,91,1,0,Normal,0
2.970332,udp,,S0,4,0,680.0,0.0,1.3466508120977725,0,0,1831.4451044529703,0.0,0,0,0.0,0.0,0.0,0.0,0,0,0,0,0.0,0.0,0.0,170,0,,,4,30,7,4,1,6,0,18,34,7,1,0,Normal,0
0.044373,tcp,http,SH,13,0,1392.0,0.0,292.9709508034165,0,0,250963.42370360356,0.0,0,0,0.0,0.0,0.0,0.0,0,0,0,0,0.0,0.0,0.0,107,0,2.0,0.0,35,100,89,35,1,89,0,18,35,90,1,0,Normal,0
0.022605,tcp,http,SH,13,0,1392.0,0.0,575.09400575094,0,0,492634.37292634376,0.0,0,0,0.0,0.0,0.0,0.0,0,0,0,0,0.0,0.0,0.0,107,0,2.0,0.0,35,100,89,35,1,89,0,18,35,90,1,0,Normal,0
0.039426,tcp,ftp,SH,13,0,99.0,0.0,329.73164916552525,0,0,20088.266626084307,0.0,0,0,0.0,0.0,0.0,0.0,0,0,0,0,0.0,0.0,0.0,7,0,,,19,100,89,19,1,89,1,19,34,90,1,0,Normal,0
0.011294,tcp,,SH,65,0,81946.0,0.0,5755.268284044625,0,0,58045687.975916415,0.0,0,0,0.0,0.0,0.0,0.0,0,0,0,0,0.0,0.0,0.0,1260,0,,,1,100,89,1,1,89,0,18,34,90,1,0,Normal,0
0.006125,tcp,,SH,32,4,0.0,61507.0,5877.551020408163,0,0,0.0,80335673.46938775,0,0,0.0,0.0,0.0,0.0,0,0,0,0,0.0,0.0,0.0,0,15376,,,1,100,89,1,1,89,0,18,34,90,1,0,Normal,0
0.026603,tcp,http,SH,13,0,1627.0,0.0,488.666691726497,0,0,489268.1276547757,0.0,0,0,0.0,0.0,0.0,0.0,0,0,0,0,0.0,0.0,0.0,125,0,2.0,0.0,35,100,89,35,1,89,0,18,35,90,1,0,Normal,0
0.023554,tcp,http,SH,13,0,1392.0,0.0,551.9232402139764,0,0,472785.9386940648,0.0,0,0,0.0,0.0,0.0,0.0,0,0,0,0,0.0,0.0,0.0,107,0,2.0,0.0,35,100,89,35,1,89,0,18,35,90,1,0,Normal,0
0.027224,tcp,http,SH,13,0,1597.0,0.0,477.51983543931823,0,0,469291.8013517484,0.0,0,0,0.0,0.0,0.0,0.0,0,0,0,0,0.0,0.0,0.0,122,0,2.0,0.0,35,100,89,35,1,89,0,18,35,90,1,0,Normal,0
0.031035,tcp,ftp,SH,13,1,99.0,0.0,451.1035927178991,0,0,25519.57467375544,0.0,0,0,0.0,0.0,0.0,0.0,0,0,0,0,0.0,0.0,0.0,7,0,,,18,100,89,18,1,89,1,18,35,90,1,0,Normal,0
0.005098,tcp,,SH,23,0,24895.0,0.0,4511.57316594743,0,0,39066300.51000392,0.0,0,0,0.0,0.0,0.0,0.0,0,0,0,0,0.0,0.0,0.0,1082,0,,,1,100,89,1,1,89,0,18,35,90,1,0,Normal,0
0.006072,tcp,,SH,13,2,0.0,10296.0,2470.3557312252965,0,0,0.0,13565217.391304348,0,0,0.0,0.0,0.0,0.0,0,0,0,0,0.0,0.0,0.0,0,5148,,,1,100,89,1,1,89,0,18,35,90,1,0,Normal,0
0.024138,tcp,http,SH,13,0,1627.0,0.0,538.5698898003149,0,0,539232.7450492999,0.0,0,0,0.0,0.0,0.0,0.0,0,0,0,0,0.0,0.0,0.0,125,0,2.0,0.0,35,100,89,35,1,89,0,18,35,90,1,0,Normal,0
0.039201,tcp,ftp,SH,13,1,99.0,0.0,357.13374658809727,0,0,20203.566235555216,0.0,0,0,0.0,0.0,0.0,0.0,0,0,0,0,0.0,0.0,0.0,7,0,,,18,100,89,18,1,89,1,18,35,90,1,0,Normal,0
0.006104,tcp,,SH,26,0,29044.0,0.0,4259.501965923984,0,0,38065530.79947575,0.0,0,0,0.0,0.0,0.0,0.0,0,0,0,0,0.0,0.0,0.0,1117,0,,,1,100,89,1,2,89,0,18,35,90,2,0,Normal,0
0.008846,tcp,,SH,13,1,0.0,0.0,1582.6362197603437,0,0,0.0,0.0,0,0,0.0,0.0,0.0,0.0,0,0,0,0,0.0,0.0,0.0,0,0,,,1,100,89,1,2,89,0,18,35,90,2,0,Normal,0
0.035378,tcp,http,SH,13,0,1392.0,0.0,367.46000339193847,0,0,314771.8921363559,0.0,0,0,0.0,0.0,0.0,0.0,0,0,0,0,0.0,0.0,0.0,107,0,2.0,0.0,36,100,90,36,1,90,0,18,36,91,1,0,Normal,0
0.052211,tcp,ftp,SH,13,0,99.0,0.0,248.98967650495103,0,0,15169.217214763172,0.0,0,0,0.0,0.0,0.0,0.0,0,0,0,0,0.0,0.0,0.0,7,0,,,19,100,90,19,1,90,1,19,35,91,1,0,Normal,0
0.014919,tcp,,SH,72,0,92319.0,0.0,4826.060727930826,0,0,49504122.26020511,0.0,0,0,0.0,0.0,0.0,0.0,0,0,0,0,0.0,0.0,0.0,1282,0,,,1,100,90,1,1,90,0,19,34,91,1,0,Normal,0
0.007943,tcp,,SH,36,5,0.0,77720.0,5161.777665869318,0,0,0.0,78277728.81782702,0,0,0.0,0.0,0.0,0.0,0,0,0,0,0.0,0.0,0.0,0,15544,,,1,100,90,1,1,90,0,18,34,91,1,0,Normal,0
0.020731,tcp,http,SH,13,0,1597.0,0.0,627.0802180309681,0,0,616275.1435048961,0.0,0,0,0.0,0.0,0.0,0.0,0,0,0,0,0.0,0.0,0.0,122,0,2.0,0.0,35,100,90,35,1,90,0,18,35,91,1,0,Normal,0
2.961704,udp,,S0,4,0,680.0,0.0,1.350573858832618,0,0,1836.7804480123605,0.0,0,0,0.0,0.0,0.0,0.0,0,0,0,0,0.0,0.0,0.0,170,0,,,4,31,7,4,1,6,0,18,35,7,1,0,Normal,0
0.028331,tcp,http,SH,13,0,1392.0,0.0,458.8613179908934,0,0,393067.6643958914,0.0,0,0,0.0,0.0,0.0,0.0,0,0,0,0,0.0,0.0,0.0,107,0,2.0,0.0,35,100,89,35,1,89,0,18,35,90,1,0,Normal,0
0.040387,tcp,ftp,SH,13,1,99.0,0.0,346.64619803402087,0,0,19610.27063163889,0.0,0,0,0.0,0.0,0.0,0.0,0,0,0,0,0.0,0.0,0.0,7,0,,,19,100,89,19,1,89,1,19,34,90,1,0,Normal,0
0.010661,tcp,,SH,50,0,62237.0,0.0,4689.991558015196,0,0,46702560.73539068,0.0,0,0,0.0,0.0,0.0,0.0,0,0,0,0,0.0,0.0,0.0,1244,0,,,1,100,89,1,1,89,0,18,34,90,1,0,Normal,0
0.006419,tcp,,SH,25,4,0.0,47638.0,4517.837669418913,0,0,0.0,59371241.62642156,0,0,0.0,0.0,0.0,0.0,0,0,0,0,0.0,0.0,0.0,0,11909,,,1,100,89,1,1,89,0,18,34,90,1,0,Normal,0
0.023801,tcp,http,SH,13,0,1597.0,0.0,546.195538002605,0,0,536784.1687324062,0.0,0,0,0.0,0.0,0.0,0.0,0,0,0,0,0.0,0.0,0.0,122,0,2.0,0.0,35,100,89,35,1,89,0,18,35,90,1,0,Normal,0
0.025323,tcp,http,SH,13,0,1392.0,0.0,513.3672945543577,0,0,439758.3224736406,0.0,0,0,0.0,0.0,0.0,0.0,0,0,0,0,0.0,0.0,0.0,107,0,2.0,0.0,35,100,89,35,1,89,0,18,35,90,1,0,Normal,0
2.970062,udp,,S0,2,0,80.0,0.0,0.673386616171649,0,0,215.48371717492768,0.0,0,0,0.0,0.0,0.0,0.0,0,0,0,0,0.0,0.0,0.0,40,0,,,1,32,1,1,1,1,0,18,35,1,1,0,Normal,0
5.946786,udp,,S0,3,0,375.0,0.0,0.5044741815158642,0,0,504.4741815158642,0.0,0,0,0.0,0.0,0.0,0.0,0,0,0,0,0.0,0.0,0.0,125,0,,,1,33,8,1,1,1,0,17,35,2,1,0,Normal,0
5.222321,udp,dns,S0,4,0,180.0,0.0,0.765942959078923,0,0,275.7394652684123,0.0,0,0,0.0,0.0,0.0,0.0,0,0,0,0,0.0,0.0,0.0,45,0,,,1,34,2,1,2,1,0,17,35,3,1,0,Normal,0
0.048343,tcp,ftp,SH,13,0,99.0,0.0,268.91173489440047,0,0,16382.930310489628,0.0,0,0,0.0,0.0,0.0,0.0,0,0,0,0,0.0,0.0,0.0,7,0,,,18,100,87,18,1,87,1,18,35,88,1,0,Normal,0
0.016539,tcp,,SH,77,0,98543.0,0.0,4655.662373783179,0,0,47665759.71945099,0.0,0,0,0.0,0.0,0.0,0.0,0,0,0,0,0.0,0.0,0.0,1279,0,,,1,100,87,1,1,87,0,18,34,88,1,0,Normal,0
0.007475,tcp,,SH,38,5,0.0,83944.0,5752.508361204013,0,0,0.0,89839732.44147158,0,0,0.0,0.0,0.0,0.0,0,0,0,0,0.0,0.0,0.0,0,16788,,,1,100,87,1,1,87,0,18,33,88,1,0,Normal,0
0.029181,tcp,http,SH,13,0,1597.0,0.0,445.4953565676296,0,0,437819.1288852336,0.0,0,0,0.0,0.0,0.0,0.0,0,0,0,0,0.0,0.0,0.0,122,0,2.0,0.0,34,100,87,34,1,87,0,17,34,88,1,0,Normal,0
0.03957,tcp,http,SH,13,0,1392.0,0.0,328.5317159464241,0,0,281425.32221379835,0.0,0,0,0.0,0.0,0.0,0.0,0,0,0,0,0.0,0.0,0.0,107,0,2.0,0.0,35,100,87,35,1,87,0,17,35,88,1,0,Normal,0
0.035469,tcp,ftp,SH,13,0,99.0,0.0,366.5172404071161,0,0,22329.35803095661,0.0,0,0,0.0,0.0,0.0,0.0,0,0,0,0,0.0,0.0,0.0,7,0,,,18,100,87,18,1,87,1,18,35,88,1,0,Normal,0
0.008522,tcp,,SH,34,0,40454.0,0.0,3989.673785496362,0,0,37976061.95728702,0.0,0,0,0.0,0.0,0.0,0.0,0,0,0,0,0.0,0.0,0.0,1189,0,,,1,100,87,1,1,87,0,18,34,88,1,0,Normal,0
0.00466,tcp,,SH,18,3,0.0,25855.0,4506.437768240343,0,0,0.0,44386266.0944206,0,0,0.0,0.0,0.0,0.0,0,0,0,0,0.0,0.0,0.0,0,8618,,,1,100,87,1,1,87,0,17,34,88,1,0,Normal,0
0.021836,tcp,http,SH,13,0,1627.0,0.0,595.3471331745741,0,0,596079.868107712,0.0,0,0,0.0,0.0,0.0,0.0,0,0,0,0,0.0,0.0,0.0,125,0,2.0,0.0,35,100,87,35,1,87,0,17,35,88,1,0,Normal,0
0.018131,tcp,http,SH,13,0,1627.0,0.0,717.0040262533781,0,0,717886.4927472285,0.0,0,0,0.0,0.0,0.0,0.0,0,0,0,0,0.0,0.0,0.0,125,0,2.0,0.0,36,100,87,36,1,87,0,17,36,88,1,0,Normal,0
0.043382,tcp,ftp,SH,13,1,99.0,0.0,322.71448988059564,0,0,18256.419713245126,0.0,0,0,0.0,0.0,0.0,0.0,0,0,0,0,0.0,0.0,0.0,7,0,,,18,100,87,18,1,87,1,18,35,88,1,0,Normal,0
0.011481,tcp,,SH,18,0,18671.0,0.0,1567.8076822576431,0,0,13010016.54908109,0.0,0,0,0.0,0.0,0.0,0.0,0,0,0,0,0.0,0.0,0.0,1037,0,,,1,100,87,1,1,87,0,18,34,88,1,0,Normal,0
0.004972,tcp,,SH,10,1,0.0,0.0,2212.389380530973,0,0,0.0,0.0,0,0,0.0,0.0,0.0,0.0,0,0,0,0,0.0,0.0,0.0,0,0,,,1,100,87,1,1,87,0,18,33,88,1,0,Normal,0
0.03618,tcp,http,SH,13,0,1627.0,0.0,359.31453841901606,0,0,359756.7716970702,0.0,0,0,0.0,0.0,0.0,0.0,0,0,0,0,0.0,0.0,0.0,125,0,2.0,0.0,34,100,87,34,1,87,0,17,34,88,1,0,Normal,0
0.031897,tcp,http,SH,13,0,1392.0,0.0,407.5618396714424,0,0,349123.7420447064,0.0,0,0,0.0,0.0,0.0,0.0,0,0,0,0,0.0,0.0,0.0,107,0,2.0,0.0,35,100,87,35,1,87,0,17,35,88,1,0,Normal,0
0.048359,tcp,ftp,SH,13,1,99.0,0.0,289.5014371678488,0,0,16377.509874066876,0.0,0,0,0.0,0.0,0.0,0.0,0,0,0,0,0.0,0.0,0.0,7,0,,,18,100,87,18,1,87,1,18,35,88,1,0,Normal,0
0.019648,tcp,,SH,80,0,103729.0,0.0,4071.661237785017,0,0,42234934.8534202,0.0,0,0,0.0,0.0,0.0,0.0,0,0,0,0,0.0,0.0,0.0,1296,0,,,1,100,88,1,1,88,0,18,35,89,1,0,Normal,0
0.005593,tcp,,SH,40,5,0.0,89130.0,8045.771500089398,0,0,0.0,127487931.34274986,0,0,0.0,0.0,0.0,0.0,0,0,0,0,0.0,0.0,0.0,0,17826,,,1,100,88,1,1,88,0,18,34,89,1,0,Normal,0
0.03661,tcp,http,SH,13,0,1627.0,0.0,355.09423654739146,0,0,355531.2756077575,0.0,0,0,0.0,0.0,0.0,0.0,0,0,0,0,0.0,0.0,0.0,125,0,2.0,0.0,35,100,88,35,1,88,0,17,35,89,1,0,Normal,0
3.072238,udp,,S0,4,0,680.0,0.0,1.3019824635981978,0,0,1770.6961504935489,0.0,0,0,0.0,0.0,0.0,0.0,0,0,0,0,0.0,0.0,0.0,170,0,,,4,35,8,4,1,6,0,17,35,7,1,0,Normal,0
0.029115,tcp,http,SH,13,0,1392.0,0.0,446.5052378499056,0,0,382483.2560535807,0.0,0,0,0.0,0.0,0.0,0.0,0,0,0,0,0.0,0.0,0.0,107,0,2.0,0.0,36,100,87,36,1,87,0,17,36,88,1,0,Normal,0
0.057029,tcp,ftp,SH,13,0,99.0,0.0,227.95419874099144,0,0,13887.671184835785,0.0,0,0,0.0,0.0,0.0,0.0,0,0,0,0,0.0,0.0,0.0,7,0,,,18,100,88,18,1,88,1,18,36,88,1,0,Normal,0
0.015532,tcp,,SH,72,0,92319.0,0.0,4635.591037857326,0,0,47550347.66932784,0.0,0,0,0.0,0.0,0.0,0.0,0,0,0,0,0.0,0.0,0.0,1282,0,,,1,100,88,1,2,88,0,18,35,88,2,0,Normal,0
0.012308,tcp,,SH,36,5,0.0,77720.0,3331.1667208319795,0,0,0.0,50516737.081572965,0,0,0.0,0.0,0.0,0.0,0,0,0,0,0.0,0.0,0.0,0,15544,,,1,100,88,1,2,88,0,18,34,88,2,0,Normal,0
0.027096,tcp,http,SH,13,0,1597.0,0.0,479.7756126365516,0,0,471508.7097726602,0.0,0,0,0.0,0.0,0.0,0.0,0,0,0,0,0.0,0.0,0.0,122,0,2.0,0.0,34,100,88,34,1,88,0,18,34,88,1,0,Normal,0
0.023107,tcp,http,SH,13,0,1627.0,0.0,562.6000778984724,0,0,563292.5087635781,0.0,0,0,0.0,0.0,0.0,0.0,0,0,0,0,0.0,0.0,0.0,125,0,2.0,0.0,35,100,88,35,1,88,0,17,35,88,1,0,Normal,0
0.921314,udp,dns,S0,2,0,86.0,0.0,2.170812556848154,0,0,746.759519555765,0.0,0,0,0.0,0.0,0.0,0.0,0,0,0,0,0.0,0.0,0.0,43,0,,,2,36,3,2,3,2,0,17,35,2,2,0,Normal,0
0.040287,tcp,http,SH,13,0,1392.0,0.0,322.6847370119393,0,0,276416.71010499663,0.0,0,0,0.0,0.0,0.0,0.0,0,0,0,0,0.0,0.0,0.0,107,0,2.0,0.0,36,100,87,36,2,87,0,17,36,87,2,0,Normal,0
0.033494,tcp,ftp,SH,13,0,99.0,0.0,388.129217173225,0,0,23646.02615393801,0.0,0,0,0.0,0.0,0.0,0.0,0,0,0,0,0.0,0.0,0.0,7,0,,,18,100,87,18,1,87,1,18,35,87,1,0,Normal,0
0.003699,tcp,,SH,9,0,6223.0,0.0,2433.0900243309,0,0,13458772.641254392,0.0,0,0,0.0,0.0,0.0,0.0,0,0,0,0,0.0,0.0,0.0,691,0,,,1,100,87,1,1,87,0,17,35,87,1,0,Normal,0
0.007838,tcp,,SH,6,1,0.0,0.0,893.0849706557796,0,0,0.0,0.0,0,0,0.0,0.0,0.0,0.0,0,0,0,0,0.0,0.0,0.0,0,0,,,1,100,87,1,1,87,0,17,35,87,1,0,Normal,0
0.032369,tcp,http,SH,13,0,1627.0,0.0,401.61883283388426,0,0,402113.13293583365,0.0,0,0,0.0,0.0,0.0,0.0,0,0,0,0,0.0,0.0,0.0,125,0,2.0,0.0,36,100,87,36,1,87,0,17,36,87,1,0,Normal,0
0.046116,tcp,http,SH,13,0,1392.0,0.0,281.8978228814295,0,0,241478.01196981527,0.0,0,0,0.0,0.0,0.0,0.0,0,0,0,0,0.0,0.0,0.0,107,0,2.0,0.0,36,100,87,36,1,87,0,17,36,87,1,0,Normal,0
0.027329,tcp,http,SH,13,0,1627.0,0.0,475.68516960005854,0,0,476270.6282703356,0.0,0,0,0.0,0.0,0.0,0.0,0,0,0,0,0.0,0.0,0.0,125,0,2.0,0.0,36,100,87,36,1,87,0,17,36,87,1,0,Normal,0
0.048292,tcp,ftp,SH,13,0,99.0,0.0,269.1957260001657,0,0,16400.23192247163,0.0,0,0,0.0,0.0,0.0,0.0,0,0,0,0,0.0,0.0,0.0,7,0,,,18,100,88,18,1,88,1,18,36,88,1,0,Normal,0
0.016582,tcp,,SH,71,0,90244.0,0.0,4281.75129658666,0,0,43538294.53624413,0.0,0,0,0.0,0.0,0.0,0.0,0,0,0,0,0.0,0.0,0.0,1271,0,,,1,100,88,1,1,88,0,18,35,88,1,0,Normal,0
0.0066,tcp,,SF,34,6,0.0,69804.0,6060.606060606061,0,0,0.0,84610909.0909091,0,0,0.0,0.0,0.0,0.0,0,0,0,0,0.0,0.0,0.0,0,11634,,,1,11,88,1,1,88,0,17,35,88,1,0,Normal,0
0.023856,tcp,http,SH,13,0,1597.0,0.0,544.9362843729041,0,0,535546.6130114017,0.0,0,0,0.0,0.0,0.0,0.0,0,0,0,0,0.0,0.0,0.0,122,0,2.0,0.0,36,100,88,36,1,88,0,17,36,88,1,0,Normal,0
0.029942,tcp,http,SH,13,0,1597.0,0.0,434.1727339523078,0,0,426691.6037672834,0.0,0,0,0.0,0.0,0.0,0.0,0,0,0,0,0.0,0.0,0.0,122,0,2.0,0.0,37,100,88,37,1,88,0,17,37,88,1,0,Normal,0
0.070667,tcp,ftp,SH,13,0,99.0,0.0,183.9613964085075,0,0,11207.494304272152,0.0,0,0,0.0,0.0,0.0,0.0,0,0,0,0,0.0,0.0,0.0,7,0,,,18,100,89,18,1,89,1,18,37,89,1,0,Normal,0
0.022122,tcp,,SH,77,0,99580.0,0.0,3480.697947744327,0,0,36011210.559623905,0.0,0,0,0.0,0.0,0.0,0.0,0,0,0,0,0.0,0.0,0.0,1293,0,,,1,100,89,1,1,89,0,18,36,89,1,0,Normal,0
0.00932,tcp,,SH,38,5,0.0,84981.0,4613.733905579399,0,0,0.0,72945064.3776824,0,0,0.0,0.0,0.0,0.0,0,0,0,0,0.0,0.0,0.0,0,16996,,,1,100,89,1,1,89,0,18,35,89,1,0,Normal,0
0.024174,tcp,http,SH,13,0,1392.0,0.0,537.7678497559361,0,0,460660.2134524696,0.0,0,0,0.0,0.0,0.0,0.0,0,0,0,0,0.0,0.0,0.0,107,0,2.0,0.0,36,100,89,36,1,89,0,17,36,89,1,0,Normal,0
3.072424,udp,,S0,4,0,680.0,0.0,1.3019036435075368,0,0,1770.58895517025,0.0,0,0,0.0,0.0,0.0,0.0,0,0,0,0,0.0,0.0,0.0,170,0,,,4,37,6,4,1,5,0,17,36,6,1,0,Normal,0
0.019424,tcp,http,SH,13,0,1597.0,0.0,669.2751235584843,0,0,657742.9983525536,0.0,0,0,0.0,0.0,0.0,0.0,0,0,0,0,0.0,0.0,0.0,122,0,2.0,0.0,37,100,88,37,1,88,0,17,37,88,1,0,Normal,0
7.605728,udp,,S0,7,0,4592.0,0.0,0.9203589715540708,0,0,4830.043882715764,0.0,0,0,0.0,0.0,0.0,0.0,0,0,0,0,0.0,0.0,0.0,656,0,,,1,38,7,1,1,1,0,17,36,88,1,0,Normal,0
0.027157,tcp,http,SH,13,0,1392.0,0.0,478.6979415988511,0,0,410060.0213572928,0.0,0,0,0.0,0.0,0.0,0.0,0,0,0,0,0.0,0.0,0.0,107,0,2.0,0.0,36,100,87,36,1,87,0,17,36,88,1,0,Normal,0
0.051392,tcp,ftp,SH,13,1,99.0,0.0,272.4159402241594,0,0,15410.95890410959,0.0,0,0,0.0,0.0,0.0,0.0,0,0,0,0,0.0,0.0,0.0,7,0,,,17,100,87,17,1,87,1,17,36,88,1,0,Normal,0
0.005281,tcp,,SH,16,0,15559.0,0.0,3029.729217951145,0,0,23569778.451050937,0.0,0,0,0.0,0.0,0.0,0.0,0,0,0,0,0.0,0.0,0.0,972,0,,,1,100,87,1,1,87,0,17,36,88,1,0,Normal,0
0.005619,tcp,,SH,9,1,0.0,0.0,1779.6760989499912,0,0,0.0,0.0,0,0,0.0,0.0,0.0,0.0,0,0,0,0,0.0,0.0,0.0,0,0,,,1,100,87,1,1,87,0,17,36,88,1,0,Normal,0
0.028646,tcp,http,SH,13,0,1392.0,0.0,453.8155414368498,0,0,388745.3745723661,0.0,0,0,0.0,0.0,0.0,0.0,0,0,0,0,0.0,0.0,0.0,107,0,2.0,0.0,36,100,87,36,1,87,0,17,36,88,1,0,Normal,0
0.0405,tcp,ftp,SH,13,0,99.0,0.0,320.98765432098764,0,0,19555.555555555555,0.0,0,0,0.0,0.0,0.0,0.0,0,0,0,0,0.0,0.0,0.0,7,0,,,17,100,87,17,1,87,1,17,36,88,1,0,Normal,0
0.009093,tcp,,SH,26,0,30081.0,0.0,2859.3423512592103,0,0,26465193.005608708,0.0,0,0,0.0,0.0,0.0,0.0,0,0,0,0,0.0,0.0,0.0,1156,0,,,1,100,87,1,1,87,0,17,36,88,1,0,Normal,0
0.006533,tcp,,SH,14,1,0.0,0.0,2296.0355120159197,0,0,0.0,0.0,0,0,0.0,0.0,0.0,0.0,0,0,0,0,0.0,0.0,0.0,0,0,,,1,100,87,1,1,87,0,17,36,88,1,0,Normal,0
0.028523,tcp,http,SH,13,0,1392.0,0.0,455.77253444588575,0,0,390421.7648914911,0.0,0,0,0.0,0.0,0.0,0.0,0,0,0,0,0.0,0.0,0.0,107,0,2.0,0.0,37,100,88,37,1,88,0,17,37,89,1,0,Normal,0
0.028356,tcp,http,SH,13,0,1597.0,0.0,458.45676400056425,0,0,450557.2012977853,0.0,0,0,0.0,0.0,0.0,0.0,0,0,0,0,0.0,0.0,0.0,122,0,2.0,0.0,38,100,88,38,1,88,0,16,38,89,1,0,Normal,0
0.040795,tcp,ftp,SH,13,1,99.0,0.0,343.1793111900968,0,0,19414.143890182622,0.0,0,0,0.0,0.0,0.0,0.0,0,0,0,0,0.0,0.0,0.0,7,0,,,17,100,88,17,1,88,1,17,38,89,1,0,Normal,0
0.007501,tcp,,SH,17,0,17634.0,0.0,2266.3644847353685,0,0,18807092.387681644,0.0,0,0,0.0,0.0,0.0,0.0,0,0,0,0,0.0,0.0,0.0,1037,0,,,1,100,88,1,1,88,0,17,38,89,1,0,Normal,0
0.006078,tcp,,SH,10,1,0.0,0.0,1809.805857189865,0,0,0.0,0.0,0,0,0.0,0.0,0.0,0.0,0,0,0,0,0.0,0.0,0.0,0,0,,,1,100,88,1,1,88,0,17,37,89,1,0,Normal,0
0.029295,tcp,http,SH,13,0,1627.0,0.0,443.7617340843147,0,0,444307.9023724185,0.0,0,0,0.0,0.0,0.0,0.0,0,0,0,0,0.0,0.0,0.0,125,0,2.0,0.0,37,100,88,37,1,88,0,17,37,89,1,0,Normal,0
0.043876,tcp,http,SH,13,0,1627.0,0.0,296.28954325827334,0,0,296654.2073115143,0.0,0,0,0.0,0.0,0.0,0.0,0,0,0,0,0.0,0.0,0.0,125,0,2.0,0.0,37,100,88,37,1,88,0,17,37,89,1,0,Normal,0
0.031299,tcp,http,SH,13,0,1597.0,0.0,415.3487331863638,0,0,408191.9550145372,0.0,0,0,0.0,0.0,0.0,0.0,0,0,0,0,0.0,0.0,0.0,122,0,2.0,0.0,38,100,89,38,1,89,0,17,38,90,1,0,Normal,0
0.034783,tcp,ftp,SH,13,0,99.0,0.0,373.7457953598022,0,0,22769.743840381798,0.0,0,0,0.0,0.0,0.0,0.0,0,0,0,0,0.0,0.0,0.0,7,0,,,18,100,90,18,1,90,1,18,38,91,1,0,Normal,0
0.008151,tcp,,SH,42,0,51864.0,0.0,5152.741994847258,0,0,50903202.0610968,0.0,0,0,0.0,0.0,0.0,0.0,0,0,0,0,0.0,0.0,0.0,1234,0,,,1,100,90,1,1,90,0,17,38,91,1,0,Normal,0
0.007379,tcp,,SH,22,3,0.0,37265.0,3387.992952974658,0,0,0.0,40401138.3656322,0,0,0.0,0.0,0.0,0.0,0,0,0,0,0.0,0.0,0.0,0,12421,,,1,100,90,1,1,90,0,17,38,91,1,0,Normal,0
0.035237,tcp,http,SH,13,0,1392.0,0.0,368.93038567414936,0,0,316031.44422056363,0.0,0,0,0.0,0.0,0.0,0.0,0,0,0,0,0.0,0.0,0.0,107,0,2.0,0.0,39,100,90,39,1,90,0,17,39,91,1,0,Normal,0
0.021203,tcp,http,SH,13,0,1597.0,0.0,613.1207847946046,0,0,602556.2420412205,0.0,0,0,0.0,0.0,0.0,0.0,0,0,0,0,0.0,0.0,0.0,122,0,2.0,0.0,40,100,91,40,1,91,0,17,40,92,1,0,Normal,0
5.939993,udp,,S0,7,0,4592.0,0.0,1.178452567199995,0,0,6184.519072665574,0.0,0,0,0.0,0.0,0.0,0.0,0,0,0,0,0.0,0.0,0.0,656,0,,,1,39,7,1,1,5,0,17,39,5,1,0,Normal,0
0.031992,tcp,http,SH,13,0,1597.0,0.0,406.3515878969743,0,0,399349.8374593649,0.0,0,0,0.0,0.0,0.0,0.0,0,0,0,0,0.0,0.0,0.0,122,0,2.0,0.0,39,100,90,39,1,90,0,17,39,91,1,0,Normal,0
3.080123,udp,,S0,4,0,680.0,0.0,1.298649437051702,0,0,1766.163234390315,0.0,0,0,0.0,0.0,0.0,0.0,0,0,0,0,0.0,0.0,0.0,170,0,,,4,40,7,4,1,5,0,17,39,5,1,0,Normal,0
0.051046,tcp,ftp,SH,13,1,99.0,0.0,274.2624299651295,0,0,15515.417466598754,0.0,0,0,0.0,0.0,0.0,0.0,0,0,0,0,0.0,0.0,0.0,7,0,,,18,100,90,18,1,90,1,18,38,91,1,0,Normal,0
0.014194,tcp,,SH,48,0,59126.0,0.0,3381.710581936029,0,0,33324503.31125828,0.0,0,0,0.0,0.0,0.0,0.0,0,0,0,0,0.0,0.0,0.0,1231,0,,,1,100,90,1,1,90,0,18,37,91,1,0,Normal,0
0.006818,tcp,,SF,24,4,0.0,44526.0,4106.776180698152,0,0,0.0,52245233.20621883,0,0,0.0,0.0,0.0,0.0,0,0,0,0,0.0,0.0,0.0,0,11131,,,1,12,90,1,1,90,0,17,37,91,1,0,Normal,0
0.035939,tcp,http,SH,13,0,1627.0,0.0,361.7240323882134,0,0,362169.23119730654,0.0,0,0,0.0,0.0,0.0,0.0,0,0,0,0,0.0,0.0,0.0,125,0,2.0,0.0,38,100,90,38,1,90,0,17,38,91,1,0,Normal,0
0.035907,tcp,http,SH,13,0,1597.0,0.0,362.0463976383435,0,0,355808.0597098059,0.0,0,0,0.0,0.0,0.0,0.0,0,0,0,0,0.0,0.0,0.0,122,0,2.0,0.0,39,100,90,39,1,90,0,17,39,91,1,0,Normal,0
0.031495,tcp,http,SH,13,0,1627.0,0.0,412.7639307826639,0,0,413271.94792824256,0.0,0,0,0.0,0.0,0.0,0.0,0,0,0,0,0.0,0.0,0.0,125,0,2.0,0.0,39,100,90,39,1,90,0,17,39,91,1,0,Normal,0
0.043617,tcp,ftp,SH,13,1,99.0,0.0,320.9757663296421,0,0,18158.05763807689,0.0,0,0,0.0,0.0,0.0,0.0,0,0,0,0,0.0,0.0,0.0,7,0,,,18,100,90,18,1,90,1,18,38,91,1,0,Normal,0
0.0137,tcp,,SH,61,0,76760.0,0.0,4452.554744525547,0,0,44823357.66423357,0.0,0,0,0.0,0.0,0.0,0.0,0,0,0,0,0.0,0.0,0.0,1258,0,,,1,100,90,1,1,90,0,18,37,91,1,0,Normal,0
0.005789,tcp,,SH,30,5,0.0,62161.0,6045.949214026602,0,0,0.0,85902228.36413889,0,0,0.0,0.0,0.0,0.0,0,0,0,0,0.0,0.0,0.0,0,12432,,,1,100,90,1,1,90,0,17,37,91,1,0,Normal,0
0.025565,tcp,http,SH,13,0,1392.0,0.0,508.5077254058282,0,0,435595.540778408,0.0,0,0,0.0,0.0,0.0,0.0,0,0,0,0,0.0,0.0,0.0,107,0,2.0,0.0,38,100,90,38,1,90,0,17,38,91,1,0,Normal,0
0.02363,tcp,http,SH,13,0,1627.0,0.0,550.148116800677,0,0,550825.2221752009,0.0,0,0,0.0,0.0,0.0,0.0,0,0,0,0,0.0,0.0,0.0,125,0,2.0,0.0,39,100,90,39,1,90,0,17,39,91,1,0,Normal,0
0.03678,tcp,http,SH,13,0,1392.0,0.0,353.4529635671561,0,0,302773.24632952694,0.0,0,0,0.0,0.0,0.0,0.0,0,0,0,0,0.0,0.0,0.0,107,0,2.0,0.0,39,100,90,39,1,90,0,17,39,91,1,0,Normal,0
0.058519,tcp,ftp,SH,13,0,99.0,0.0,222.150070917138,0,0,13534.065858951792,0.0,0,0,0.0,0.0,0.0,0.0,0,0,0,0,0.0,0.0,0.0,7,0,,,17,100,90,17,1,90,1,17,39,91,1,0,Normal,0
0.01825,tcp,,SH,78,0,100617.0,0.0,4273.972602739726,0,0,44106082.19178083,0.0,0,0,0.0,0.0,0.0,0.0,0,0,0,0,0.0,0.0,0.0,1289,0,,,1,100,90,1,1,90,0,17,39,91,1,0,Normal,0
0.012371,tcp,,SH,39,5,0.0,86018.0,3556.705197639641,0,0,0.0,55625575.94373939,0,0,0.0,0.0,0.0,0.0,0,0,0,0,0.0,0.0,0.0,0,17203,,,1,100,90,1,1,90,0,17,39,91,1,0,Normal,0
0.013428,tcp,http,SH,13,0,1597.0,0.0,968.1263032469466,0,0,951444.7423294608,0.0,0,0,0.0,0.0,0.0,0.0,0,0,0,0,0.0,0.0,0.0,122,0,2.0,0.0,39,100,90,39,1,90,0,17,39,91,1,0,Normal,0
0.028855,tcp,http,SH,13,0,1597.0,0.0,450.5285045919252,0,0,442765.55189741816,0.0,0,0,0.0,0.0,0.0,0.0,0,0,0,0,0.0,0.0,0.0,122,0,2.0,0.0,40,100,90,40,1,90,0,16,40,91,1,0,Normal,0
5.627806,udp,,S0,6,0,3936.0,0.0,1.0661348312290797,0,0,5595.075594290209,0.0,0,0,0.0,0.0,0.0,0.0,0,0,0,0,0.0,0.0,0.0,656,0,,,2,41,8,2,1,6,0,16,40,6,1,0,Normal,0
0.04389,tcp,ftp,SH,13,0,99.0,0.0,296.1950330371384,0,0,18045.11278195489,0.0,0,0,0.0,0.0,0.0,0.0,0,0,0,0,0.0,0.0,0.0,7,0,,,17,100,89,17,1,89,1,17,40,90,1,0,Normal,0
0.007419,tcp,,SH,11,0,9335.0,0.0,1482.679606415959,0,0,10066046.637013074,0.0,0,0,0.0,0.0,0.0,0.0,0,0,0,0,0.0,0.0,0.0,848,0,,,1,100,89,1,1,89,0,17,39,90,1,0,Normal,0
0.008004,tcp,,SH,7,1,0.0,0.0,999.5002498750624,0,0,0.0,0.0,0,0,0.0,0.0,0.0,0.0,0,0,0,0,0.0,0.0,0.0,0,0,,,1,100,90,1,1,90,0,17,39,91,1,0,Normal,0
0.031515,tcp,http,SH,13,0,1597.0,0.0,412.5019831826114,0,0,405394.2567031572,0.0,0,0,0.0,0.0,0.0,0.0,0,0,0,0,0.0,0.0,0.0,122,0,2.0,0.0,39,100,90,39,1,90,0,17,39,91,1,0,Normal,0
1.028302,udp,dns,S0,2,0,86.0,0.0,1.9449539143170005,0,0,669.064146525048,0.0,0,0,0.0,0.0,0.0,0.0,0,0,0,0,0.0,0.0,0.0,43,0,,,2,42,3,2,3,2,0,16,39,2,2,0,Normal,0
0.021825,tcp,http,SH,13,0,1627.0,0.0,595.6471935853378,0,0,596380.2978235967,0.0,0,0,0.0,0.0,0.0,0.0,0,0,0,0,0.0,0.0,0.0,125,0,2.0,0.0,40,100,89,40,1,89,0,16,40,90,1,0,Normal,0
0.040255,tcp,ftp,SH,13,1,99.0,0.0,347.7828841137747,0,0,19674.574587007824,0.0,0,0,0.0,0.0,0.0,0.0,0,0,0,0,0.0,0.0,0.0,7,0,,,17,100,89,17,1,89,1,17,40,90,1,0,Normal,0
0.008905,tcp,,SH,30,0,35268.0,0.0,3368.8938798427853,0,0,31683773.161145423,0.0,0,0,0.0,0.0,0.0,0.0,0,0,0,0,0.0,0.0,0.0,1175,0,,,1,100,89,1,1,89,0,17,39,90,1,0,Normal,0
0.006863,tcp,,SH,16,2,0.0,20669.0,2622.7597260673174,0,0,0.0,24093253.679149058,0,0,0.0,0.0,0.0,0.0,0,0,0,0,0.0,0.0,0.0,0,10334,,,1,100,89,1,1,89,0,17,38,90,1,0,Normal,0
3.071734,udp,,S0,4,0,680.0,0.0,1.3021960885936086,0,0,1770.9866804873077,0.0,0,0,0.0,0.0,0.0,0.0,0,0,0,0,0.0,0.0,0.0,170,0,,,4,43,8,4,1,6,0,17,38,6,1,0,Normal,0
0.029997,tcp,http,SH,13,0,1627.0,0.0,433.37667100043336,0,0,433910.0576724339,0.0,0,0,0.0,0.0,0.0,0.0,0,0,0,0,0.0,0.0,0.0,125,0,2.0,0.0,39,100,90,39,1,90,0,17,39,91,1,0,Normal,0
0.050557,udp,ntp,SHR,0,1,0.0,48.0,19.77965464722986,0,0,0.0,7595.387384536266,0,0,0.0,0.0,0.0,0.0,0,0,0,0,0.0,0.0,0.0,0,48,,,1,1,1,1,1,1,0,17,39,1,1,0,Normal,0
0.031287,tcp,http,SH,13,0,1597.0,0.0,415.5080384824368,0,0,408348.5153578163,0.0,0,0,0.0,0.0,0.0,0.0,0,0,0,0,0.0,0.0,0.0,122,0,2.0,0.0,40,100,90,40,1,90,0,16,40,91,1,0,Normal,0
0.039443,tcp,ftp,SH,13,0,99.0,0.0,329.58953426463506,0,0,20079.608549045457,0.0,0,0,0.0,0.0,0.0,0.0,0,0,0,0,0.0,0.0,0.0,7,0,,,17,100,90,17,1,90,1,17,40,91,1,0,Normal,0
0.012615,tcp,,SH,53,0,66387.0,0.0,4201.347602061039,0,0,42100356.71819263,0.0,0,0,0.0,0.0,0.0,0.0,0,0,0,0,0.0,0.0,0.0,1252,0,,,1,100,90,1,1,90,0,17,40,91,1,0,Normal,0
0.007504,tcp,,SH,26,4,0.0,51788.0,3997.867803837953,0,0,0.0,55211087.42004264,0,0,0.0,0.0,0.0,0.0,0,0,0,0,0.0,0.0,0.0,0,12947,,,1,100,90,1,1,90,0,17,39,91,1,0,Normal,0
0.027807,tcp,http,SH,13,0,1392.0,0.0,467.5081813931744,0,0,400474.70061495306,0.0,0,0,0.0,0.0,0.0,0.0,0,0,0,0,0.0,0.0,0.0,107,0,2.0,0.0,39,100,90,39,1,90,0,17,39,91,1,0,Normal,0
0.032147,tcp,http,SH,13,0,1392.0,0.0,404.3923227672877,0,0,346408.68510280893,0.0,0,0,0.0,0.0,0.0,0.0,0,0,0,0,0.0,0.0,0.0,107,0,2.0,0.0,40,100,90,40,1,90,0,16,40,91,1,0,Normal,0
0.025426,tcp,http,SH,13,0,1597.0,0.0,511.28765830252496,0,0,502477.77865177375,0.0,0,0,0.0,0.0,0.0,0.0,0,0,0,0,0.0,0.0,0.0,122,0,2.0,0.0,41,100,90,41,1,90,0,16,41,91,1,0,Normal,0
0.044752,tcp,ftp,SH,13,1,99.0,0.0,312.83518055058994,0,0,17697.53307114766,0.0,0,0,0.0,0.0,0.0,0.0,0,0,0,0,0.0,0.0,0.0,7,0,,,17,100,90,17,1,90,1,17,41,91,1,0,Normal,0
0.013094,tcp,,SH,58,0,73648.0,0.0,4429.509699098824,0,0,44996486.94058348,0.0,0,0,0.0,0.0,0.0,0.0,0,0,0,0,0.0,0.0,0.0,1269,0,,,1,100,90,1,1,90,0,17,40,91,1,0,Normal,0
0.006557,tcp,,SF,29,5,0.0,53208.0,5185.298154643891,0,0,0.0,64917492.755833454,0,0,0.0,0.0,0.0,0.0,0,0,0,0,0.0,0.0,0.0,0,10641,,,1,13,90,1,1,90,0,17,39,91,1,0,Normal,0
0.034146,tcp,http,SH,13,0,1627.0,0.0,380.7180928952146,0,0,381186.6690095472,0.0,0,0,0.0,0.0,0.0,0.0,0,0,0,0,0.0,0.0,0.0,125,0,2.0,0.0,40,100,90,40,1,90,0,16,40,91,1,0,Normal,0
0.036463,tcp,http,SH,13,0,1392.0,0.0,356.52579326989,0,0,305405.4795271919,0.0,0,0,0.0,0.0,0.0,0.0,0,0,0,0,0.0,0.0,0.0,107,0,2.0,0.0,41,100,90,41,1,90,0,16,41,91,1,0,Normal,0
0.023952,tcp,http,SH,13,0,1392.0,0.0,542.7521710086841,0,0,464929.8597194389,0.0,0,0,0.0,0.0,0.0,0.0,0,0,0,0,0.0,0.0,0.0,107,0,2.0,0.0,42,100,90,42,1,90,0,16,42,91,1,0,Normal,0
0.048796,tcp,ftp,SH,13,1,99.0,0.0,286.9087630133617,0,0,16230.838593327322,0.0,0,0,0.0,0.0,0.0,0.0,0,0,0,0,0.0,0.0,0.0,7,0,,,17,100,90,17,1,90,1,17,41,91,1,0,Normal,0
0.008365,tcp,,SH,20,0,20745.0,0.0,2390.9145248057384,0,0,19839808.72683802,0.0,0,0,0.0,0.0,0.0,0.0,0,0,0,0,0.0,0.0,0.0,1037,0,,,1,100,90,1,1,90,0,17,40,91,1,0,Normal,0
0.008126,tcp,,SH,11,1,0.0,0.0,1476.7413241447207,0,0,0.0,0.0,0,0,0.0,0.0,0.0,0.0,0,0,0,0,0.0,0.0,0.0,0,0,,,1,100,90,1,1,90,0,16,40,91,1,0,Normal,0
0.028932,tcp,http,SH,13,0,1597.0,0.0,449.3294621871976,0,0,441587.1699156643,0.0,0,0,0.0,0.0,0.0,0.0,0,0,0,0,0.0,0.0,0.0,122,0,2.0,0.0,41,100,90,41,1,90,0,16,41,91,1,0,Normal,0
0.058675,tcp,ftp,SH,13,0,99.0,0.0,221.5594375798892,0,0,13498.08265871325,0.0,0,0,0.0,0.0,0.0,0.0,0,0,0,0,0.0,0.0,0.0,7,0,,,17,100,90,17,1,90,1,17,41,91,1,0,Normal,0
0.014438,tcp,,SH,55,0,69499.0,0.0,3809.391882532207,0,0,38508934.75550631,0.0,0,0,0.0,0.0,0.0,0.0,0,0,0,0,0.0,0.0,0.0,1263,0,,,1,100,90,1,1,90,0,17,40,91,1,0,Normal,0
0.00776,tcp,,SH,27,4,0.0,49060.0,3994.845360824742,0,0,0.0,50577319.587628864,0,0,0.0,0.0,0.0,0.0,0,0,0,0,0.0,0.0,0.0,0,12265,,,1,100,91,1,1,91,0,17,40,92,1,0,Normal,0
3.069959,udp,,S0,4,0,680.0,0.0,1.3029489970387227,0,0,1772.0106359726628,0.0,0,0,0.0,0.0,0.0,0.0,0,0,0,0,0.0,0.0,0.0,170,0,,,4,44,7,4,1,6,0,17,39,6,1,0,Normal,0
0.033684,tcp,http,SH,13,0,1392.0,0.0,385.9399121244508,0,0,330602.06626291416,0.0,0,0,0.0,0.0,0.0,0.0,0,0,0,0,0.0,0.0,0.0,107,0,2.0,0.0,40,100,90,40,1,90,0,16,40,91,1,0,Normal,0
0.029277,tcp,http,SH,13,0,1392.0,0.0,444.03456638316766,0,0,380366.8408648427,0.0,0,0,0.0,0.0,0.0,0.0,0,0,0,0,0.0,0.0,0.0,107,0,2.0,0.0,41,100,90,41,1,90,0,16,41,91,1,0,Normal,0
0.041464,tcp,ftp,SH,13,1,99.0,0.0,337.6422921088173,0,0,19100.906810727374,0.0,0,0,0.0,0.0,0.0,0.0,0,0,0,0,0.0,0.0,0.0,7,0,,,17,100,90,17,1,90,1,17,41,91,1,0,Normal,0
0.007712,tcp,,SH,15,0,14522.0,0.0,1945.0207468879669,0,0,15064315.352697097,0.0,0,0,0.0,0.0,0.0,0.0,0,0,0,0,0.0,0.0,0.0,968,0,,,1,100,90,1,1,90,0,17,40,91,1,0,Normal,0
0.00604,tcp,,SH,9,1,0.0,0.0,1655.6291390728477,0,0,0.0,0.0,0,0,0.0,0.0,0.0,0.0,0,0,0,0,0.0,0.0,0.0,0,0,,,1,100,90,1,1,90,0,17,39,91,1,0,Normal,0
0.026274,tcp,http,SH,13,0,1627.0,0.0,494.78571972292,0,0,495394.686762579,0.0,0,0,0.0,0.0,0.0,0.0,0,0,0,0,0.0,0.0,0.0,125,0,2.0,0.0,40,100,91,40,1,91,0,17,40,92,1,0,Normal,0
0.026149,tcp,http,SH,13,0,1627.0,0.0,497.1509426746721,0,0,497762.820757964,0.0,0,0,0.0,0.0,0.0,0.0,0,0,0,0,0.0,0.0,0.0,125,0,2.0,0.0,40,100,91,40,1,91,0,17,40,92,1,0,Normal,0
0.046031,tcp,ftp,SH,13,0,99.0,0.0,282.4183702287589,0,0,17205.796093936693,0.0,0,0,0.0,0.0,0.0,0.0,0,0,0,0,0.0,0.0,0.0,7,0,,,17,100,91,17,1,91,1,17,40,92,1,0,Normal,0
0.013459,tcp,,SH,74,0,94394.0,0.0,5498.17965673527,0,0,56107586.001931794,0.0,0,0,0.0,0.0,0.0,0.0,0,0,0,0,0.0,0.0,0.0,1275,0,,,1,100,91,1,1,91,0,17,40,92,1,0,Normal,0
0.007133,tcp,,SH,36,5,0.0,79795.0,5747.93214636198,0,0,0.0,89493901.58418618,0,0,0.0,0.0,0.0,0.0,0,0,0,0,0.0,0.0,0.0,0,15959,,,1,100,91,1,1,91,0,17,40,92,1,0,Normal,0
0.039778,tcp,http,SH,13,0,1597.0,0.0,326.8138166825884,0,0,321182.5632259038,0.0,0,0,0.0,0.0,0.0,0.0,0,0,0,0,0.0,0.0,0.0,122,0,2.0,0.0,40,100,91,40,1,91,0,17,40,92,1,0,Normal,0
0.017316,tcp,http,SH,13,0,1392.0,0.0,750.7507507507507,0,0,643104.6431046431,0.0,0,0,0.0,0.0,0.0,0.0,0,0,0,0,0.0,0.0,0.0,107,0,2.0,0.0,40,100,91,40,1,91,0,17,40,92,1,0,Normal,0
0.042877,tcp,ftp,SH,13,0,99.0,0.0,303.192853977657,0,0,18471.44156540803,0.0,0,0,0.0,0.0,0.0,0.0,0,0,0,0,0.0,0.0,0.0,7,0,,,18,100,91,18,1,91,1,18,39,92,1,0,Normal,0
0.011935,tcp,,SH,51,0,63275.0,0.0,4273.14620863008,0,0,42413070.800167575,0.0,0,0,0.0,0.0,0.0,0.0,0,0,0,0,0.0,0.0,0.0,1240,0,,,1,100,91,1,1,91,0,17,39,92,1,0,Normal,0
0.009954,tcp,,SH,26,4,0.0,48676.0,3013.8637733574446,0,0,0.0,39120755.475185856,0,0,0.0,0.0,0.0,0.0,0,0,0,0,0.0,0.0,0.0,0,12169,,,1,100,91,1,1,91,0,17,39,92,1,0,Normal,0
46.796668,udp,dhcp,S0,6,0,1832.0,0.0,0.1282142566218603,0,0,313.18469084166423,0.0,0,0,0.0,0.0,0.0,0.0,0,0,0,0,0.0,0.0,0.0,305,0,,,1,45,1,1,1,1,0,17,39,1,1,0,Normal,0
0.826547,udp,dns,S0,4,0,500.0,0.0,4.839410221076357,0,0,4839.410221076358,0.0,0,0,0.0,0.0,0.0,0.0,0,0,0,0,0.0,0.0,0.0,125,0,,,1,46,2,1,2,1,0,17,38,1,1,0,Normal,0
0.020326,tcp,http,SH,13,0,1392.0,0.0,639.5749286627964,0,0,547869.7235068385,0.0,0,0,0.0,0.0,0.0,0.0,0,0,0,0,0.0,0.0,0.0,107,0,2.0,0.0,38,100,89,38,1,89,0,17,38,90,1,0,Normal,0
0.022474,tcp,http,SH,13,0,1392.0,0.0,578.4462045029812,0,0,495505.91794963065,0.0,0,0,0.0,0.0,0.0,0.0,0,0,0,0,0.0,0.0,0.0,107,0,2.0,0.0,39,100,89,39,1,89,0,16,39,90,1,0,Normal,0
0.048199,tcp,ftp,SH,13,0,99.0,0.0,269.71513931824313,0,0,16431.876180003735,0.0,0,0,0.0,0.0,0.0,0.0,0,0,0,0,0.0,0.0,0.0,7,0,,,17,100,89,17,1,89,1,17,39,90,1,0,Normal,0
0.015025,tcp,,SH,65,0,81946.0,0.0,4326.123128119801,0,0,43631813.64392679,0.0,0,0,0.0,0.0,0.0,0.0,0,0,0,0,0.0,0.0,0.0,1260,0,,,1,100,89,1,1,89,0,17,39,90,1,0,Normal,0
0.007784,tcp,,SF,32,5,0.0,67346.0,4753.340184994861,0,0,0.0,69214799.58890031,0,0,0.0,0.0,0.0,0.0,0,0,0,0,0.0,0.0,0.0,0,13469,,,1,14,89,1,1,89,0,17,38,90,1,0,Normal,0
0.019717,tcp,http,SH,13,0,1597.0,0.0,659.3295126033373,0,0,647968.7579246336,0.0,0,0,0.0,0.0,0.0,0.0,0,0,0,0,0.0,0.0,0.0,122,0,2.0,0.0,39,100,90,39,1,90,0,17,39,91,1,0,Normal,0
2.970799,udp,,S0,4,0,680.0,0.0,1.3464391229430197,0,0,1831.157207202507,0.0,0,0,0.0,0.0,0.0,0.0,0,0,0,0,0.0,0.0,0.0,170,0,,,4,47,7,4,1,6,0,17,38,6,1,0,Normal,0
0.411357,udp,dns,S0,2,0,56.0,0.0,4.861956889028265,0,0,1089.0783431423315,0.0,0,0,0.0,0.0,0.0,0.0,0,0,0,0,0.0,0.0,0.0,28,0,,,1,48,1,1,1,1,0,17,38,1,1,0,Normal,0
0.03908,tcp,ftp,SH,13,0,99.0,0.0,332.6509723643808,0,0,20266.120777891505,0.0,0,0,0.0,0.0,0.0,0.0,0,0,0,0,0.0,0.0,0.0,7,0,,,18,100,89,18,1,89,1,18,37,89,1,0,Normal,0
0.010832,tcp,,SH,21,0,22820.0,0.0,1938.7001477104875,0,0,16853766.617429838,0.0,0,0,0.0,0.0,0.0,0.0,0,0,0,0,0.0,0.0,0.0,1086,0,,,1,100,89,1,1,89,0,17,37,89,1,0,Normal,0
0.009366,tcp,,SH,12,1,0.0,0.0,1387.9991458466795,0,0,0.0,0.0,0,0,0.0,0.0,0.0,0.0,0,0,0,0,0.0,0.0,0.0,0,0,,,1,100,89,1,1,89,0,17,37,89,1,0,Normal,0
9.932851,unknown_transport,,OTH,3,0,0.0,0.0,0.3020280884108701,0,0,0.0,0.0,0,0,0.0,0.0,0.0,0.0,0,0,0,0,0.0,0.0,0.0,0,0,,,1,2,3,1,1,2,0,17,37,2,1,0,Normal,0
15.769967,udp,dns,S0,7,0,1421.0,0.0,0.4438817151614839,0,0,720.8639054222498,0.0,0,0,0.0,0.0,0.0,0.0,0,0,0,0,0.0,0.0,0.0,203,0,,,2,49,4,2,3,3,0,17,36,3,2,0,Normal,0
18.541662,udp,dns,S0,13,0,2229.0,0.0,0.7011237719682303,0,0,961.7260847490372,0.0,0,0,0.0,0.0,0.0,0.0,0,0,0,0,0.0,0.0,0.0,171,0,,,1,50,5,1,4,1,0,16,36,1,1,0,Normal,0
0.024028,tcp,http,SH,13,0,1597.0,0.0,541.0354586315965,0,0,531713.001498252,0.0,0,0,0.0,0.0,0.0,0.0,0,0,0,0,0.0,0.0,0.0,122,0,2.0,0.0,37,100,86,37,1,86,0,16,37,86,1,0,Normal,0
0.034269,tcp,http,SH,13,0,1392.0,0.0,379.3516005719455,0,0,324958.41722839884,0.0,0,0,0.0,0.0,0.0,0.0,0,0,0,0,0.0,0.0,0.0,107,0,2.0,0.0,38,100,86,38,1,86,0,16,38,86,1,0,Normal,0
0.02862,tcp,http,SH,13,0,1597.0,0.0,454.22781271837874,0,0,446401.1180992313,0.0,0,0,0.0,0.0,0.0,0.0,0,0,0,0,0.0,0.0,0.0,122,0,2.0,0.0,38,100,86,38,1,86,0,16,38,86,1,0,Normal,0
0.020252,tcp,http,SH,13,0,1597.0,0.0,641.9119099348213,0,0,630851.2739482521,0.0,0,0,0.0,0.0,0.0,0.0,0,0,0,0,0.0,0.0,0.0,122,0,2.0,0.0,38,100,86,38,1,86,0,16,38,86,1,0,Normal,0
0.0,udp,dns,S0,1,0,0.0,0.0,0.0,0,0,0.0,0.0,0,0,0.0,0.0,0.0,0.0,0,0,0,0,0.0,0.0,0.0,0,0,,,3,51,6,3,5,4,0,15,38,4,3,0,Normal,0
0.029036,tcp,http,SH,13,0,1627.0,0.0,447.72007163521147,0,0,448271.1117233779,0.0,0,0,0.0,0.0,0.0,0.0,0,0,0,0,0.0,0.0,0.0,125,0,2.0,0.0,39,100,85,39,1,85,0,15,39,85,1,0,Normal,0
7.782971,udp,dns,S0,7,0,1239.0,0.0,0.8993994709732311,0,0,1273.5496508980953,0.0,0,0,0.0,0.0,0.0,0.0,0,0,0,0,0.0,0.0,0.0,177,0,,,2,52,7,2,6,2,0,15,39,2,2,0,Normal,0
0.036245,tcp,ftp,SH,13,0,99.0,0.0,358.6701614015726,0,0,21851.289833080424,0.0,0,0,0.0,0.0,0.0,0.0,0,0,0,0,0.0,0.0,0.0,7,0,,,16,100,84,16,1,84,1,16,38,84,1,0,Normal,0
0.012848,tcp,,SH,54,0,67424.0,0.0,4202.988792029888,0,0,41982565.37982565,0.0,0,0,0.0,0.0,0.0,0.0,0,0,0,0,0.0,0.0,0.0,1248,0,,,1,100,84,1,1,84,0,16,37,84,1,0,Normal,0
0.004264,tcp,,SH,27,4,0.0,52825.0,7270.168855534708,0,0,0.0,99108818.01125702,0,0,0.0,0.0,0.0,0.0,0,0,0,0,0.0,0.0,0.0,0,13206,,,1,100,84,1,1,84,0,16,36,84,1,0,Normal,0
0.023787,tcp,http,SH,13,0,1627.0,0.0,546.5170050868121,0,0,547189.6414007652,0.0,0,0,0.0,0.0,0.0,0.0,0,0,0,0,0.0,0.0,0.0,125,0,2.0,0.0,37,100,84,37,1,84,0,15,37,84,1,0,Normal,0
0.92215,udp,dns,S0,2,0,86.0,0.0,2.168844548067017,0,0,746.082524535054,0.0,0,0,0.0,0.0,0.0,0.0,0,0,0,0,0.0,0.0,0.0,43,0,,,2,53,8,2,7,2,0,15,37,2,2,0,Normal,0
0.028112,tcp,http,SH,13,0,1597.0,0.0,462.4359704040979,0,0,454467.842914058,0.0,0,0,0.0,0.0,0.0,0.0,0,0,0,0,0.0,0.0,0.0,122,0,2.0,0.0,38,100,83,38,1,83,0,15,38,83,1,0,Normal,0
0.028997,tcp,http,SH,13,0,1392.0,0.0,448.32224023174814,0,0,384039.7282477498,0.0,0,0,0.0,0.0,0.0,0.0,0,0,0,0,0.0,0.0,0.0,107,0,2.0,0.0,38,100,83,38,1,83,0,15,38,83,1,0,Normal,0
0.072022,tcp,ftp,SH,13,0,99.0,0.0,180.5004026547444,0,0,10996.63991558135,0.0,0,0,0.0,0.0,0.0,0.0,0,0,0,0,0.0,0.0,0.0,7,0,,,16,100,83,16,1,83,1,16,37,83,1,0,Normal,0
0.021076,tcp,,SH,47,0,58088.0,0.0,2230.024672613399,0,0,22048965.648130573,0.0,0,0,0.0,0.0,0.0,0.0,0,0,0,0,0.0,0.0,0.0,1235,0,,,1,100,84,1,1,84,0,16,37,84,1,0,Normal,0
0.010466,tcp,,SH,24,4,0.0,43489.0,2675.329638830499,0,0,0.0,33242117.33231416,0,0,0.0,0.0,0.0,0.0,0,0,0,0,0.0,0.0,0.0,0,10872,,,1,100,84,1,1,84,0,16,36,84,1,0,Normal,0
0.018807,tcp,http,SH,13,0,1627.0,0.0,691.2319880895411,0,0,692082.7351518051,0.0,0,0,0.0,0.0,0.0,0.0,0,0,0,0,0.0,0.0,0.0,125,0,2.0,0.0,37,100,85,37,1,85,0,16,37,85,1,0,Normal,0
0.0,udp,dns,S0,1,0,0.0,0.0,0.0,0,0,0.0,0.0,0,0,0.0,0.0,0.0,0.0,0,0,0,0,0.0,0.0,0.0,0,0,,,4,54,9,4,8,5,0,15,37,5,4,0,Normal,0
0.0,udp,dns,S0,1,0,0.0,0.0,0.0,0,0,0.0,0.0,0,0,0.0,0.0,0.0,0.0,0,0,0,0,0.0,0.0,0.0,0,0,,,3,55,10,3,9,3,0,15,37,3,3,0,Normal,0
0.02916,tcp,http,SH,13,0,1627.0,0.0,445.8161865569273,0,0,446364.8834019205,0.0,0,0,0.0,0.0,0.0,0.0,0,0,0,0,0.0,0.0,0.0,125,0,2.0,0.0,38,100,83,38,1,83,0,15,38,83,1,0,Normal,0
0.061742,tcp,ftp,SH,13,0,99.0,0.0,210.55359398788508,0,0,12827.57280295423,0.0,0,0,0.0,0.0,0.0,0.0,0,0,0,0,0.0,0.0,0.0,7,0,,,16,100,83,16,1,83,1,16,37,83,1,0,Normal,0
0.013789,tcp,,SH,14,0,12447.0,0.0,1015.3020523605774,0,0,7221408.368989775,0.0,0,0,0.0,0.0,0.0,0.0,0,0,0,0,0.0,0.0,0.0,889,0,,,1,100,83,1,1,83,0,16,36,83,1,0,Normal,0
0.007394,tcp,,SH,8,1,0.0,0.0,1217.2031376791992,0,0,0.0,0.0,0,0,0.0,0.0,0.0,0.0,0,0,0,0,0.0,0.0,0.0,0,0,,,1,100,83,1,1,83,0,16,35,83,1,0,Normal,0
0.033832,tcp,http,SH,13,0,1627.0,0.0,384.2515961220146,0,0,384724.5211633956,0.0,0,0,0.0,0.0,0.0,0.0,0,0,0,0,0.0,0.0,0.0,125,0,2.0,0.0,36,100,83,36,1,83,0,15,36,83,1,0,Normal,0
0.46364,udp,dns,S0,2,0,56.0,0.0,4.313691657320335,0,0,966.266931239755,0.0,0,0,0.0,0.0,0.0,0.0,0,0,0,0,0.0,0.0,0.0,28,0,,,2,56,2,2,1,2,0,15,36,2,1,0,Normal,0
0.0,udp,dns,S0,1,0,0.0,0.0,0.0,0,0,0.0,0.0,0,0,0.0,0.0,0.0,0.0,0,0,0,0,0.0,0.0,0.0,0,0,,,4,57,11,4,10,4,0,15,36,4,4,0,Normal,0
0.035454,tcp,http,SH,13,0,1392.0,0.0,366.67230777909407,0,0,314097.13995599933,0.0,0,0,0.0,0.0,0.0,0.0,0,0,0,0,0.0,0.0,0.0,107,0,2.0,0.0,36,100,81,36,1,81,0,15,36,81,1,0,Normal,0
0.052133,tcp,ftp,SH,13,1,99.0,0.0,268.5439165212054,0,0,15191.912991771049,0.0,0,0,0.0,0.0,0.0,0.0,0,0,0,0,0.0,0.0,0.0,7,0,,,16,100,81,16,1,81,1,16,35,81,1,0,Normal,0
0.020587,tcp,,SH,75,0,96468.0,0.0,3643.0757274007865,0,0,37486957.78889591,0.0,0,0,0.0,0.0,0.0,0.0,0,0,0,0,0.0,0.0,0.0,1286,0,,,1,100,81,1,1,81,0,16,34,81,1,0,Normal,0
0.007044,tcp,,SH,37,5,0.0,81869.0,5962.52129471891,0,0,0.0,92980124.9290176,0,0,0.0,0.0,0.0,0.0,0,0,0,0,0.0,0.0,0.0,0,16373,,,1,100,81,1,1,81,0,15,34,81,1,0,Normal,0
2.969296,udp,,S0,4,0,680.0,0.0,1.347120664292142,0,0,1832.0841034373127,0.0,0,0,0.0,0.0,0.0,0.0,0,0,0,0,0.0,0.0,0.0,170,0,,,4,58,5,4,1,5,0,15,34,5,1,0,Normal,0
0.017693,tcp,http,SH,13,0,1597.0,0.0,734.7538574577517,0,0,722093.4832984796,0.0,0,0,0.0,0.0,0.0,0.0,0,0,0,0,0.0,0.0,0.0,122,0,2.0,0.0,35,100,80,35,1,80,0,15,35,80,1,0,Normal,0
0.034315,tcp,http,SH,13,0,1597.0,0.0,378.84307154305696,0,0,372315.3140026228,0.0,0,0,0.0,0.0,0.0,0.0,0,0,0,0,0.0,0.0,0.0,122,0,2.0,0.0,35,100,80,35,1,80,0,15,35,80,1,0,Normal,0
6.61646,udp,,S0,7,0,4592.0,0.0,1.0579675536465118,0,0,5552.213721536894,0.0,0,0,0.0,0.0,0.0,0.0,0,0,0,0,0.0,0.0,0.0,656,0,,,1,59,6,1,1,1,0,15,34,80,1,0,Normal,0
0.0,udp,dns,S0,1,0,0.0,0.0,0.0,0,0,0.0,0.0,0,0,0.0,0.0,0.0,0.0,0,0,0,0,0.0,0.0,0.0,0,0,,,5,60,12,5,11,6,0,15,34,6,5,0,Normal,0
0.047991,tcp,ftp,SH,13,1,99.0,0.0,291.72136442249587,0,0,16503.094330186912,0.0,0,0,0.0,0.0,0.0,0.0,0,0,0,0,0.0,0.0,0.0,7,0,,,15,100,79,15,1,79,1,15,34,80,1,0,Normal,0
0.012668,tcp,,SH,52,0,65349.0,0.0,4104.83107041364,0,0,41268708.556994,0.0,0,0,0.0,0.0,0.0,0.0,0,0,0,0,0.0,0.0,0.0,1256,0,,,1,100,79,1,1,79,0,15,34,80,1,0,Normal,0
0.00849,tcp,,SH,26,4,0.0,50750.0,3533.56890459364,0,0,0.0,47820965.84216726,0,0,0.0,0.0,0.0,0.0,0,0,0,0,0.0,0.0,0.0,0,12687,,,1,100,79,1,1,79,0,15,34,80,1,0,Normal,0
0.020521,tcp,http,SH,13,0,1627.0,0.0,633.4973929145752,0,0,634277.0820135471,0.0,0,0,0.0,0.0,0.0,0.0,0,0,0,0,0.0,0.0,0.0,125,0,2.0,0.0,34,100,79,34,1,79,0,15,34,80,1,0,Normal,0
0.019262,tcp,http,SH,13,0,1392.0,0.0,674.9039559754957,0,0,578133.1118263939,0.0,0,0,0.0,0.0,0.0,0.0,0,0,0,0,0.0,0.0,0.0,107,0,2.0,0.0,35,100,80,35,1,80,0,15,35,81,1,0,Normal,0
0.029304,tcp,http,SH,13,0,1392.0,0.0,443.6254436254436,0,0,380016.38001638,0.0,0,0,0.0,0.0,0.0,0.0,0,0,0,0,0.0,0.0,0.0,107,0,2.0,0.0,35,100,80,35,1,80,0,15,35,81,1,0,Normal,0
0.035682,tcp,ftp,SH,13,0,99.0,0.0,364.3293537357772,0,0,22196.065242979654,0.0,0,0,0.0,0.0,0.0,0.0,0,0,0,0,0.0,0.0,0.0,7,0,,,15,100,80,15,1,80,1,15,35,81,1,0,Normal,0
0.008654,tcp,,SH,55,0,68461.0,0.0,6355.442569909868,0,0,63287266.00415993,0.0,0,0,0.0,0.0,0.0,0.0,0,0,0,0,0.0,0.0,0.0,1244,0,,,1,100,80,1,1,80,0,15,35,81,1,0,Normal,0
0.004879,tcp,,SH,28,4,0.0,53862.0,6558.721049395368,0,0,0.0,88316458.29063334,0,0,0.0,0.0,0.0,0.0,0,0,0,0,0.0,0.0,0.0,0,13465,,,1,100,80,1,1,80,0,15,35,81,1,0,Normal,0
0.026998,tcp,http,SH,13,0,1627.0,0.0,481.5171494184754,0,0,482109.7859100674,0.0,0,0,0.0,0.0,0.0,0.0,0,0,0,0,0.0,0.0,0.0,125,0,2.0,0.0,36,100,81,36,1,81,0,15,36,82,1,0,Normal,0
0.0,udp,dns,S0,1,0,0.0,0.0,0.0,0,0,0.0,0.0,0,0,0.0,0.0,0.0,0.0,0,0,0,0,0.0,0.0,0.0,0,0,,,5,61,12,5,11,5,0,15,35,5,5,0,Normal,0
0.032412,tcp,http,SH,13,0,1597.0,0.0,401.0860175243736,0,0,394174.9969147229,0.0,0,0,0.0,0.0,0.0,0.0,0,0,0,0,0.0,0.0,0.0,122,0,2.0,0.0,36,100,81,36,1,81,0,15,36,82,1,0,Normal,0
0.028376,tcp,http,SH,13,0,1627.0,0.0,458.1336340569496,0,0,458697.4908373273,0.0,0,0,0.0,0.0,0.0,0.0,0,0,0,0,0.0,0.0,0.0,125,0,2.0,0.0,36,100,81,36,1,81,0,15,36,82,1,0,Normal,0
0.039713,tcp,ftp,SH,13,1,99.0,0.0,352.52939843376225,0,0,19943.091682824263,0.0,0,0,0.0,0.0,0.0,0.0,0,0,0,0,0.0,0.0,0.0,7,0,,,15,100,81,15,1,81,1,15,36,82,1,0,Normal,0
0.009066,tcp,,SH,45,0,54976.0,0.0,4963.600264725348,0,0,48511802.33840724,0.0,0,0,0.0,0.0,0.0,0.0,0,0,0,0,0.0,0.0,0.0,1221,0,,,1,100,81,1,1,81,0,15,36,82,1,0,Normal,0
0.008182,tcp,,SH,23,3,0.0,40377.0,3177.7071620630654,0,0,0.0,39478856.02542166,0,0,0.0,0.0,0.0,0.0,0,0,0,0,0.0,0.0,0.0,0,13459,,,1,100,81,1,1,81,0,15,36,82,1,0,Normal,0
0.027999,tcp,http,SH,13,0,1392.0,0.0,464.30229651058966,0,0,397728.4903032251,0.0,0,0,0.0,0.0,0.0,0.0,0,0,0,0,0.0,0.0,0.0,107,0,2.0,0.0,36,100,81,36,1,81,0,15,36,82,1,0,Normal,0
0.025219,tcp,http,SH,13,0,1392.0,0.0,515.4843570323962,0,0,441571.8307625204,0.0,0,0,0.0,0.0,0.0,0.0,0,0,0,0,0.0,0.0,0.0,107,0,2.0,0.0,36,100,81,36,1,81,0,15,36,82,1,0,Normal,0
15.7696,udp,dns,S0,8,0,1488.0,0.0,0.5073051948051948,0,0,754.8701298701299,0.0,0,0,0.0,0.0,0.0,0.0,0,0,0,0,0.0,0.0,0.0,186,0,,,6,62,13,6,12,6,0,15,35,6,6,0,Normal,0
0.029161,tcp,http,SH,13,0,1627.0,0.0,445.80089846027226,0,0,446349.5764891465,0.0,0,0,0.0,0.0,0.0,0.0,0,0,0,0,0.0,0.0,0.0,125,0,2.0,0.0,36,100,80,36,1,80,0,14,36,81,1,0,Normal,0
0.038387,tcp,ftp,SH,13,1,99.0,0.0,364.7068017818533,0,0,20631.98478651627,0.0,0,0,0.0,0.0,0.0,0.0,0,0,0,0,0.0,0.0,0.0,7,0,,,15,100,80,15,1,80,1,15,36,81,1,0,Normal,0
0.008248,tcp,,SH,33,0,38380.0,0.0,4000.969932104752,0,0,37225994.18040737,0.0,0,0,0.0,0.0,0.0,0.0,0,0,0,0,0.0,0.0,0.0,1163,0,,,1,100,80,1,1,80,0,15,36,81,1,0,Normal,0
0.003609,tcp,,SH,17,3,0.0,23781.0,5541.701302299806,0,0,0.0,52714879.46799668,0,0,0.0,0.0,0.0,0.0,0,0,0,0,0.0,0.0,0.0,0,7927,,,1,100,80,1,1,80,0,15,35,81,1,0,Normal,0
0.02046,tcp,http,SH,13,0,1392.0,0.0,635.386119257087,0,0,544281.5249266862,0.0,0,0,0.0,0.0,0.0,0.0,0,0,0,0,0.0,0.0,0.0,107,0,2.0,0.0,35,100,80,35,1,80,0,15,35,81,1,0,Normal,0
2.968707,udp,,S0,4,0,680.0,0.0,1.3473879369031705,0,0,1832.4475941883115,0.0,0,0,0.0,0.0,0.0,0.0,0,0,0,0,0.0,0.0,0.0,170,0,,,4,63,5,4,1,4,0,15,34,4,1,0,Normal,0
0.026237,tcp,http,SH,13,0,1627.0,0.0,495.48347753173,0,0,496093.3033502306,0.0,0,0,0.0,0.0,0.0,0.0,0,0,0,0,0.0,0.0,0.0,125,0,2.0,0.0,35,100,79,35,1,79,0,14,35,80,1,0,Normal,0
6.040508,udp,,S0,7,0,4592.0,0.0,1.158842931753422,0,0,6081.607705841959,0.0,0,0,0.0,0.0,0.0,0.0,0,0,0,0,0.0,0.0,0.0,656,0,,,1,64,6,1,1,5,0,14,35,5,1,0,Normal,0
0.0,udp,dns,S0,1,0,0.0,0.0,0.0,0,0,0.0,0.0,0,0,0.0,0.0,0.0,0.0,0,0,0,0,0.0,0.0,0.0,0,0,,,7,65,14,7,13,7,0,14,35,7,7,0,Normal,0
0.044931,tcp,ftp,SH,13,0,99.0,0.0,289.3325321047829,0,0,17627.02810976831,0.0,0,0,0.0,0.0,0.0,0.0,0,0,0,0,0.0,0.0,0.0,7,0,,,15,100,77,15,1,77,1,15,34,78,1,0,Normal,0
0.016336,tcp,,SH,70,0,89207.0,0.0,4285.014691478942,0,0,43686092.06660137,0.0,0,0,0.0,0.0,0.0,0.0,0,0,0,0,0.0,0.0,0.0,1274,0,,,1,100,77,1,2,77,0,14,34,78,2,0,Normal,0
0.005662,tcp,,SH,35,5,0.0,74608.0,7064.641469445425,0,0,0.0,105415754.15047686,0,0,0.0,0.0,0.0,0.0,0,0,0,0,0.0,0.0,0.0,0,14921,,,1,100,77,1,1,77,0,14,34,78,1,0,Normal,0
0.025887,tcp,http,SH,13,0,1392.0,0.0,502.18256267624673,0,0,430177.3090740526,0.0,0,0,0.0,0.0,0.0,0.0,0,0,0,0,0.0,0.0,0.0,107,0,2.0,0.0,35,100,77,35,1,77,0,14,35,78,1,0,Normal,0
0.028801,tcp,http,SH,13,0,1597.0,0.0,451.37321620777055,0,0,443595.70848234434,0.0,0,0,0.0,0.0,0.0,0.0,0,0,0,0,0.0,0.0,0.0,122,0,2.0,0.0,36,100,78,36,1,78,0,14,36,79,1,0,Normal,0
0.028006,tcp,http,SH,13,0,1627.0,0.0,464.1862458044705,0,0,464757.5519531529,0.0,0,0,0.0,0.0,0.0,0.0,0,0,0,0,0.0,0.0,0.0,125,0,2.0,0.0,36,100,78,36,1,78,0,14,36,79,1,0,Normal,0
0.0,udp,dns,S0,1,0,0.0,0.0,0.0,0,0,0.0,0.0,0,0,0.0,0.0,0.0,0.0,0,0,0,0,0.0,0.0,0.0,0,0,,,8,66,15,8,14,8,0,14,35,8,8,0,Normal,0
0.043251,tcp,http,SH,13,0,1597.0,0.0,300.5710850616171,0,0,295392.01405747846,0.0,0,0,0.0,0.0,0.0,0.0,0,0,0,0,0.0,0.0,0.0,122,0,2.0,0.0,36,100,77,36,1,77,0,13,36,78,1,0,Normal,0
0.053126,tcp,ftp,SH,13,1,99.0,0.0,263.524451304446,0,0,14907.954673794377,0.0,0,0,0.0,0.0,0.0,0.0,0,0,0,0,0.0,0.0,0.0,7,0,,,14,100,77,14,1,77,1,14,36,78,1,0,Normal,0
0.021205,tcp,,SH,80,0,102692.0,0.0,3772.6951190756895,0,0,38742560.71681207,0.0,0,0,0.0,0.0,0.0,0.0,0,0,0,0,0.0,0.0,0.0,1283,0,,,1,100,77,1,1,77,0,14,36,78,1,0,Normal,0
0.008182,tcp,,SH,39,5,0.0,88093.0,5377.658274260572,0,0,0.0,86133463.70080665,0,0,0.0,0.0,0.0,0.0,0,0,0,0,0.0,0.0,0.0,0,17618,,,1,100,77,1,1,77,0,14,35,78,1,0,Normal,0
0.028343,tcp,http,SH,13,0,1627.0,0.0,458.6670430088558,0,0,459231.556292559,0.0,0,0,0.0,0.0,0.0,0.0,0,0,0,0,0.0,0.0,0.0,125,0,2.0,0.0,35,100,77,35,1,77,0,14,35,78,1,0,Normal,0
0.04261,tcp,ftp,SH,13,0,99.0,0.0,305.0927012438395,0,0,18587.18610654776,0.0,0,0,0.0,0.0,0.0,0.0,0,0,0,0,0.0,0.0,0.0,7,0,,,14,100,77,14,1,77,1,14,35,78,1,0,Normal,0
0.017268,tcp,,SH,74,0,95431.0,0.0,4285.383368079685,0,0,44211721.10261756,0.0,0,0,0.0,0.0,0.0,0.0,0,0,0,0,0.0,0.0,0.0,1289,0,,,1,100,77,1,1,77,0,14,35,78,1,0,Normal,0
0.006299,tcp,,SH,37,5,0.0,80832.0,6667.725035719956,0,0,0.0,102660104.77853628,0,0,0.0,0.0,0.0,0.0,0,0,0,0,0.0,0.0,0.0,0,16166,,,1,100,77,1,2,77,0,14,35,78,2,0,Normal,0
0.018215,tcp,http,SH,13,0,1627.0,0.0,713.6975020587429,0,0,714575.8989843536,0.0,0,0,0.0,0.0,0.0,0.0,0,0,0,0,0.0,0.0,0.0,125,0,2.0,0.0,35,100,77,35,2,77,0,14,35,78,2,0,Normal,0
0.022629,tcp,http,SH,13,0,1392.0,0.0,574.4840691148527,0,0,492111.8918202307,0.0,0,0,0.0,0.0,0.0,0.0,0,0,0,0,0.0,0.0,0.0,107,0,2.0,0.0,35,100,77,35,1,77,0,14,35,78,1,0,Normal,0
6.451342,udp,,S0,7,0,4592.0,0.0,1.085045561063109,0,0,5694.319104459196,0.0,0,0,0.0,0.0,0.0,0.0,0,0,0,0,0.0,0.0,0.0,656,0,,,2,67,6,2,1,5,0,13,35,5,1,0,Normal,0
0.041177,tcp,http,SH,13,0,1392.0,0.0,315.7102265828011,0,0,270442.2371712364,0.0,0,0,0.0,0.0,0.0,0.0,0,0,0,0,0.0,0.0,0.0,107,0,2.0,0.0,36,100,76,36,1,76,0,13,36,77,1,0,Normal,0
0.040287,tcp,ftp,SH,13,0,99.0,0.0,322.6847370119393,0,0,19658.947054881224,0.0,0,0,0.0,0.0,0.0,0.0,0,0,0,0,0.0,0.0,0.0,7,0,,,14,100,76,14,1,76,1,14,36,77,1,0,Normal,0
0.012711,tcp,,SH,62,0,78834.0,0.0,4877.665014554323,0,0,49616237.90417749,0.0,0,0,0.0,0.0,0.0,0.0,0,0,0,0,0.0,0.0,0.0,1271,0,,,1,100,77,1,1,77,0,14,36,78,1,0,Normal,0
0.005037,tcp,,SF,31,5,0.0,64234.0,7147.11137581894,0,0,0.0,102019456.02541196,0,0,0.0,0.0,0.0,0.0,0,0,0,0,0.0,0.0,0.0,0,12846,,,1,15,78,1,1,78,0,14,36,79,1,0,Normal,0
0.034333,tcp,http,SH,13,0,1392.0,0.0,378.6444528587656,0,0,324352.66361809336,0.0,0,0,0.0,0.0,0.0,0.0,0,0,0,0,0.0,0.0,0.0,107,0,2.0,0.0,36,100,78,36,1,78,0,14,36,79,1,0,Normal,0
0.0,udp,dns,S0,1,0,0.0,0.0,0.0,0,0,0.0,0.0,0,0,0.0,0.0,0.0,0.0,0,0,0,0,0.0,0.0,0.0,0,0,,,9,68,15,9,14,9,0,14,35,9,9,0,Normal,0
1.024264,udp,dns,S0,2,0,86.0,0.0,1.9526215897463932,0,0,671.7018268727593,0.0,0,0,0.0,0.0,0.0,0.0,0,0,0,0,0.0,0.0,0.0,43,0,,,2,69,16,2,15,2,0,13,35,2,2,0,Normal,0
2.970876,udp,,S0,4,0,680.0,0.0,1.3464042255550217,0,0,1831.109746754829,0.0,0,0,0.0,0.0,0.0,0.0,0,0,0,0,0.0,0.0,0.0,170,0,,,4,70,7,4,1,6,0,13,35,6,1,0,Normal,0
0.023003,tcp,http,SH,13,0,1597.0,0.0,565.1436769117072,0,0,555405.8166326132,0.0,0,0,0.0,0.0,0.0,0.0,0,0,0,0,0.0,0.0,0.0,122,0,2.0,0.0,36,100,75,36,1,75,0,13,36,76,1,0,Normal,0
0.058585,tcp,ftp,SH,13,0,99.0,0.0,221.8998037040198,0,0,13518.818810275669,0.0,0,0,0.0,0.0,0.0,0.0,0,0,0,0,0.0,0.0,0.0,7,0,,,14,100,75,14,1,75,1,14,35,76,1,0,Normal,0
0.007884,tcp,,SH,13,0,11410.0,0.0,1648.9091831557585,0,0,11577879.249112124,0.0,0,0,0.0,0.0,0.0,0.0,0,0,0,0,0.0,0.0,0.0,877,0,,,1,100,76,1,1,76,0,14,35,77,1,0,Normal,0
0.013807,tcp,,SH,8,1,0.0,0.0,651.8432679075831,0,0,0.0,0.0,0,0,0.0,0.0,0.0,0.0,0,0,0,0,0.0,0.0,0.0,0,0,,,1,100,77,1,1,77,0,14,35,78,1,0,Normal,0
0.02159,tcp,http,SH,13,0,1627.0,0.0,602.1306160259379,0,0,602871.6998610467,0.0,0,0,0.0,0.0,0.0,0.0,0,0,0,0,0.0,0.0,0.0,125,0,2.0,0.0,36,100,77,36,1,77,0,13,36,78,1,0,Normal,0
15.572588,udp,dns,S0,7,0,1407.0,0.0,0.4495078146291419,0,0,722.8085659236602,0.0,0,0,0.0,0.0,0.0,0.0,0,0,0,0,0.0,0.0,0.0,201,0,,,10,71,17,10,16,10,0,13,36,10,10,0,Normal,0
0.035984,tcp,http,SH,13,0,1627.0,0.0,361.271676300578,0,0,361716.3183637172,0.0,0,0,0.0,0.0,0.0,0.0,0,0,0,0,0.0,0.0,0.0,125,0,2.0,0.0,37,100,76,37,1,76,0,13,37,77,1,0,Normal,0
0.046627,tcp,ftp,SH,13,0,99.0,0.0,278.80841572479466,0,0,16985.866558002872,0.0,0,0,0.0,0.0,0.0,0.0,0,0,0,0,0.0,0.0,0.0,7,0,,,14,100,77,14,1,77,1,14,37,78,1,0,Normal,0
0.017565,tcp,,SH,78,0,100617.0,0.0,4440.649017933391,0,0,45826131.51152861,0.0,0,0,0.0,0.0,0.0,0.0,0,0,0,0,0.0,0.0,0.0,1289,0,,,1,100,78,1,1,78,0,14,37,79,1,0,Normal,0
0.006556,tcp,,SH,38,6,0.0,80178.0,6711.4093959731545,0,0,0.0,97837705.91824284,0,0,0.0,0.0,0.0,0.0,0,0,0,0,0.0,0.0,0.0,0,13363,,,1,100,79,1,1,79,0,14,37,80,1,0,Normal,0
0.049161,tcp,http,SH,13,0,1392.0,0.0,264.43725717540326,0,0,226521.02276194544,0.0,0,0,0.0,0.0,0.0,0.0,0,0,0,0,0.0,0.0,0.0,107,0,2.0,0.0,37,100,79,37,1,79,0,14,37,80,1,0,Normal,0
0.035201,tcp,ftp,SH,13,1,99.0,0.0,397.715973978012,0,0,22499.36081361325,0.0,0,0,0.0,0.0,0.0,0.0,0,0,0,0,0.0,0.0,0.0,7,0,,,15,100,79,15,1,79,1,15,36,80,1,0,Normal,0
0.006218,tcp,,SH,11,0,9335.0,0.0,1769.0575747828884,0,0,12010292.69861692,0.0,0,0,0.0,0.0,0.0,0.0,0,0,0,0,0.0,0.0,0.0,848,0,,,1,100,79,1,1,79,0,15,35,80,1,0,Normal,0
0.004665,tcp,,SH,7,1,0.0,0.0,1714.898177920686,0,0,0.0,0.0,0,0,0.0,0.0,0.0,0.0,0,0,0,0,0.0,0.0,0.0,0,0,,,1,100,79,1,1,79,0,15,34,80,1,0,Normal,0
0.023702,tcp,http,SH,13,0,1597.0,0.0,548.4769217787529,0,0,539026.2425111805,0.0,0,0,0.0,0.0,0.0,0.0,0,0,0,0,0.0,0.0,0.0,122,0,2.0,0.0,35,100,80,35,1,80,0,15,35,81,1,0,Normal,0
0.0,udp,dns,S0,1,0,0.0,0.0,0.0,0,0,0.0,0.0,0,0,0.0,0.0,0.0,0.0,0,0,0,0,0.0,0.0,0.0,0,0,,,10,72,14,10,14,10,0,15,34,10,10,0,Normal,0
0.046014,tcp,ftp,SH,13,1,99.0,0.0,304.2552266701439,0,0,17212.152823053853,0.0,0,0,0.0,0.0,0.0,0.0,0,0,0,0,0.0,0.0,0.0,7,0,,,16,100,80,16,1,80,1,16,34,81,1,0,Normal,0
0.009252,tcp,,SH,22,0,23857.0,0.0,2377.864245568526,0,0,20628620.83873757,0.0,0,0,0.0,0.0,0.0,0.0,0,0,0,0,0.0,0.0,0.0,1084,0,,,1,100,80,1,1,80,0,15,34,81,1,0,Normal,0
0.007376,tcp,,SH,12,1,0.0,0.0,1762.472885032538,0,0,0.0,0.0,0,0,0.0,0.0,0.0,0.0,0,0,0,0,0.0,0.0,0.0,0,0,,,1,100,80,1,1,80,0,15,34,81,1,0,Normal,0
0.028041,tcp,http,SH,13,0,1597.0,0.0,463.60686138154847,0,0,455618.5585392818,0.0,0,0,0.0,0.0,0.0,0.0,0,0,0,0,0.0,0.0,0.0,122,0,2.0,0.0,35,100,80,35,1,80,0,15,35,81,1,0,Normal,0
0.023817,tcp,http,SH,13,0,1597.0,0.0,545.8286098165175,0,0,536423.5630012176,0.0,0,0,0.0,0.0,0.0,0.0,0,0,0,0,0.0,0.0,0.0,122,0,2.0,0.0,35,100,80,35,1,80,0,15,35,81,1,0,Normal,0
0.038578,tcp,ftp,SH,13,1,99.0,0.0,362.90113536212345,0,0,20529.8356576287,0.0,0,0,0.0,0.0,0.0,0.0,0,0,0,0,0.0,0.0,0.0,7,0,,,16,100,81,16,1,81,1,16,35,82,1,0,Normal,0
0.006571,tcp,,SH,31,0,36305.0,0.0,4717.698980368285,0,0,44200273.93090854,0.0,0,0,0.0,0.0,0.0,0.0,0,0,0,0,0.0,0.0,0.0,1171,0,,,1,100,81,1,1,81,0,16,34,82,1,0,Normal,0
0.005824,tcp,,SH,16,2,0.0,21706.0,3090.6593406593406,0,0,0.0,29815934.065934066,0,0,0.0,0.0,0.0,0.0,0,0,0,0,0.0,0.0,0.0,0,10853,,,1,100,81,1,1,81,0,16,33,82,1,0,Normal,0
0.0,udp,dns,S0,1,0,0.0,0.0,0.0,0,0,0.0,0.0,0,0,0.0,0.0,0.0,0.0,0,0,0,0,0.0,0.0,0.0,0,0,,,10,73,13,10,13,10,0,15,33,10,10,0,Normal,0
0.026681,tcp,http,SH,13,0,1392.0,0.0,487.2381095161351,0,0,417375.66058243695,0.0,0,0,0.0,0.0,0.0,0.0,0,0,0,0,0.0,0.0,0.0,107,0,2.0,0.0,34,100,80,34,1,80,0,15,34,81,1,0,Normal,0
0.024661,tcp,http,SH,13,0,1597.0,0.0,527.1481286241434,0,0,518064.96086938895,0.0,0,0,0.0,0.0,0.0,0.0,0,0,0,0,0.0,0.0,0.0,122,0,2.0,0.0,35,100,80,35,1,80,0,15,35,81,1,0,Normal,0
0.045109,tcp,ftp,SH,13,0,99.0,0.0,288.190826664302,0,0,17557.471901394398,0.0,0,0,0.0,0.0,0.0,0.0,0,0,0,0,0.0,0.0,0.0,7,0,,,16,100,80,16,1,80,1,16,34,81,1,0,Normal,0
0.012979,tcp,,SH,69,0,88170.0,0.0,5316.280144849372,0,0,54346251.63726019,0.0,0,0,0.0,0.0,0.0,0.0,0,0,0,0,0.0,0.0,0.0,1277,0,,,1,100,81,1,1,81,0,16,34,82,1,0,Normal,0
0.008403,tcp,,SH,34,5,0.0,73571.0,4641.199571581577,0,0,0.0,70042603.83196476,0,0,0.0,0.0,0.0,0.0,0,0,0,0,0.0,0.0,0.0,0,14714,,,1,100,82,1,1,82,0,16,34,83,1,0,Normal,0
3.071305,udp,,S0,4,0,680.0,0.0,1.3023779793931245,0,0,1771.2340519746492,0.0,0,0,0.0,0.0,0.0,0.0,0,0,0,0,0.0,0.0,0.0,170,0,,,4,74,7,4,1,6,0,16,33,6,1,0,Normal,0
0.026178,tcp,http,SH,13,0,1392.0,0.0,496.6001986400794,0,0,425395.37015814806,0.0,0,0,0.0,0.0,0.0,0.0,0,0,0,0,0.0,0.0,0.0,107,0,2.0,0.0,34,100,81,34,1,81,0,15,34,82,1,0,Normal,0
0.038922,tcp,http,SH,13,0,1392.0,0.0,334.00133600534406,0,0,286110.68290427007,0.0,0,0,0.0,0.0,0.0,0.0,0,0,0,0,0.0,0.0,0.0,107,0,2.0,0.0,35,100,81,35,1,81,0,15,35,82,1,0,Normal,0
0.038527,tcp,ftp,SH,13,0,99.0,0.0,337.4257014561217,0,0,20557.01196563449,0.0,0,0,0.0,0.0,0.0,0.0,0,0,0,0,0.0,0.0,0.0,7,0,,,16,100,81,16,1,81,1,16,35,82,1,0,Normal,0
0.009938,tcp,,SH,32,0,37342.0,0.0,3219.9637754075266,0,0,30059971.82531696,0.0,0,0,0.0,0.0,0.0,0.0,0,0,0,0,0.0,0.0,0.0,1166,0,,,1,100,81,1,1,81,0,16,34,82,1,0,Normal,0
0.003988,tcp,,SH,17,2,0.0,22743.0,4764.292878635907,0,0,0.0,45622868.60581745,0,0,0.0,0.0,0.0,0.0,0,0,0,0,0.0,0.0,0.0,0,11371,,,1,100,82,1,1,82,0,16,34,83,1,0,Normal,0
0.042012,tcp,ftp,SH,13,0,99.0,0.0,309.4353994096925,0,0,18851.756640959724,0.0,0,0,0.0,0.0,0.0,0.0,0,0,0,0,0.0,0.0,0.0,7,0,,,17,100,83,17,1,83,1,17,34,84,1,0,Normal,0
0.010653,tcp,,SH,41,0,49790.0,0.0,3848.6811226884447,0,0,37390406.45827467,0.0,0,0,0.0,0.0,0.0,0.0,0,0,0,0,0.0,0.0,0.0,1214,0,,,1,100,83,1,1,83,0,17,33,84,1,0,Normal,0
0.005125,tcp,,SH,21,3,0.0,35191.0,4682.926829268293,0,0,0.0,54932292.682926826,0,0,0.0,0.0,0.0,0.0,0,0,0,0,0.0,0.0,0.0,0,11730,,,1,100,83,1,1,83,0,16,33,84,1,0,Normal,0
0.024938,tcp,http,SH,13,0,1627.0,0.0,521.2928061592751,0,0,521934.3973053172,0.0,0,0,0.0,0.0,0.0,0.0,0,0,0,0,0.0,0.0,0.0,125,0,2.0,0.0,34,100,83,34,1,83,0,16,34,84,1,0,Normal,0
0.0,udp,dns,S0,1,0,0.0,0.0,0.0,0,0,0.0,0.0,0,0,0.0,0.0,0.0,0.0,0,0,0,0,0.0,0.0,0.0,0,0,,,9,75,11,9,11,9,0,16,34,9,9,0,Normal,0
0.020938,tcp,http,SH,13,0,1597.0,0.0,620.8806953863789,0,0,610182.4434043367,0.0,0,0,0.0,0.0,0.0,0.0,0,0,0,0,0.0,0.0,0.0,122,0,2.0,0.0,35,100,83,35,1,83,0,16,35,84,1,0,Normal,0
0.036931,tcp,ftp,SH,13,1,99.0,0.0,379.0853212748098,0,0,21445.398174974955,0.0,0,0,0.0,0.0,0.0,0.0,0,0,0,0,0.0,0.0,0.0,7,0,,,17,100,83,17,1,83,1,17,34,84,1,0,Normal,0
0.013831,tcp,,SH,68,0,87133.0,0.0,4916.491938399248,0,0,50398669.65512256,0.0,0,0,0.0,0.0,0.0,0.0,0,0,0,0,0.0,0.0,0.0,1281,0,,,1,100,83,1,1,83,0,17,33,84,1,0,Normal,0
0.006516,tcp,,SH,33,4,0.0,66694.0,5678.330263965623,0,0,0.0,81883364.02701044,0,0,0.0,0.0,0.0,0.0,0,0,0,0,0.0,0.0,0.0,0,16673,,,1,100,84,1,1,84,0,17,33,84,1,0,Normal,0
0.032089,tcp,http,SH,13,0,1597.0,0.0,405.1232509582723,0,0,398142.6657109913,0.0,0,0,0.0,0.0,0.0,0.0,0,0,0,0,0.0,0.0,0.0,122,0,2.0,0.0,34,100,85,34,1,85,0,17,34,85,1,0,Normal,0
0.019757,tcp,http,SH,13,0,1627.0,0.0,657.9946348129777,0,0,658804.4743635167,0.0,0,0,0.0,0.0,0.0,0.0,0,0,0,0,0.0,0.0,0.0,125,0,2.0,0.0,35,100,85,35,1,85,0,16,35,85,1,0,Normal,0
0.030824,tcp,http,SH,13,0,1627.0,0.0,421.7492862704386,0,0,422268.3623150792,0.0,0,0,0.0,0.0,0.0,0.0,0,0,0,0,0.0,0.0,0.0,125,0,2.0,0.0,36,100,85,36,1,85,0,16,36,85,1,0,Normal,0
0.041241,tcp,ftp,SH,13,1,99.0,0.0,339.4680051405155,0,0,19204.19000509202,0.0,0,0,0.0,0.0,0.0,0.0,0,0,0,0,0.0,0.0,0.0,7,0,,,17,100,85,17,1,85,1,17,36,85,1,0,Normal,0
0.01364,tcp,,SH,65,0,82983.0,0.0,4765.395894428153,0,0,48670381.23167156,0.0,0,0,0.0,0.0,0.0,0.0,0,0,0,0,0.0,0.0,0.0,1276,0,,,1,100,85,1,1,85,0,17,35,85,1,0,Normal,0
0.004862,tcp,,SH,32,3,0.0,36264.0,7198.683669271904,0,0,0.0,59669271.90456602,0,0,0.0,0.0,0.0,0.0,0,0,0,0,0.0,0.0,0.0,0,12088,,,1,100,85,1,1,85,0,17,34,85,1,0,Normal,0
0.025348,tcp,http,SH,13,0,1597.0,0.0,512.8609752248698,0,0,504023.9861133028,0.0,0,0,0.0,0.0,0.0,0.0,0,0,0,0,0.0,0.0,0.0,122,0,2.0,0.0,34,100,85,34,1,85,0,17,34,85,1,0,Normal,0
0.027212,tcp,http,SH,13,0,1597.0,0.0,477.7304130530648,0,0,469498.7505512274,0.0,0,0,0.0,0.0,0.0,0.0,0,0,0,0,0.0,0.0,0.0,122,0,2.0,0.0,35,100,85,35,1,85,0,16,35,85,1,0,Normal,0
0.024891,tcp,http,SH,13,0,1627.0,0.0,522.2771282792977,0,0,522919.9308987184,0.0,0,0,0.0,0.0,0.0,0.0,0,0,0,0,0.0,0.0,0.0,125,0,2.0,0.0,36,100,85,36,1,85,0,16,36,85,1,0,Normal,0
0.056029,tcp,ftp,SH,13,0,99.0,0.0,232.02270252904745,0,0,14135.536954077352,0.0,0,0,0.0,0.0,0.0,0.0,0,0,0,0,0.0,0.0,0.0,7,0,,,17,100,85,17,1,85,1,17,36,85,1,0,Normal,0
0.016436,tcp,,SH,29,0,33193.0,0.0,1764.4195668045754,0,0,16156242.394743249,0.0,0,0,0.0,0.0,0.0,0.0,0,0,0,0,0.0,0.0,0.0,1144,0,,,1,100,85,1,1,85,0,17,35,85,1,0,Normal,0
0.009099,tcp,,SH,15,2,0.0,12754.0,1868.3371799098804,0,0,0.0,11213539.949444994,0,0,0.0,0.0,0.0,0.0,0,0,0,0,0.0,0.0,0.0,0,6377,,,1,100,86,1,1,86,0,17,35,86,1,0,Normal,0
0.027929,tcp,http,SH,13,0,1597.0,0.0,465.4660030792367,0,0,457445.6657954098,0.0,0,0,0.0,0.0,0.0,0.0,0,0,0,0,0.0,0.0,0.0,122,0,2.0,0.0,35,100,86,35,1,86,0,17,35,86,1,0,Normal,0
3.071403,udp,,S0,4,0,680.0,0.0,1.3023364241032518,0,0,1771.1775367804223,0.0,0,0,0.0,0.0,0.0,0.0,0,0,0,0,0.0,0.0,0.0,170,0,,,4,76,6,4,1,6,0,17,34,6,1,0,Normal,0
0.034412,tcp,http,SH,13,0,1392.0,0.0,377.77519469952347,0,0,323608.0437056841,0.0,0,0,0.0,0.0,0.0,0.0,0,0,0,0,0.0,0.0,0.0,107,0,2.0,0.0,35,100,85,35,1,85,0,16,35,85,1,0,Normal,0
0.0,udp,dns,S0,2,0,0.0,0.0,0.0,0,0,0.0,0.0,0,0,0.0,0.0,0.0,0.0,0,0,0,0,0.0,0.0,0.0,0,0,,,1,77,10,1,10,1,0,16,35,1,1,0,Normal,0
0.0,udp,dns,S0,1,0,0.0,0.0,0.0,0,0,0.0,0.0,0,0,0.0,0.0,0.0,0.0,0,0,0,0,0.0,0.0,0.0,0,0,,,1,78,1,1,1,1,0,16,35,2,1,0,Normal,0
0.025822,tcp,http,SH,13,0,1627.0,0.0,503.44667337928894,0,0,504066.3000542173,0.0,0,0,0.0,0.0,0.0,0.0,0,0,0,0,0.0,0.0,0.0,125,0,2.0,0.0,35,100,83,35,1,83,0,16,35,83,1,0,Normal,0
0.041208,tcp,ftp,SH,13,0,99.0,0.0,315.4727237429625,0,0,19219.5690157251,0.0,0,0,0.0,0.0,0.0,0.0,0,0,0,0,0.0,0.0,0.0,7,0,,,17,100,83,17,1,83,1,17,34,83,1,0,Normal,0
0.007238,tcp,,SH,9,0,6223.0,0.0,1243.4374136501797,0,0,6878143.133462283,0.0,0,0,0.0,0.0,0.0,0.0,0,0,0,0,0.0,0.0,0.0,691,0,,,1,100,84,1,1,84,0,17,34,84,1,0,Normal,0
0.006351,tcp,,SH,6,1,0.0,0.0,1102.1886317115416,0,0,0.0,0.0,0,0,0.0,0.0,0.0,0.0,0,0,0,0,0.0,0.0,0.0,0,0,,,1,100,84,1,2,84,0,17,33,84,2,0,Normal,0
0.02297,tcp,http,SH,13,0,1627.0,0.0,565.955594253374,0,0,566652.1549847627,0.0,0,0,0.0,0.0,0.0,0.0,0,0,0,0,0.0,0.0,0.0,125,0,2.0,0.0,34,100,84,34,1,84,0,16,34,84,1,0,Normal,0
0.042186,tcp,ftp,SH,13,1,99.0,0.0,331.8636514483478,0,0,18774.00085336368,0.0,0,0,0.0,0.0,0.0,0.0,0,0,0,0,0.0,0.0,0.0,7,0,,,17,100,84,17,1,84,1,17,34,84,1,0,Normal,0
0.005932,tcp,,SH,15,0,14522.0,0.0,2528.658125421443,0,0,19584625.75859744,0.0,0,0,0.0,0.0,0.0,0.0,0,0,0,0,0.0,0.0,0.0,968,0,,,1,100,84,1,1,84,0,17,34,84,1,0,Normal,0
0.009349,tcp,,SH,9,1,0.0,0.0,1069.6331158412663,0,0,0.0,0.0,0,0,0.0,0.0,0.0,0.0,0,0,0,0,0.0,0.0,0.0,0,0,,,1,100,84,1,1,84,0,17,33,84,1,0,Normal,0
0.017577,tcp,http,SH,13,0,1597.0,0.0,739.6028901405246,0,0,726858.9634181033,0.0,0,0,0.0,0.0,0.0,0.0,0,0,0,0,0.0,0.0,0.0,122,0,2.0,0.0,34,100,85,34,1,85,0,17,34,85,1,0,Normal,0
0.02094,tcp,http,SH,13,0,1597.0,0.0,620.821394460363,0,0,610124.1642788921,0.0,0,0,0.0,0.0,0.0,0.0,0,0,0,0,0.0,0.0,0.0,122,0,2.0,0.0,34,100,85,34,1,85,0,17,34,85,1,0,Normal,0
1.033736,udp,dns,S0,2,0,86.0,0.0,1.934729950393524,0,0,665.5471029353723,0.0,0,0,0.0,0.0,0.0,0.0,0,0,0,0,0.0,0.0,0.0,43,0,,,2,79,10,2,10,2,0,17,34,2,2,0,Normal,0
0.033825,tcp,http,SH,13,0,1627.0,0.0,384.3311160384331,0,0,384804.1389504804,0.0,0,0,0.0,0.0,0.0,0.0,0,0,0,0,0.0,0.0,0.0,125,0,2.0,0.0,35,100,86,35,1,86,0,17,35,86,1,0,Normal,0
0.028901,tcp,ftp,SH,13,0,99.0,0.0,449.8114252102004,0,0,27403.896058959897,0.0,0,0,0.0,0.0,0.0,0.0,0,0,0,0,0.0,0.0,0.0,7,0,,,17,100,86,17,1,86,1,17,35,86,1,0,Normal,0
0.005401,tcp,,SH,18,0,18671.0,0.0,3332.7161636733936,0,0,27655619.329753745,0.0,0,0,0.0,0.0,0.0,0.0,0,0,0,0,0.0,0.0,0.0,1037,0,,,1,100,86,1,1,86,0,17,35,86,1,0,Normal,0
0.003315,tcp,,SH,10,1,0.0,0.0,3318.2503770739067,0,0,0.0,0.0,0,0,0.0,0.0,0.0,0.0,0,0,0,0,0.0,0.0,0.0,0,0,,,1,100,86,1,1,86,0,17,35,86,1,0,Normal,0
0.0166,tcp,http,SH,13,0,1597.0,0.0,783.1325301204819,0,0,769638.5542168674,0.0,0,0,0.0,0.0,0.0,0.0,0,0,0,0,0.0,0.0,0.0,122,0,2.0,0.0,35,100,86,35,1,86,0,17,35,86,1,0,Normal,0
0.032718,tcp,http,SH,13,0,1597.0,0.0,397.3348004156734,0,0,390488.41616235714,0.0,0,0,0.0,0.0,0.0,0.0,0,0,0,0,0.0,0.0,0.0,122,0,2.0,0.0,35,100,86,35,2,86,0,17,35,86,2,0,Normal,0
0.039318,tcp,ftp,SH,13,1,99.0,0.0,356.0710107329976,0,0,20143.44575003815,0.0,0,0,0.0,0.0,0.0,0.0,0,0,0,0,0.0,0.0,0.0,7,0,,,18,100,86,18,1,86,1,18,34,86,1,0,Normal,0
0.00473,tcp,,SH,10,0,7261.0,0.0,2114.1649048625795,0,0,12280761.09936575,0.0,0,0,0.0,0.0,0.0,0.0,0,0,0,0,0.0,0.0,0.0,726,0,,,1,100,87,1,1,87,0,18,34,87,1,0,Normal,0
0.002875,tcp,,SH,6,1,0.0,0.0,2434.782608695652,0,0,0.0,0.0,0,0,0.0,0.0,0.0,0.0,0,0,0,0,0.0,0.0,0.0,0,0,,,1,100,87,1,1,87,0,18,33,87,1,0,Normal,0
0.033001,tcp,http,SH,13,0,1392.0,0.0,393.92745674373504,0,0,337444.3198690949,0.0,0,0,0.0,0.0,0.0,0.0,0,0,0,0,0.0,0.0,0.0,107,0,2.0,0.0,34,100,87,34,1,87,0,17,34,87,1,0,Normal,0
0.031826,tcp,http,SH,13,0,1392.0,0.0,408.4710613963426,0,0,349902.5953622824,0.0,0,0,0.0,0.0,0.0,0.0,0,0,0,0,0.0,0.0,0.0,107,0,2.0,0.0,35,100,87,35,1,87,0,17,35,87,1,0,Normal,0
0.023395,tcp,http,SH,13,0,1597.0,0.0,555.6742893780722,0,0,546099.593930327,0.0,0,0,0.0,0.0,0.0,0.0,0,0,0,0,0.0,0.0,0.0,122,0,2.0,0.0,36,100,87,36,1,87,0,17,36,87,1,0,Normal,0
3.079763,udp,,S0,4,0,680.0,0.0,1.2988012389265018,0,0,1766.3696849400426,0.0,0,0,0.0,0.0,0.0,0.0,0,0,0,0,0.0,0.0,0.0,170,0,,,4,80,5,4,1,5,0,17,35,5,1,0,Normal,0
0.023941,tcp,http,SH,13,0,1392.0,0.0,543.001545465937,0,0,465143.477716052,0.0,0,0,0.0,0.0,0.0,0.0,0,0,0,0,0.0,0.0,0.0,107,0,2.0,0.0,36,100,86,36,1,86,0,16,36,86,1,0,Normal,0
15.768115,udp,dns,S0,8,0,1488.0,0.0,0.5073529714870801,0,0,754.9412215727752,0.0,0,0,0.0,0.0,0.0,0.0,0,0,0,0,0.0,0.0,0.0,186,0,,,6,81,9,6,9,6,0,16,36,6,6,0,Normal,0
0.027661,tcp,http,SH,13,0,1392.0,0.0,469.9757781714327,0,0,402588.48197823646,0.0,0,0,0.0,0.0,0.0,0.0,0,0,0,0,0.0,0.0,0.0,107,0,2.0,0.0,37,100,85,37,1,85,0,16,37,85,1,0,Normal,0
0.029213,tcp,ftp,SH,13,1,99.0,0.0,479.2386951014959,0,0,27111.217608598912,0.0,0,0,0.0,0.0,0.0,0.0,0,0,0,0,0.0,0.0,0.0,7,0,,,17,100,85,17,1,85,1,17,36,85,1,0,Normal,0
0.003846,tcp,,SH,9,0,6223.0,0.0,2340.0936037441497,0,0,12944357.774310973,0.0,0,0,0.0,0.0,0.0,0.0,0,0,0,0,0.0,0.0,0.0,691,0,,,1,100,85,1,1,85,0,17,35,85,1,0,Normal,0
0.004639,tcp,,SH,6,1,0.0,0.0,1508.9458935115326,0,0,0.0,0.0,0,0,0.0,0.0,0.0,0.0,0,0,0,0,0.0,0.0,0.0,0,0,,,1,100,86,1,1,86,0,17,35,86,1,0,Normal,0
5.510138,udp,,S0,7,0,4592.0,0.0,1.2703856055873737,0,0,6666.983658122536,0.0,0,0,0.0,0.0,0.0,0.0,0,0,0,0,0.0,0.0,0.0,656,0,,,1,82,5,1,1,1,0,17,34,86,1,0,Normal,0
0.03056,tcp,http,SH,13,0,1597.0,0.0,425.392670157068,0,0,418062.82722513087,0.0,0,0,0.0,0.0,0.0,0.0,0,0,0,0,0.0,0.0,0.0,122,0,2.0,0.0,35,100,85,35,1,85,0,16,35,86,1,0,Normal,0
0.023176,tcp,http,SH,13,0,1392.0,0.0,560.9250949257853,0,0,480497.0659302728,0.0,0,0,0.0,0.0,0.0,0.0,0,0,0,0,0.0,0.0,0.0,107,0,2.0,0.0,36,100,85,36,1,85,0,16,36,86,1,0,Normal,0
0.064888,tcp,ftp,SH,13,0,99.0,0.0,200.34521020835905,0,0,12205.646652693871,0.0,0,0,0.0,0.0,0.0,0.0,0,0,0,0,0.0,0.0,0.0,7,0,,,17,100,85,17,1,85,1,17,36,86,1,0,Normal,0
0.012334,tcp,,SH,71,0,91282.0,0.0,5756.4455975352685,0,0,59206745.58131993,0.0,0,0,0.0,0.0,0.0,0.0,0,0,0,0,0.0,0.0,0.0,1285,0,,,1,100,85,1,1,85,0,17,35,86,1,0,Normal,0
0.01041,tcp,,SH,35,5,0.0,76683.0,3842.4591738712775,0,0,0.0,58930259.36599423,0,0,0.0,0.0,0.0,0.0,0,0,0,0,0.0,0.0,0.0,0,15336,,,1,100,86,1,1,86,0,17,35,87,1,0,Normal,0
0.410268,udp,dns,S0,2,0,56.0,0.0,4.874862285140445,0,0,1091.9691518714596,0.0,0,0,0.0,0.0,0.0,0.0,0,0,0,0,0.0,0.0,0.0,28,0,,,1,83,2,1,1,1,0,17,35,88,1,0,Normal,0
0.026889,tcp,http,SH,13,0,1627.0,0.0,483.46907657406376,0,0,484064.1154375395,0.0,0,0,0.0,0.0,0.0,0.0,0,0,0,0,0.0,0.0,0.0,125,0,2.0,0.0,36,100,87,36,1,87,0,17,36,89,1,0,Normal,0
0.04492,tcp,ftp,SH,13,1,99.0,0.0,311.66518254674975,0,0,17631.3446126447,0.0,0,0,0.0,0.0,0.0,0.0,0,0,0,0,0.0,0.0,0.0,7,0,,,18,100,87,18,1,87,1,18,35,89,1,0,Normal,0
0.016476,tcp,,SH,66,0,84021.0,0.0,4005.826656955572,0,0,40796795.33867443,0.0,0,0,0.0,0.0,0.0,0.0,0,0,0,0,0.0,0.0,0.0,1273,0,,,1,100,87,1,1,87,0,17,35,89,1,0,Normal,0
0.00589,tcp,,SH,32,5,0.0,63582.0,6281.833616298812,0,0,0.0,86359252.97113752,0,0,0.0,0.0,0.0,0.0,0,0,0,0,0.0,0.0,0.0,0,12716,,,1,100,87,1,1,87,0,17,35,89,1,0,Normal,0
0.0,udp,dns,S0,1,0,0.0,0.0,0.0,0,0,0.0,0.0,0,0,0.0,0.0,0.0,0.0,0,0,0,0,0.0,0.0,0.0,0,0,,,6,84,8,6,8,6,0,17,35,6,6,0,Normal,0
0.026235,tcp,http,SH,13,0,1597.0,0.0,495.52125023823135,0,0,486983.0379264341,0.0,0,0,0.0,0.0,0.0,0.0,0,0,0,0,0.0,0.0,0.0,122,0,2.0,0.0,35,100,86,35,1,86,0,17,35,88,1,0,Normal,0
0.033154,tcp,ftp,SH,13,0,99.0,0.0,392.10954937564094,0,0,23888.5202388852,0.0,0,0,0.0,0.0,0.0,0.0,0,0,0,0,0.0,0.0,0.0,7,0,,,18,100,87,18,1,87,1,18,35,89,1,0,Normal,0
0.005511,tcp,,SH,14,0,13484.0,0.0,2540.373797858828,0,0,19573943.023044817,0.0,0,0,0.0,0.0,0.0,0.0,0,0,0,0,0.0,0.0,0.0,963,0,,,1,100,87,1,1,87,0,18,34,89,1,0,Normal,0
0.004659,tcp,,SH,9,1,0.0,0.0,2146.38334406525,0,0,0.0,0.0,0,0,0.0,0.0,0.0,0.0,0,0,0,0,0.0,0.0,0.0,0,0,,,1,100,87,1,1,87,0,17,34,89,1,0,Normal,0
0.061281,tcp,http,SH,13,0,1627.0,0.0,212.1375303927808,0,0,212398.6227378796,0.0,0,0,0.0,0.0,0.0,0.0,0,0,0,0,0.0,0.0,0.0,125,0,2.0,0.0,35,100,87,35,1,87,0,17,35,89,1,0,Normal,0
0.0174,tcp,http,SH,13,0,1597.0,0.0,747.1264367816093,0,0,734252.8735632184,0.0,0,0,0.0,0.0,0.0,0.0,0,0,0,0,0.0,0.0,0.0,122,0,2.0,0.0,36,100,87,36,1,87,0,17,36,89,1,0,Normal,0
0.0,udp,dns,S0,1,0,0.0,0.0,0.0,0,0,0.0,0.0,0,0,0.0,0.0,0.0,0.0,0,0,0,0,0.0,0.0,0.0,0,0,,,6,85,8,6,8,6,0,17,35,6,6,0,Normal,0
0.035059,tcp,http,SH,13,0,1627.0,0.0,370.8035026669329,0,0,371259.8762086768,0.0,0,0,0.0,0.0,0.0,0.0,0,0,0,0,0.0,0.0,0.0,125,0,2.0,0.0,36,100,86,36,1,86,0,16,36,88,1,0,Normal,0
0.032889,tcp,http,SH,13,0,1627.0,0.0,395.2689349022469,0,0,395755.4197452036,0.0,0,0,0.0,0.0,0.0,0.0,0,0,0,0,0.0,0.0,0.0,125,0,2.0,0.0,37,100,86,37,1,86,0,16,37,88,1,0,Normal,0
0.036915,tcp,ftp,SH,13,0,99.0,0.0,352.16036841392383,0,0,21454.693214140592,0.0,0,0,0.0,0.0,0.0,0.0,0,0,0,0,0.0,0.0,0.0,7,0,,,17,100,86,17,1,86,1,17,37,88,1,0,Normal,0
0.012194,tcp,,SH,52,0,65349.0,0.0,4264.392324093817,0,0,42872888.30572413,0.0,0,0,0.0,0.0,0.0,0.0,0,0,0,0,0.0,0.0,0.0,1256,0,,,1,100,86,1,1,86,0,17,36,88,1,0,Normal,0
0.004098,tcp,,SH,26,4,0.0,50750.0,7320.644216691068,0,0,0.0,99072718.39921913,0,0,0.0,0.0,0.0,0.0,0,0,0,0,0.0,0.0,0.0,0,12687,,,1,100,87,1,1,87,0,17,36,89,1,0,Normal,0
0.027721,tcp,http,SH,13,0,1627.0,0.0,468.9585512788139,0,0,469535.731034234,0.0,0,0,0.0,0.0,0.0,0.0,0,0,0,0,0.0,0.0,0.0,125,0,2.0,0.0,37,100,87,37,1,87,0,16,37,89,1,0,Normal,0
0.022398,tcp,http,SH,13,0,1627.0,0.0,580.4089650861683,0,0,581123.314581659,0.0,0,0,0.0,0.0,0.0,0.0,0,0,0,0,0.0,0.0,0.0,125,0,2.0,0.0,38,100,87,38,1,87,0,16,38,89,1,0,Normal,0
0.030348,tcp,http,SH,13,0,1627.0,0.0,428.3643073678661,0,0,428891.5249769343,0.0,0,0,0.0,0.0,0.0,0.0,0,0,0,0,0.0,0.0,0.0,125,0,2.0,0.0,39,100,87,39,1,87,0,16,39,89,1,0,Normal,0
0.051632,tcp,ftp,SH,13,1,99.0,0.0,271.14967462039044,0,0,15339.324449953518,0.0,0,0,0.0,0.0,0.0,0.0,0,0,0,0,0.0,0.0,0.0,7,0,,,17,100,87,17,1,87,1,17,38,89,1,0,Normal,0
0.009537,tcp,,SH,51,0,63275.0,0.0,5347.5935828877,0,0,53077487.679563805,0.0,0,0,0.0,0.0,0.0,0.0,0,0,0,0,0.0,0.0,0.0,1240,0,,,1,100,87,1,1,87,0,17,37,89,1,0,Normal,0
0.008132,tcp,,SH,26,4,0.0,48676.0,3689.129365469749,0,0,0.0,47885882.93162813,0,0,0.0,0.0,0.0,0.0,0,0,0,0,0.0,0.0,0.0,0,12169,,,1,100,87,1,1,87,0,16,37,89,1,0,Normal,0
3.072219,udp,,S0,4,0,680.0,0.0,1.3019905156500888,0,0,1770.7071012841209,0.0,0,0,0.0,0.0,0.0,0.0,0,0,0,0,0.0,0.0,0.0,170,0,,,4,86,5,4,1,4,0,16,37,4,1,0,Normal,0
0.022142,tcp,http,SH,13,0,1627.0,0.0,587.1195014000542,0,0,587842.110017162,0.0,0,0,0.0,0.0,0.0,0.0,0,0,0,0,0.0,0.0,0.0,125,0,2.0,0.0,38,100,86,38,1,86,0,16,38,88,1,0,Normal,0
0.032815,tcp,http,SH,13,0,1392.0,0.0,396.1602925491392,0,0,339357.0013713241,0.0,0,0,0.0,0.0,0.0,0.0,0,0,0,0,0.0,0.0,0.0,107,0,2.0,0.0,39,100,87,39,1,87,0,16,39,89,1,0,Normal,0
6.142624,udp,,S0,7,0,4592.0,0.0,1.1395781346864142,0,0,5980.506050834302,0.0,0,0,0.0,0.0,0.0,0.0,0,0,0,0,0.0,0.0,0.0,656,0,,,1,87,6,1,1,5,0,16,38,5,1,0,Normal,0
0.0,udp,dns,S0,1,0,0.0,0.0,0.0,0,0,0.0,0.0,0,0,0.0,0.0,0.0,0.0,0,0,0,0,0.0,0.0,0.0,0,0,,,5,88,7,5,7,5,0,16,37,5,5,0,Normal,0
0.041025,tcp,ftp,SH,13,1,99.0,0.0,341.2553321145643,0,0,19305.301645338208,0.0,0,0,0.0,0.0,0.0,0.0,0,0,0,0,0.0,0.0,0.0,7,0,,,16,100,85,16,1,85,1,16,37,87,1,0,Normal,0
0.005086,tcp,,SH,12,0,10372.0,0.0,2359.4180102241444,0,0,16314589.068029886,0.0,0,0,0.0,0.0,0.0,0.0,0,0,0,0,0.0,0.0,0.0,864,0,,,1,100,85,1,1,85,0,16,37,87,1,0,Normal,0
0.006038,tcp,,SH,8,1,0.0,0.0,1490.5597880092746,0,0,0.0,0.0,0,0,0.0,0.0,0.0,0.0,0,0,0,0,0.0,0.0,0.0,0,0,,,1,100,85,1,1,85,0,16,37,87,1,0,Normal,0
0.029744,tcp,http,SH,13,0,1392.0,0.0,437.06293706293707,0,0,374394.8359332975,0.0,0,0,0.0,0.0,0.0,0.0,0,0,0,0,0.0,0.0,0.0,107,0,2.0,0.0,38,100,86,38,1,86,0,16,38,88,1,0,Normal,0
0.028089,tcp,http,SH,13,0,1597.0,0.0,462.81462494214816,0,0,454839.972943145,0.0,0,0,0.0,0.0,0.0,0.0,0,0,0,0,0.0,0.0,0.0,122,0,2.0,0.0,38,100,86,38,1,86,0,16,38,88,1,0,Normal,0
15.777874,udp,dns,S0,8,0,1488.0,0.0,0.5070391612963825,0,0,754.4742720090171,0.0,0,0,0.0,0.0,0.0,0.0,0,0,0,0,0.0,0.0,0.0,186,0,,,6,89,8,6,8,6,0,16,37,6,6,0,Normal,0
0.034415,tcp,http,SH,13,0,1597.0,0.0,377.7422635478716,0,0,371233.47377596976,0.0,0,0,0.0,0.0,0.0,0.0,0,0,0,0,0.0,0.0,0.0,122,0,2.0,0.0,38,100,85,38,1,85,0,15,38,87,1,0,Normal,0
0.049197,tcp,ftp,SH,13,0,99.0,0.0,264.2437547004899,0,0,16098.542594060616,0.0,0,0,0.0,0.0,0.0,0.0,0,0,0,0,0.0,0.0,0.0,7,0,,,16,100,85,16,1,85,1,16,38,87,1,0,Normal,0
0.013471,tcp,,SH,55,0,68461.0,0.0,4082.844629203474,0,0,40656818.350530766,0.0,0,0,0.0,0.0,0.0,0.0,0,0,0,0,0.0,0.0,0.0,1244,0,,,1,100,85,1,1,85,0,16,38,87,1,0,Normal,0
0.005714,tcp,,SH,28,4,0.0,53862.0,5600.280014000699,0,0,0.0,75410570.52852643,0,0,0.0,0.0,0.0,0.0,0,0,0,0,0.0,0.0,0.0,0,13465,,,1,100,85,1,1,85,0,15,38,87,1,0,Normal,0
0.413156,udp,dns,S0,2,0,56.0,0.0,4.840786530995556,0,0,1084.3361829430046,0.0,0,0,0.0,0.0,0.0,0.0,0,0,0,0,0.0,0.0,0.0,28,0,,,1,90,3,1,1,1,0,15,38,1,1,0,Normal,0
0.03166,tcp,http,SH,13,0,1627.0,0.0,410.612760581175,0,0,411118.1301326595,0.0,0,0,0.0,0.0,0.0,0.0,0,0,0,0,0.0,0.0,0.0,125,0,2.0,0.0,39,100,84,39,1,84,0,15,39,86,1,0,Normal,0
0.037949,tcp,http,SH,13,0,1392.0,0.0,342.56502147619176,0,0,293446.4676276055,0.0,0,0,0.0,0.0,0.0,0.0,0,0,0,0,0.0,0.0,0.0,107,0,2.0,0.0,39,100,84,39,2,84,0,15,39,86,2,0,Normal,0
0.0,udp,dns,S0,1,0,0.0,0.0,0.0,0,0,0.0,0.0,0,0,0.0,0.0,0.0,0.0,0,0,0,0,0.0,0.0,0.0,0,0,,,6,91,8,6,8,6,0,15,39,6,6,0,Normal,0
0.020521,tcp,http,SH,13,0,1597.0,0.0,633.4973929145752,0,0,622581.7455289703,0.0,0,0,0.0,0.0,0.0,0.0,0,0,0,0,0.0,0.0,0.0,122,0,4.0,0.0,39,100,84,39,1,84,0,15,39,86,1,0,Normal,0
0.032591,tcp,ftp,SH,13,1,99.0,0.0,429.56644472400353,0,0,24301.187444386487,0.0,0,0,0.0,0.0,0.0,0.0,0,0,0,0,0.0,0.0,0.0,7,0,,,15,100,84,15,1,84,1,15,39,86,1,0,Normal,0
0.004298,tcp,,SH,17,0,17634.0,0.0,3955.328059562587,0,0,32822708.23638902,0.0,0,0,0.0,0.0,0.0,0.0,0,0,0,0,0.0,0.0,0.0,1037,0,,,1,100,84,1,1,84,0,15,39,86,1,0,Normal,0
0.00696,tcp,,SH,10,1,0.0,0.0,1580.4597701149426,0,0,0.0,0.0,0,0,0.0,0.0,0.0,0.0,0,0,0,0,0.0,0.0,0.0,0,0,,,1,100,84,1,1,84,0,15,39,86,1,0,Normal,0
0.012845,tcp,http,SH,13,0,1627.0,0.0,1012.066952121448,0,0,1013312.5729855974,0.0,0,0,0.0,0.0,0.0,0.0,0,0,0,0,0.0,0.0,0.0,125,0,4.0,0.0,39,100,84,39,1,84,0,15,39,86,1,0,Normal,0
0.015301,tcp,http,SH,13,0,1627.0,0.0,849.6176720475786,0,0,850663.3553362525,0.0,0,0,0.0,0.0,0.0,0.0,0,0,0,0,0.0,0.0,0.0,125,0,4.0,0.0,39,100,84,39,1,84,0,15,39,86,1,0,Normal,0
0.019483,tcp,http,SH,13,0,1392.0,0.0,667.2483703741724,0,0,571575.2194220603,0.0,0,0,0.0,0.0,0.0,0.0,0,0,0,0,0.0,0.0,0.0,107,0,4.0,0.0,39,100,84,39,1,84,0,15,39,86,1,0,Normal,0
0.033676,tcp,ftp,SH,13,1,99.0,0.0,415.7263332937404,0,0,23518.23256918874,0.0,0,0,0.0,0.0,0.0,0.0,0,0,0,0,0.0,0.0,0.0,7,0,,,15,100,84,15,1,84,1,15,39,86,1,0,Normal,0
0.00829,tcp,,SH,46,0,57051.0,0.0,5548.854041013268,0,0,55055247.28588661,0.0,0,0,0.0,0.0,0.0,0.0,0,0,0,0,0.0,0.0,0.0,1240,0,,,1,100,84,1,1,84,0,15,39,86,1,0,Normal,0
0.007279,tcp,,SF,23,4,0.0,36611.0,3709.300728121995,0,0,0.0,40237395.24659981,0,0,0.0,0.0,0.0,0.0,0,0,0,0,0.0,0.0,0.0,0,9152,,,1,16,84,1,1,84,0,15,39,86,1,0,Normal,0
0.017469,tcp,http,SH,13,0,1597.0,0.0,744.1753964165093,0,0,731352.6818936402,0.0,0,0,0.0,0.0,0.0,0.0,0,0,0,0,0.0,0.0,0.0,122,0,4.0,0.0,39,100,84,39,1,84,0,15,39,86,1,0,Normal,0
0.0,icmp,,OTH,1,0,0.0,0.0,0.0,0,0,0.0,0.0,0,0,0.0,0.0,0.0,0.0,0,0,0,0,0.0,0.0,0.0,0,0,,,1,3,1,1,1,1,0,15,38,1,1,0,Normal,0
0.036797,udp,ntp,SHR,0,1,0.0,48.0,27.176128488735493,0,0,0.0,10435.633339674428,0,0,0.0,0.0,0.0,0.0,0,0,0,0,0.0,0.0,0.0,0,48,,,1,2,1,1,1,1,0,15,37,1,1,0,Normal,0
0.017141,tcp,http,SH,13,0,1597.0,0.0,758.4154950119596,0,0,745347.4126363689,0.0,0,0,0.0,0.0,0.0,0.0,0,0,0,0,0.0,0.0,0.0,122,0,4.0,0.0,38,100,82,38,1,82,0,14,38,84,1,0,Normal,0
0.425415,udp,dns,S0,2,0,56.0,0.0,4.701291679889049,0,0,1053.0893362951472,0.0,0,0,0.0,0.0,0.0,0.0,0,0,0,0,0.0,0.0,0.0,28,0,,,2,92,4,2,1,2,0,14,38,2,1,0,Normal,0
0.017514,tcp,http,SH,13,0,1392.0,0.0,742.2633321913898,0,0,635834.1897910244,0.0,0,0,0.0,0.0,0.0,0.0,0,0,0,0,0.0,0.0,0.0,107,0,4.0,0.0,39,100,81,39,1,81,0,14,39,83,1,0,Normal,0
0.03643,tcp,ftp,SH,13,1,99.0,0.0,384.2986549547077,0,0,21740.32390886632,0.0,0,0,0.0,0.0,0.0,0.0,0,0,0,0,0.0,0.0,0.0,7,0,,,15,100,81,15,1,81,1,15,38,83,1,0,Normal,0
0.012232,tcp,,SH,48,0,59126.0,0.0,3924.133420536298,0,0,38669718.770438194,0.0,0,0,0.0,0.0,0.0,0.0,0,0,0,0,0.0,0.0,0.0,1231,0,,,1,100,82,1,1,82,0,15,38,84,1,0,Normal,0
0.006359,tcp,,SF,24,4,0.0,38686.0,4403.208051580437,0,0,0.0,48669287.62384023,0,0,0.0,0.0,0.0,0.0,0,0,0,0,0.0,0.0,0.0,0,9671,,,1,17,82,1,1,82,0,15,37,84,1,0,Normal,0
0.016253,tcp,http,SH,13,0,1392.0,0.0,799.852334953547,0,0,685165.8155417461,0.0,0,0,0.0,0.0,0.0,0.0,0,0,0,0,0.0,0.0,0.0,107,0,4.0,0.0,38,100,83,38,1,83,0,15,38,85,1,0,Normal,0
3.075499,udp,,S0,4,0,680.0,0.0,1.300601951098017,0,0,1768.818653493303,0.0,0,0,0.0,0.0,0.0,0.0,0,0,0,0,0.0,0.0,0.0,170,0,,,3,93,5,3,1,4,0,15,38,4,1,0,Normal,0
0.0178,tcp,http,SH,13,0,1627.0,0.0,730.3370786516854,0,0,731235.9550561798,0.0,0,0,0.0,0.0,0.0,0.0,0,0,0,0,0.0,0.0,0.0,125,0,4.0,0.0,38,100,83,38,1,83,0,15,38,85,1,0,Normal,0
0.023838,tcp,http,SH,13,0,1597.0,0.0,545.3477640741672,0,0,535951.0026008893,0.0,0,0,0.0,0.0,0.0,0.0,0,0,0,0,0.0,0.0,0.0,122,0,4.0,0.0,39,100,83,39,1,83,0,14,39,85,1,0,Normal,0
0.034129,tcp,ftp,SH,13,0,99.0,0.0,380.90773242696827,0,0,23206.07108324299,0.0,0,0,0.0,0.0,0.0,0.0,0,0,0,0,0.0,0.0,0.0,7,0,,,15,100,83,15,1,83,1,15,39,85,1,0,Normal,0
0.009017,tcp,,SH,58,0,72610.0,0.0,6432.294554729954,0,0,64420538.98192303,0.0,0,0,0.0,0.0,0.0,0.0,0,0,0,0,0.0,0.0,0.0,1251,0,,,1,100,83,1,1,83,0,15,39,85,1,0,Normal,0
0.007733,tcp,,SH,28,4,0.0,58011.0,4138.109401267296,0,0,0.0,60013966.11922927,0,0,0.0,0.0,0.0,0.0,0,0,0,0,0.0,0.0,0.0,0,14502,,,1,100,83,1,1,83,0,15,38,85,1,0,Normal,0
0.018161,tcp,http,SH,13,0,1597.0,0.0,715.8196134574088,0,0,703485.4908870657,0.0,0,0,0.0,0.0,0.0,0.0,0,0,0,0,0.0,0.0,0.0,122,0,4.0,0.0,39,100,83,39,1,83,0,14,39,85,1,0,Normal,0
0.012684,tcp,http,SH,13,0,1597.0,0.0,1024.9132765689055,0,0,1007253.2324187952,0.0,0,0,0.0,0.0,0.0,0.0,0,0,0,0,0.0,0.0,0.0,122,0,4.0,0.0,40,100,83,40,1,83,0,14,40,85,1,0,Normal,0
0.029661,tcp,ftp,SH,13,1,99.0,0.0,472.0002697144399,0,0,26701.729543845453,0.0,0,0,0.0,0.0,0.0,0.0,0,0,0,0,0.0,0.0,0.0,7,0,,,15,100,83,15,1,83,1,15,40,85,1,0,Normal,0
0.006105,tcp,,SH,21,0,22820.0,0.0,3439.80343980344,0,0,29903357.9033579,0.0,0,0,0.0,0.0,0.0,0.0,0,0,0,0,0.0,0.0,0.0,1086,0,,,1,100,83,1,1,83,0,15,39,85,1,0,Normal,0
0.003715,tcp,,SH,11,1,0.0,0.0,3230.148048452221,0,0,0.0,0.0,0,0,0.0,0.0,0.0,0.0,0,0,0,0,0.0,0.0,0.0,0,0,,,1,100,83,1,1,83,0,15,38,85,1,0,Normal,0
0.017347,tcp,http,SH,13,0,1597.0,0.0,749.4091197325185,0,0,736496.2241309736,0.0,0,0,0.0,0.0,0.0,0.0,0,0,0,0,0.0,0.0,0.0,122,0,4.0,0.0,39,100,84,39,1,84,0,15,39,86,1,0,Normal,0
0.035618,tcp,ftp,SH,13,1,99.0,0.0,393.059688921332,0,0,22235.948116121064,0.0,0,0,0.0,0.0,0.0,0.0,0,0,0,0,0.0,0.0,0.0,7,0,,,16,100,84,16,1,84,1,16,38,86,1,0,Normal,0
0.011524,tcp,,SH,68,0,87133.0,0.0,5900.7289135716765,0,0,60488024.99132246,0.0,0,0,0.0,0.0,0.0,0.0,0,0,0,0,0.0,0.0,0.0,1281,0,,,1,100,84,1,1,84,0,15,38,86,1,0,Normal,0
0.005896,tcp,,SH,34,5,0.0,72534.0,6614.654002713704,0,0,0.0,98417910.4477612,0,0,0.0,0.0,0.0,0.0,0,0,0,0,0.0,0.0,0.0,0,14506,,,2,100,84,2,1,84,0,15,38,86,1,0,Normal,0
0.018661,tcp,http,SH,13,0,1627.0,0.0,696.6400514441884,0,0,697497.4545844274,0.0,0,0,0.0,0.0,0.0,0.0,0,0,0,0,0.0,0.0,0.0,125,0,4.0,0.0,39,100,84,39,1,84,0,15,39,86,1,0,Normal,0
0.030674,tcp,ftp,SH,13,0,99.0,0.0,423.8116972028428,0,0,25819.912629588576,0.0,0,0,0.0,0.0,0.0,0.0,0,0,0,0,0.0,0.0,0.0,7,0,,,16,100,84,16,1,84,1,16,38,86,1,0,Normal,0
0.005215,tcp,,SH,23,0,25932.0,0.0,4410.354745925216,0,0,39780632.790028766,0.0,0,0,0.0,0.0,0.0,0.0,0,0,0,0,0.0,0.0,0.0,1127,0,,,1,100,84,1,1,84,0,16,37,86,1,0,Normal,0
0.006116,tcp,,SH,12,1,0.0,0.0,2125.5722694571614,0,0,0.0,0.0,0,0,0.0,0.0,0.0,0.0,0,0,0,0,0.0,0.0,0.0,0,0,,,1,100,84,1,1,84,0,15,37,86,1,0,Normal,0
0.01671,tcp,http,SH,13,0,1392.0,0.0,777.9772591262717,0,0,666427.289048474,0.0,0,0,0.0,0.0,0.0,0.0,0,0,0,0,0.0,0.0,0.0,107,0,4.0,0.0,38,100,84,38,1,84,0,15,38,86,1,0,Normal,0
0.01879,tcp,http,SH,13,0,1597.0,0.0,691.8573709419903,0,0,679936.1362426822,0.0,0,0,0.0,0.0,0.0,0.0,0,0,0,0,0.0,0.0,0.0,122,0,4.0,0.0,39,100,84,39,1,84,0,15,39,86,1,0,Normal,0
3.995011,udp,,S0,6,0,3936.0,0.0,1.5018732113628723,0,0,7881.830613232354,0.0,0,0,0.0,0.0,0.0,0.0,0,0,0,0,0.0,0.0,0.0,656,0,,,2,94,6,2,1,5,0,15,38,5,1,0,Normal,0
0.018933,tcp,http,SH,13,0,1627.0,0.0,686.6318068980088,0,0,687476.8921988064,0.0,0,0,0.0,0.0,0.0,0.0,0,0,0,0,0.0,0.0,0.0,125,0,4.0,0.0,38,100,83,38,1,83,0,15,38,85,1,0,Normal,0
0.027355,tcp,ftp,SH,13,1,99.0,0.0,511.7894352038019,0,0,28952.659477243647,0.0,0,0,0.0,0.0,0.0,0.0,0,0,0,0,0.0,0.0,0.0,7,0,,,16,100,83,16,1,83,1,16,37,85,1,0,Normal,0
0.006463,tcp,,SH,21,0,22820.0,0.0,3249.265047191707,0,0,28246944.14358657,0.0,0,0,0.0,0.0,0.0,0.0,0,0,0,0,0.0,0.0,0.0,1086,0,,,1,100,84,1,1,84,0,16,37,86,1,0,Normal,0
0.003314,tcp,,SH,11,0,0.0,0.0,3319.2516596258297,0,0,0.0,0.0,0,0,0.0,0.0,0.0,0.0,0,0,0,0,0.0,0.0,0.0,0,0,,,1,100,84,1,1,84,0,16,36,86,1,0,Normal,0
0.019856,tcp,http,SH,13,0,1392.0,0.0,654.7139403706689,0,0,560838.0338436745,0.0,0,0,0.0,0.0,0.0,0.0,0,0,0,0,0.0,0.0,0.0,107,0,4.0,0.0,37,100,85,37,1,85,0,16,37,87,1,0,Normal,0
3.072059,udp,,S0,4,0,680.0,0.0,1.3020583263537582,0,0,1770.7993238411111,0.0,0,0,0.0,0.0,0.0,0.0,0,0,0,0,0.0,0.0,0.0,170,0,,,3,95,6,3,1,5,0,16,36,5,1,0,Normal,0
0.030811,tcp,ftp,SH,13,1,99.0,0.0,454.3831748401545,0,0,25705.10531952874,0.0,0,0,0.0,0.0,0.0,0.0,0,0,0,0,0.0,0.0,0.0,7,0,,,16,100,84,16,1,84,1,16,36,86,1,0,Normal,0
0.009176,tcp,,SH,36,0,42529.0,0.0,3923.278116826504,0,0,37078465.56233653,0.0,0,0,0.0,0.0,0.0,0.0,0,0,0,0,0.0,0.0,0.0,1181,0,,,1,100,84,1,1,84,0,16,36,86,1,0,Normal,0
0.004392,tcp,,SH,19,3,0.0,27930.0,5009.1074681238615,0,0,0.0,50874316.93989071,0,0,0.0,0.0,0.0,0.0,0,0,0,0,0.0,0.0,0.0,0,9310,,,1,100,84,1,1,84,0,16,36,86,1,0,Normal,0
0.021682,tcp,http,SH,13,0,1392.0,0.0,599.575684899917,0,0,513605.7559265751,0.0,0,0,0.0,0.0,0.0,0.0,0,0,0,0,0.0,0.0,0.0,107,0,4.0,0.0,37,100,85,37,1,85,0,16,37,86,1,0,Normal,0
0.022163,tcp,http,SH,13,0,1392.0,0.0,586.5631909037586,0,0,502459.0533772504,0.0,0,0,0.0,0.0,0.0,0.0,0,0,0,0,0.0,0.0,0.0,107,0,4.0,0.0,37,100,85,37,1,85,0,16,37,86,1,0,Normal,0
7.573332,udp,,S0,7,0,4592.0,0.0,0.9242959373760452,0,0,4850.705079349486,0.0,0,0,0.0,0.0,0.0,0.0,0,0,0,0,0.0,0.0,0.0,656,0,,,1,96,6,1,1,1,0,16,36,86,1,0,Normal,0
0.023315,tcp,http,SH,13,0,1627.0,0.0,557.5809564657945,0,0,558267.2099506756,0.0,0,0,0.0,0.0,0.0,0.0,0,0,0,0,0.0,0.0,0.0,125,0,4.0,0.0,37,100,84,37,1,84,0,15,37,86,1,0,Normal,0
0.030655,tcp,ftp,SH,13,0,99.0,0.0,424.0743761213505,0,0,25835.91583754689,0.0,0,0,0.0,0.0,0.0,0.0,0,0,0,0,0.0,0.0,0.0,7,0,,,16,100,84,16,1,84,1,16,37,86,1,0,Normal,0
0.005281,tcp,,SH,24,0,26969.0,0.0,4544.593826926718,0,0,40854383.63946223,0.0,0,0,0.0,0.0,0.0,0.0,0,0,0,0,0.0,0.0,0.0,1123,0,,,1,100,84,1,1,84,0,16,37,86,1,0,Normal,0
0.007682,tcp,,SH,13,2,0.0,12370.0,1952.6165061181985,0,0,0.0,12882061.96303046,0,0,0.0,0.0,0.0,0.0,0,0,0,0,0.0,0.0,0.0,0,6185,,,1,100,85,1,1,85,0,16,37,86,1,0,Normal,0
0.019684,tcp,http,SH,13,0,1627.0,0.0,660.4348709611868,0,0,661247.7138792928,0.0,0,0,0.0,0.0,0.0,0.0,0,0,0,0,0.0,0.0,0.0,125,0,4.0,0.0,37,100,85,37,1,85,0,16,37,86,1,0,Normal,0
0.029829,tcp,ftp,SH,13,0,99.0,0.0,435.8174930436823,0,0,26551.3426531228,0.0,0,0,0.0,0.0,0.0,0.0,0,0,0,0,0.0,0.0,0.0,7,0,,,16,100,85,16,1,85,1,16,37,86,1,0,Normal,0
0.005407,tcp,,SH,19,0,19708.0,0.0,3513.963380802663,0,0,29159238.024782687,0.0,0,0,0.0,0.0,0.0,0.0,0,0,0,0,0.0,0.0,0.0,1037,0,,,1,100,85,1,1,85,0,16,37,86,1,0,Normal,0
0.006516,tcp,,SH,10,1,0.0,0.0,1688.1522406384286,0,0,0.0,0.0,0,0,0.0,0.0,0.0,0.0,0,0,0,0,0.0,0.0,0.0,0,0,,,1,100,85,1,1,85,0,16,37,86,1,0,Normal,0
0.021488,tcp,http,SH,13,0,1392.0,0.0,604.9888309754282,0,0,518242.7401340283,0.0,0,0,0.0,0.0,0.0,0.0,0,0,0,0,0.0,0.0,0.0,107,0,4.0,0.0,38,100,86,38,1,86,0,16,38,87,1,0,Normal,0
0.034553,tcp,ftp,SH,13,0,99.0,0.0,376.2336121320869,0,0,22921.309292970214,0.0,0,0,0.0,0.0,0.0,0.0,0,0,0,0,0.0,0.0,0.0,7,0,,,17,100,86,17,1,86,1,17,37,87,1,0,Normal,0
0.009143,tcp,,SH,58,0,72610.0,0.0,6343.650880454993,0,0,63532757.30066717,0.0,0,0,0.0,0.0,0.0,0.0,0,0,0,0,0.0,0.0,0.0,1251,0,,,1,100,86,1,1,86,0,16,37,87,1,0,Normal,0
0.005206,tcp,,SH,28,4,0.0,58011.0,6146.753745678064,0,0,0.0,89144832.88513255,0,0,0.0,0.0,0.0,0.0,0,0,0,0,0.0,0.0,0.0,0,14502,,,1,100,86,1,1,86,0,16,37,87,1,0,Normal,0
0.020167,tcp,http,SH,13,0,1627.0,0.0,644.617444339763,0,0,645410.8196558735,0.0,0,0,0.0,0.0,0.0,0.0,0,0,0,0,0.0,0.0,0.0,125,0,4.0,0.0,38,100,86,38,1,86,0,16,38,87,1,0,Normal,0
0.426407,udp,dns,S0,2,0,56.0,0.0,4.690354520446428,0,0,1050.63941258,0.0,0,0,0.0,0.0,0.0,0.0,0,0,0,0,0.0,0.0,0.0,28,0,,,3,97,3,3,1,3,0,16,37,3,1,0,Normal,0
0.020434,tcp,http,SH,13,0,1627.0,0.0,636.1945776646764,0,0,636977.5863756484,0.0,0,0,0.0,0.0,0.0,0.0,0,0,0,0,0.0,0.0,0.0,125,0,4.0,0.0,37,100,85,37,1,85,0,16,37,86,1,0,Normal,0
0.024357,tcp,http,SH,13,0,1597.0,0.0,533.7274705423492,0,0,524530.9356653119,0.0,0,0,0.0,0.0,0.0,0.0,0,0,0,0,0.0,0.0,0.0,122,0,4.0,0.0,38,100,86,38,1,86,0,16,38,87,1,0,Normal,0
0.02495,tcp,http,SH,13,0,1392.0,0.0,521.0420841683367,0,0,446332.6653306613,0.0,0,0,0.0,0.0,0.0,0.0,0,0,0,0,0.0,0.0,0.0,107,0,4.0,0.0,38,100,86,38,1,86,0,16,38,87,1,0,Normal,0
0.018848,tcp,http,SH,13,0,1627.0,0.0,689.7283531409169,0,0,690577.2495755518,0.0,0,0,0.0,0.0,0.0,0.0,0,0,0,0,0.0,0.0,0.0,125,0,4.0,0.0,38,100,86,38,1,86,0,16,38,87,1,0,Normal,0
2.969897,udp,,S0,4,0,680.0,0.0,1.3468480556733111,0,0,1831.7133557157035,0.0,0,0,0.0,0.0,0.0,0.0,0,0,0,0,0.0,0.0,0.0,170,0,,,4,98,7,4,1,6,0,15,38,6,1,0,Normal,0
0.025409,tcp,ftp,SH,13,1,99.0,0.0,550.9858711480184,0,0,31170.057853516468,0.0,0,0,0.0,0.0,0.0,0.0,0,0,0,0,0.0,0.0,0.0,7,0,,,16,100,85,16,1,85,1,16,38,86,1,0,Normal,0
0.004793,tcp,,SH,11,0,9335.0,0.0,2295.013561443772,0,0,15581055.706238262,0.0,0,0,0.0,0.0,0.0,0.0,0,0,0,0,0.0,0.0,0.0,848,0,,,1,100,85,1,1,85,0,16,38,86,1,0,Normal,0
0.003039,tcp,,SH,7,1,0.0,0.0,2632.4448831852583,0,0,0.0,0.0,0,0,0.0,0.0,0.0,0.0,0,0,0,0,0.0,0.0,0.0,0,0,,,1,100,85,1,1,85,0,16,37,86,1,0,Normal,0
0.020542,tcp,http,SH,13,0,1392.0,0.0,632.8497712004673,0,0,542108.8501606465,0.0,0,0,0.0,0.0,0.0,0.0,0,0,0,0,0.0,0.0,0.0,107,0,4.0,0.0,37,100,85,37,1,85,0,16,37,86,1,0,Normal,0
0.02249,tcp,http,SH,13,0,1597.0,0.0,578.0346820809249,0,0,568074.6998666074,0.0,0,0,0.0,0.0,0.0,0.0,0,0,0,0,0.0,0.0,0.0,122,0,4.0,0.0,37,100,85,37,1,85,0,16,37,86,1,0,Normal,0
0.047769,tcp,ftp,SH,13,0,99.0,0.0,272.1430216249032,0,0,16579.790240532562,0.0,0,0,0.0,0.0,0.0,0.0,0,0,0,0,0.0,0.0,0.0,7,0,,,16,100,85,16,1,85,1,16,37,86,1,0,Normal,0
0.021056,tcp,,SH,80,0,103729.0,0.0,3799.392097264438,0,0,39410714.28571429,0.0,0,0,0.0,0.0,0.0,0.0,0,0,0,0,0.0,0.0,0.0,1296,0,,,1,100,85,1,1,85,0,16,37,86,1,0,Normal,0
0.007813,tcp,,SH,40,5,0.0,89130.0,5759.63138359145,0,0,0.0,91263279.15013438,0,0,0.0,0.0,0.0,0.0,0,0,0,0,0.0,0.0,0.0,0,17826,,,1,100,85,1,1,85,0,16,37,86,1,0,Normal,0
0.02142,tcp,http,SH,13,0,1392.0,0.0,606.9094304388422,0,0,519887.9551820728,0.0,0,0,0.0,0.0,0.0,0.0,0,0,0,0,0.0,0.0,0.0,107,0,4.0,0.0,38,100,86,38,1,86,0,16,38,87,1,0,Normal,0
0.03533,tcp,ftp,SH,13,0,99.0,0.0,367.9592414378714,0,0,22417.20917067648,0.0,0,0,0.0,0.0,0.0,0.0,0,0,0,0,0.0,0.0,0.0,7,0,,,17,100,86,17,1,86,1,17,37,87,1,0,Normal,0
0.011642,tcp,,SH,78,0,100617.0,0.0,6699.879745748153,0,0,69140697.47466071,0.0,0,0,0.0,0.0,0.0,0.0,0,0,0,0,0.0,0.0,0.0,1289,0,,,1,100,86,1,1,86,0,17,36,87,1,0,Normal,0
0.006498,tcp,,SF,38,6,0.0,80177.0,6771.314250538627,0,0,0.0,98709756.848261,0,0,0.0,0.0,0.0,0.0,0,0,0,0,0.0,0.0,0.0,0,13362,,,1,18,87,1,1,87,0,17,36,88,1,0,Normal,0
0.01846,tcp,http,SH,13,0,1392.0,0.0,704.225352112676,0,0,603250.2708559047,0.0,0,0,0.0,0.0,0.0,0.0,0,0,0,0,0.0,0.0,0.0,107,0,4.0,0.0,37,100,88,37,1,88,0,17,37,89,1,0,Normal,0
7.269296,udp,,S0,7,0,4592.0,0.0,0.9629543218490484,0,0,5053.584281063806,0.0,0,0,0.0,0.0,0.0,0.0,0,0,0,0,0.0,0.0,0.0,656,0,,,2,99,6,2,2,5,0,16,37,5,2,0,Normal,0
0.020519,tcp,http,SH,13,0,1597.0,0.0,633.5591403089819,0,0,622642.4289682733,0.0,0,0,0.0,0.0,0.0,0.0,0,0,0,0,0.0,0.0,0.0,122,0,4.0,0.0,38,100,87,38,1,87,0,16,38,88,1,0,Normal,0
0.021346,tcp,http,SH,13,0,1627.0,0.0,609.0133982947625,0,0,609762.9532465099,0.0,0,0,0.0,0.0,0.0,0.0,0,0,0,0,0.0,0.0,0.0,125,0,4.0,0.0,39,100,87,39,1,87,0,16,39,88,1,0,Normal,0
0.02998,tcp,ftp,SH,13,1,99.0,0.0,466.977985323549,0,0,26417.611741160774,0.0,0,0,0.0,0.0,0.0,0.0,0,0,0,0,0.0,0.0,0.0,7,0,,,17,100,87,17,1,87,1,17,38,88,1,0,Normal,0
0.006906,tcp,,SH,19,0,19708.0,0.0,2751.2308137851146,0,0,22830002.89603244,0.0,0,0,0.0,0.0,0.0,0.0,0,0,0,0,0.0,0.0,0.0,1037,0,,,1,100,87,1,1,87,0,17,37,88,1,0,Normal,0
0.006285,tcp,,SH,11,1,0.0,0.0,1909.307875894988,0,0,0.0,0.0,0,0,0.0,0.0,0.0,0.0,0,0,0,0,0.0,0.0,0.0,0,0,,,1,100,88,1,1,88,0,17,37,89,1,0,Normal,0
0.017586,tcp,http,SH,13,0,1597.0,0.0,739.2243830319572,0,0,726486.9782781758,0.0,0,0,0.0,0.0,0.0,0.0,0,0,0,0,0.0,0.0,0.0,122,0,4.0,0.0,37,100,88,37,1,88,0,17,37,89,1,0,Normal,0
0.031423,tcp,ftp,SH,13,1,99.0,0.0,445.5335263978615,0,0,25204.468064793306,0.0,0,0,0.0,0.0,0.0,0.0,0,0,0,0,0.0,0.0,0.0,7,0,,,17,100,88,17,1,88,1,17,37,89,1,0,Normal,0
0.00784,tcp,,SH,49,0,61200.0,0.0,6250.0,0,0,62448979.591836736,0.0,0,0,0.0,0.0,0.0,0.0,0,0,0,0,0.0,0.0,0.0,1248,0,,,1,100,88,1,1,88,0,17,37,89,1,0,Normal,0
0.006298,tcp,,SH,25,4,0.0,46601.0,4604.6363925055575,0,0,0.0,59194664.97300731,0,0,0.0,0.0,0.0,0.0,0,0,0,0,0.0,0.0,0.0,0,11650,,,1,100,88,1,1,88,0,17,37,89,1,0,Normal,0
0.017964,tcp,http,SH,13,0,1392.0,0.0,723.669561344912,0,0,619906.4796259184,0.0,0,0,0.0,0.0,0.0,0.0,0,0,0,0,0.0,0.0,0.0,107,0,4.0,0.0,38,100,89,38,1,89,0,17,38,90,1,0,Normal,0
0.046186,tcp,ftp,SH,13,0,99.0,0.0,281.470575499069,0,0,17148.05352271251,0.0,0,0,0.0,0.0,0.0,0.0,0,0,0,0,0.0,0.0,0.0,7,0,,,18,100,89,18,1,89,1,18,37,90,1,0,Normal,0
0.00953,tcp,,SH,68,0,87133.0,0.0,7135.362014690451,0,0,73144176.28541447,0.0,0,0,0.0,0.0,0.0,0.0,0,0,0,0,0.0,0.0,0.0,1281,0,,,1,100,89,1,1,89,0,18,36,90,1,0,Normal,0
0.008982,tcp,,SH,33,5,0.0,66694.0,4230.683589401024,0,0,0.0,59402360.276107766,0,0,0.0,0.0,0.0,0.0,0,0,0,0,0.0,0.0,0.0,0,13338,,,1,100,90,1,1,90,0,18,36,91,1,0,Normal,0
0.019797,tcp,http,SH,13,0,1597.0,0.0,656.6651512855484,0,0,645350.3056018589,0.0,0,0,0.0,0.0,0.0,0.0,0,0,0,0,0.0,0.0,0.0,122,0,4.0,0.0,36,100,90,36,1,90,0,18,36,91,1,0,Normal,0
0.01661,tcp,http,SH,13,0,1597.0,0.0,782.6610475617098,0,0,769175.1956652619,0.0,0,0,0.0,0.0,0.0,0.0,0,0,0,0,0.0,0.0,0.0,122,0,4.0,0.0,37,100,90,37,1,90,0,17,37,91,1,0,Normal,0
2.970051,udp,,S0,3,0,510.0,0.0,1.010083665229991,0,0,1373.7137847127876,0.0,0,0,0.0,0.0,0.0,0.0,0,0,0,0,0.0,0.0,0.0,170,0,,,4,100,7,4,1,6,0,17,37,6,1,0,Normal,0
0.020368,tcp,http,SH,13,0,1627.0,0.0,638.2560879811468,0,0,639041.6339355852,0.0,0,0,0.0,0.0,0.0,0.0,0,0,0,0,0.0,0.0,0.0,125,0,4.0,0.0,38,100,89,38,1,89,0,17,38,90,1,0,Normal,0
0.039764,tcp,ftp,SH,13,1,99.0,0.0,352.07725580927473,0,0,19917.51332863897,0.0,0,0,0.0,0.0,0.0,0.0,0,0,0,0,0.0,0.0,0.0,7,0,,,18,100,89,18,1,89,1,18,37,90,1,0,Normal,0
0.003627,tcp,,SH,11,0,8298.0,0.0,3032.8094844223874,0,0,18302729.52853598,0.0,0,0,0.0,0.0,0.0,0.0,0,0,0,0,0.0,0.0,0.0,754,0,,,1,100,89,1,1,89,0,18,36,90,1,0,Normal,0
0.006634,tcp,,SH,7,1,0.0,0.0,1205.9089538739825,0,0,0.0,0.0,0,0,0.0,0.0,0.0,0.0,0,0,0,0,0.0,0.0,0.0,0,0,,,1,100,89,1,1,89,0,18,35,90,1,0,Normal,0
0.020639,tcp,http,SH,13,0,1627.0,0.0,629.8754784631038,0,0,630650.7098212122,0.0,0,0,0.0,0.0,0.0,0.0,0,0,0,0,0.0,0.0,0.0,125,0,4.0,0.0,36,100,89,36,1,89,0,17,36,90,1,0,Normal,0
0.018931,tcp,http,SH,13,0,1597.0,0.0,686.7043473667529,0,0,674871.9032275104,0.0,0,0,0.0,0.0,0.0,0.0,0,0,0,0,0.0,0.0,0.0,122,0,4.0,0.0,37,100,89,37,1,89,0,17,37,90,1,0,Normal,0
0.040551,tcp,ftp,SH,13,1,99.0,0.0,345.2442603141723,0,0,19530.96101205889,0.0,0,0,0.0,0.0,0.0,0.0,0,0,0,0,0.0,0.0,0.0,7,0,,,18,100,89,18,1,89,1,18,37,90,1,0,Normal,0
0.014929,tcp,,SH,73,0,93356.0,0.0,4889.811775738495,0,0,50026659.52173622,0.0,0,0,0.0,0.0,0.0,0.0,0,0,0,0,0.0,0.0,0.0,1278,0,,,1,100,89,1,1,89,0,18,36,90,1,0,Normal,0
0.006251,tcp,,SH,36,5,0.0,78757.0,6558.950567909135,0,0,0.0,100792833.14669654,0,0,0.0,0.0,0.0,0.0,0,0,0,0,0.0,0.0,0.0,0,15751,,,1,100,90,1,1,90,0,18,36,91,1,0,Normal,0
0.027926,tcp,ftp,SH,13,0,99.0,0.0,465.516006588842,0,0,28360.667478335603,0.0,0,0,0.0,0.0,0.0,0.0,0,0,0,0,0.0,0.0,0.0,7,0,,,19,100,91,19,1,91,1,19,36,92,1,0,Normal,0
0.007239,tcp,,SH,45,0,54976.0,0.0,6216.328222130129,0,0,60755352.94930239,0.0,0,0,0.0,0.0,0.0,0.0,0,0,0,0,0.0,0.0,0.0,1221,0,,,1,100,91,1,1,91,0,19,35,92,1,0,Normal,0
0.00405,tcp,,SH,23,3,0.0,40377.0,6419.753086419753,0,0,0.0,79757037.03703704,0,0,0.0,0.0,0.0,0.0,0,0,0,0,0.0,0.0,0.0,0,13459,,,1,100,92,1,1,92,0,19,35,93,1,0,Normal,0
0.021883,tcp,http,SH,13,0,1627.0,0.0,594.0684549650414,0,0,594799.616140383,0.0,0,0,0.0,0.0,0.0,0.0,0,0,0,0,0.0,0.0,0.0,125,0,4.0,0.0,35,100,92,35,1,92,0,19,35,93,1,0,Normal,0
0.01298,tcp,http,SH,13,0,1627.0,0.0,1001.5408320493066,0,0,1002773.497688752,0.0,0,0,0.0,0.0,0.0,0.0,0,0,0,0,0.0,0.0,0.0,125,0,4.0,0.0,36,100,92,36,1,92,0,18,36,93,1,0,Normal,0
0.020554,tcp,http,SH,13,0,1392.0,0.0,632.4802958061691,0,0,541792.3518536538,0.0,0,0,0.0,0.0,0.0,0.0,0,0,0,0,0.0,0.0,0.0,107,0,4.0,0.0,37,100,92,37,1,92,0,18,37,93,1,0,Normal,0
0.029135,tcp,ftp,SH,13,0,99.0,0.0,446.1987300497683,0,0,27183.79955380127,0.0,0,0,0.0,0.0,0.0,0.0,0,0,0,0,0.0,0.0,0.0,7,0,,,19,100,92,19,1,92,1,19,37,93,1,0,Normal,0
0.005416,tcp,,SH,17,0,17634.0,0.0,3138.847858197932,0,0,26047267.355982278,0.0,0,0,0.0,0.0,0.0,0.0,0,0,0,0,0.0,0.0,0.0,1037,0,,,1,100,92,1,1,92,0,19,36,93,1,0,Normal,0
0.005452,tcp,,SH,10,1,0.0,0.0,2017.608217168012,0,0,0.0,0.0,0,0,0.0,0.0,0.0,0.0,0,0,0,0,0.0,0.0,0.0,0,0,,,1,100,93,1,1,93,0,19,36,94,1,0,Normal,0
0.021013,tcp,http,SH,13,0,1597.0,0.0,618.6646361776043,0,0,608004.5686003902,0.0,0,0,0.0,0.0,0.0,0.0,0,0,0,0,0.0,0.0,0.0,122,0,4.0,0.0,36,100,93,36,1,93,0,19,36,94,1,0,Normal,0
0.031893,tcp,ftp,SH,13,0,99.0,0.0,407.61295582102656,0,0,24833.03546232716,0.0,0,0,0.0,0.0,0.0,0.0,0,0,0,0,0.0,0.0,0.0,7,0,,,20,100,93,20,1,93,1,20,35,94,1,0,Normal,0
0.010158,tcp,,SH,61,0,76760.0,0.0,6005.1191179366015,0,0,60452845.04823784,0.0,0,0,0.0,0.0,0.0,0.0,0,0,0,0,0.0,0.0,0.0,1258,0,,,1,100,93,1,1,93,0,19,35,94,1,0,Normal,0
0.00469,tcp,,SH,30,5,0.0,62161.0,7462.68656716418,0,0,0.0,106031556.5031983,0,0,0.0,0.0,0.0,0.0,0,0,0,0,0.0,0.0,0.0,0,12432,,,1,100,93,1,1,93,0,19,35,94,1,0,Normal,0
0.02125,tcp,http,SH,13,0,1392.0,0.0,611.7647058823529,0,0,524047.0588235294,0.0,0,0,0.0,0.0,0.0,0.0,0,0,0,0,0.0,0.0,0.0,107,0,4.0,0.0,36,100,93,36,1,93,0,19,36,94,1,0,Normal,0
0.01992,tcp,http,SH,13,0,1597.0,0.0,652.6104417670682,0,0,641365.4618473896,0.0,0,0,0.0,0.0,0.0,0.0,0,0,0,0,0.0,0.0,0.0,122,0,4.0,0.0,36,100,93,36,1,93,0,19,36,94,1,0,Normal,0
0.029004,tcp,ftp,SH,13,1,99.0,0.0,482.69204247689976,0,0,27306.5784029789,0.0,0,0,0.0,0.0,0.0,0.0,0,0,0,0,0.0,0.0,0.0,7,0,,,20,100,93,20,1,93,1,20,35,94,1,0,Normal,0
0.005217,tcp,,SH,24,0,26969.0,0.0,4600.345025876941,0,0,41355568.33429173,0.0,0,0,0.0,0.0,0.0,0.0,0,0,0,0,0.0,0.0,0.0,1123,0,,,1,100,93,1,1,93,0,19,35,94,1,0,Normal,0
0.00807,tcp,,SH,13,2,0.0,12370.0,1858.7360594795537,0,0,0.0,12262701.363073109,0,0,0.0,0.0,0.0,0.0,0,0,0,0,0.0,0.0,0.0,0,6185,,,1,100,93,1,1,93,0,19,35,94,1,0,Normal,0
0.014612,tcp,http,SH,13,0,1392.0,0.0,889.6797153024911,0,0,762113.3315083493,0.0,0,0,0.0,0.0,0.0,0.0,0,0,0,0,0.0,0.0,0.0,107,0,4.0,0.0,36,100,93,36,1,93,0,19,36,94,1,0,Normal,0
0.036908,tcp,ftp,SH,13,1,99.0,0.0,379.3215563021567,0,0,21458.76232795058,0.0,0,0,0.0,0.0,0.0,0.0,0,0,0,0,0.0,0.0,0.0,7,0,,,20,100,93,20,1,93,1,20,35,94,1,0,Normal,0
0.011119,tcp,,SH,80,0,103729.0,0.0,7194.891626944869,0,0,74631891.35713643,0.0,0,0,0.0,0.0,0.0,0.0,0,0,0,0,0.0,0.0,0.0,1296,0,,,1,100,93,1,1,93,0,19,35,94,1,0,Normal,0
0.006869,tcp,,SH,39,6,0.0,83290.0,6551.171931867812,0,0,0.0,97003930.70315912,0,0,0.0,0.0,0.0,0.0,0,0,0,0,0.0,0.0,0.0,0,13881,,,1,100,93,1,1,93,0,19,35,94,1,0,Normal,0
2.968952,udp,,S0,4,0,680.0,0.0,1.3472767495062232,0,0,1832.2963793284637,0.0,0,0,0.0,0.0,0.0,0.0,0,0,0,0,0.0,0.0,0.0,170,0,,,4,100,7,4,1,6,0,19,35,6,1,0,Normal,0
0.042317,udp,ntp,SHR,0,1,0.0,48.0,23.63116478011201,0,0,0.0,9074.367275563012,0,0,0.0,0.0,0.0,0.0,0,0,0,0,0.0,0.0,0.0,0,48,,,1,3,1,1,1,1,0,19,34,1,1,0,Normal,0
0.023948,tcp,http,SH,13,0,1597.0,0.0,542.8428261232671,0,0,533489.2266577585,0.0,0,0,0.0,0.0,0.0,0.0,0,0,0,0,0.0,0.0,0.0,122,0,4.0,0.0,35,100,91,35,1,91,0,18,35,92,1,0,Normal,0
0.031925,tcp,ftp,SH,13,0,99.0,0.0,407.2043852779953,0,0,24808.14408770556,0.0,0,0,0.0,0.0,0.0,0.0,0,0,0,0,0.0,0.0,0.0,7,0,,,19,100,91,19,1,91,1,19,35,92,1,0,Normal,0
0.009027,tcp,,SH,58,0,73648.0,0.0,6425.16893763155,0,0,65269081.64395702,0.0,0,0,0.0,0.0,0.0,0.0,0,0,0,0,0.0,0.0,0.0,1269,0,,,1,100,91,1,1,91,0,19,35,92,1,0,Normal,0
0.005525,tcp,,SH,29,4,0.0,59049.0,5972.850678733032,0,0,0.0,85500814.47963801,0,0,0.0,0.0,0.0,0.0,0,0,0,0,0.0,0.0,0.0,0,14762,,,1,100,91,1,1,91,0,19,34,92,1,0,Normal,0
0.023191,tcp,http,SH,13,0,1627.0,0.0,560.5622870941313,0,0,561252.2099090164,0.0,0,0,0.0,0.0,0.0,0.0,0,0,0,0,0.0,0.0,0.0,125,0,4.0,0.0,34,100,91,34,1,91,0,19,34,92,1,0,Normal,0
0.0,icmp,,OTH,1,0,0.0,0.0,0.0,0,0,0.0,0.0,0,0,0.0,0.0,0.0,0.0,0,0,0,0,0.0,0.0,0.0,0,0,,,1,4,1,1,1,1,0,19,34,1,1,0,Normal,0
0.021267,tcp,http,SH,13,0,1627.0,0.0,611.2756853340857,0,0,612028.0246391122,0.0,0,0,0.0,0.0,0.0,0.0,0,0,0,0,0.0,0.0,0.0,125,0,4.0,0.0,34,100,91,34,1,91,0,19,34,92,1,0,Normal,0
0.021262,tcp,http,SH,13,0,1597.0,0.0,611.4194337315398,0,0,600884.2065657041,0.0,0,0,0.0,0.0,0.0,0.0,0,0,0,0,0.0,0.0,0.0,122,0,4.0,0.0,35,100,91,35,1,91,0,18,35,92,1,0,Normal,0
0.029425,tcp,ftp,SH,13,0,99.0,0.0,441.8011894647408,0,0,26915.88785046729,0.0,0,0,0.0,0.0,0.0,0.0,0,0,0,0,0.0,0.0,0.0,7,0,,,19,100,91,19,1,91,1,19,35,92,1,0,Normal,0
0.004435,tcp,,SH,11,0,9335.0,0.0,2480.270574971815,0,0,16838782.412626833,0.0,0,0,0.0,0.0,0.0,0.0,0,0,0,0,0.0,0.0,0.0,848,0,,,1,100,91,1,1,91,0,19,35,92,1,0,Normal,0
0.005201,tcp,,SH,7,1,0.0,0.0,1538.1657373582004,0,0,0.0,0.0,0,0,0.0,0.0,0.0,0.0,0,0,0,0,0.0,0.0,0.0,0,0,,,1,100,91,1,1,91,0,19,34,92,1,0,Normal,0
0.020753,tcp,http,SH,13,0,1597.0,0.0,626.4154580060714,0,0,615621.8378065822,0.0,0,0,0.0,0.0,0.0,0.0,0,0,0,0,0.0,0.0,0.0,122,0,4.0,0.0,35,100,92,35,1,92,0,19,35,93,1,0,Normal,0
0.016176,tcp,http,SH,13,0,1627.0,0.0,803.6597428288824,0,0,804648.862512364,0.0,0,0,0.0,0.0,0.0,0.0,0,0,0,0,0.0,0.0,0.0,125,0,4.0,0.0,36,100,92,36,1,92,0,18,36,93,1,0,Normal,0
0.033859,tcp,ftp,SH,13,0,99.0,0.0,383.9451844413597,0,0,23391.12200596592,0.0,0,0,0.0,0.0,0.0,0.0,0,0,0,0,0.0,0.0,0.0,7,0,,,19,100,92,19,1,92,1,19,36,93,1,0,Normal,0
0.012146,tcp,,SH,66,0,84021.0,0.0,5433.887699654207,0,0,55340688.29244196,0.0,0,0,0.0,0.0,0.0,0.0,0,0,0,0,0.0,0.0,0.0,1273,0,,,1,100,92,1,1,92,0,19,36,93,1,0,Normal,0
0.004954,tcp,,SH,32,5,0.0,63582.0,7468.712151796528,0,0,0.0,102675817.521195,0,0,0.0,0.0,0.0,0.0,0,0,0,0,0.0,0.0,0.0,0,12716,,,1,100,92,1,1,92,0,19,35,93,1,0,Normal,0
0.029407,tcp,http,SH,13,0,1597.0,0.0,442.0716156017275,0,0,434454.3816098208,0.0,0,0,0.0,0.0,0.0,0.0,0,0,0,0,0.0,0.0,0.0,122,0,4.0,0.0,35,100,92,35,1,92,0,19,35,93,1,0,Normal,0
0.031265,tcp,ftp,SH,13,1,99.0,0.0,447.78506316967855,0,0,25331.8407164561,0.0,0,0,0.0,0.0,0.0,0.0,0,0,0,0,0.0,0.0,0.0,7,0,,,20,100,93,20,1,93,1,20,35,93,1,0,Normal,0
0.008275,tcp,,SH,46,0,57051.0,0.0,5558.912386706949,0,0,55155045.31722055,0.0,0,0,0.0,0.0,0.0,0.0,0,0,0,0,0.0,0.0,0.0,1240,0,,,1,100,93,1,1,93,0,20,34,93,1,0,Normal,0
0.005005,tcp,,SF,23,4,0.0,36611.0,5394.605394605394,0,0,0.0,58519080.91908092,0,0,0.0,0.0,0.0,0.0,0,0,0,0,0.0,0.0,0.0,0,9152,,,1,19,93,1,1,93,0,19,34,93,1,0,Normal,0
0.018502,tcp,http,SH,13,0,1627.0,0.0,702.6267430548048,0,0,703491.5144308723,0.0,0,0,0.0,0.0,0.0,0.0,0,0,0,0,0.0,0.0,0.0,125,0,4.0,0.0,35,100,93,35,1,93,0,19,35,93,1,0,Normal,0
0.034867,tcp,ftp,SH,13,1,99.0,0.0,401.52579803252354,0,0,22714.888002982763,0.0,0,0,0.0,0.0,0.0,0.0,0,0,0,0,0.0,0.0,0.0,7,0,,,20,100,93,20,1,93,1,20,35,93,1,0,Normal,0
0.010228,tcp,,SH,70,0,89207.0,0.0,6843.95776300352,0,0,69774736.018772,0.0,0,0,0.0,0.0,0.0,0.0,0,0,0,0,0.0,0.0,0.0,1274,0,,,1,100,93,1,1,93,0,20,34,93,1,0,Normal,0
0.005699,tcp,,SF,34,6,0.0,68767.0,7018.77522372346,0,0,0.0,96532023.16195825,0,0,0.0,0.0,0.0,0.0,0,0,0,0,0.0,0.0,0.0,0,11461,,,1,20,93,1,1,93,0,19,34,93,1,0,Normal,0
0.022171,tcp,http,SH,13,0,1597.0,0.0,586.3515403003925,0,0,576248.2522213702,0.0,0,0,0.0,0.0,0.0,0.0,0,0,0,0,0.0,0.0,0.0,122,0,4.0,0.0,35,100,93,35,1,93,0,19,35,93,1,0,Normal,0
2.969776,udp,,S0,4,0,680.0,0.0,1.34690293139954,0,0,1831.7879867033744,0.0,0,0,0.0,0.0,0.0,0.0,0,0,0,0,0.0,0.0,0.0,170,0,,,4,100,5,4,1,5,0,19,35,5,1,0,Normal,0
0.035241,tcp,ftp,SH,13,1,99.0,0.0,397.2645498141369,0,0,22473.82310377117,0.0,0,0,0.0,0.0,0.0,0.0,0,0,0,0,0.0,0.0,0.0,7,0,,,20,100,92,20,1,92,1,20,34,92,1,0,Normal,0
0.010546,tcp,,SH,64,0,80909.0,0.0,6068.651621467855,0,0,61376066.75516784,0.0,0,0,0.0,0.0,0.0,0.0,0,0,0,0,0.0,0.0,0.0,1264,0,,,1,100,92,1,1,92,0,19,34,92,1,0,Normal,0
0.005473,tcp,,SF,31,5,0.0,66309.0,6577.745295084963,0,0,0.0,96925269.50484195,0,0,0.0,0.0,0.0,0.0,0,0,0,0,0.0,0.0,0.0,0,13261,,,1,21,92,1,1,92,0,19,34,92,1,0,Normal,0
0.018899,tcp,http,SH,13,0,1392.0,0.0,687.86708291444,0,0,589237.5257950156,0.0,0,0,0.0,0.0,0.0,0.0,0,0,0,0,0.0,0.0,0.0,107,0,4.0,0.0,35,100,92,35,1,92,0,19,35,92,1,0,Normal,0
0.021179,tcp,http,SH,13,0,1627.0,0.0,613.8155720288966,0,0,614571.0373483167,0.0,0,0,0.0,0.0,0.0,0.0,0,0,0,0,0.0,0.0,0.0,125,0,4.0,0.0,35,100,92,35,1,92,0,19,35,92,1,0,Normal,0
0.024267,tcp,http,SH,13,0,1627.0,0.0,535.7069271026497,0,0,536366.2587052375,0.0,0,0,0.0,0.0,0.0,0.0,0,0,0,0,0.0,0.0,0.0,125,0,4.0,0.0,36,100,93,36,1,93,0,19,36,93,1,0,Normal,0
0.022039,tcp,http,SH,13,0,1597.0,0.0,589.8634239303054,0,0,579699.6233948909,0.0,0,0,0.0,0.0,0.0,0.0,0,0,0,0,0.0,0.0,0.0,122,0,4.0,0.0,36,100,93,36,1,93,0,19,36,93,1,0,Normal,0
0.03328,tcp,ftp,SH,13,0,99.0,0.0,390.62500000000006,0,0,23798.07692307693,0.0,0,0,0.0,0.0,0.0,0.0,0,0,0,0,0.0,0.0,0.0,7,0,,,20,100,93,20,1,93,1,20,35,93,1,0,Normal,0
0.007519,tcp,,SH,36,0,42529.0,0.0,4787.870727490358,0,0,45249634.259874985,0.0,0,0,0.0,0.0,0.0,0.0,0,0,0,0,0.0,0.0,0.0,1181,0,,,1,100,93,1,1,93,0,20,34,93,1,0,Normal,0
0.006272,tcp,,SH,19,3,0.0,27930.0,3507.65306122449,0,0,0.0,35625000.0,0,0,0.0,0.0,0.0,0.0,0,0,0,0,0.0,0.0,0.0,0,9310,,,1,100,93,1,1,93,0,20,33,93,1,0,Normal,0
0.409027,udp,dns,S0,2,0,64.0,0.0,4.889652761309156,0,0,1251.751106895144,0.0,0,0,0.0,0.0,0.0,0.0,0,0,0,0,0.0,0.0,0.0,32,0,,,1,100,1,1,1,1,0,20,33,5,1,0,Normal,0
0.017723,tcp,http,SH,13,0,1392.0,0.0,733.5101280821532,0,0,628336.0604863737,0.0,0,0,0.0,0.0,0.0,0.0,0,0,0,0,0.0,0.0,0.0,107,0,4.0,0.0,34,100,93,34,1,93,0,19,34,93,1,0,Normal,0
0.012749,tcp,http,SH,13,0,1597.0,0.0,1019.6878186524432,0,0,1002117.8131618166,0.0,0,0,0.0,0.0,0.0,0.0,0,0,0,0,0.0,0.0,0.0,122,0,4.0,0.0,35,100,93,35,1,93,0,19,35,93,1,0,Normal,0
0.020183,tcp,http,SH,13,0,1597.0,0.0,644.1064262002676,0,0,633007.9770103552,0.0,0,0,0.0,0.0,0.0,0.0,0,0,0,0,0.0,0.0,0.0,122,0,4.0,0.0,36,100,93,36,1,93,0,19,36,93,1,0,Normal,0
0.037556,tcp,ftp,SH,13,0,99.0,0.0,346.1497497071041,0,0,21088.507828309725,0.0,0,0,0.0,0.0,0.0,0.0,0,0,0,0,0.0,0.0,0.0,7,0,,,20,100,93,20,1,93,1,20,35,93,1,0,Normal,0
0.01018,tcp,,SH,52,0,65349.0,0.0,5108.055009823182,0,0,51354813.35952849,0.0,0,0,0.0,0.0,0.0,0.0,0,0,0,0,0.0,0.0,0.0,1256,0,,,1,100,93,1,1,93,0,20,34,93,1,0,Normal,0
0.007105,tcp,,SH,26,4,0.0,44910.0,4222.37860661506,0,0,0.0,50567206.19282196,0,0,0.0,0.0,0.0,0.0,0,0,0,0,0.0,0.0,0.0,0,11227,,,1,100,93,1,1,93,0,19,34,93,1,0,Normal,0
2.040513,udp,dns,S0,3,0,111.0,0.0,1.4702185185784165,0,0,435.1846814992113,0.0,0,0,0.0,0.0,0.0,0.0,0,0,0,0,0.0,0.0,0.0,37,0,,,1,100,1,1,1,1,0,19,34,1,1,0,Normal,0
0.01246,tcp,http,SH,13,0,1392.0,0.0,1043.338683788122,0,0,893739.9678972713,0.0,0,0,0.0,0.0,0.0,0.0,0,0,0,0,0.0,0.0,0.0,107,0,4.0,0.0,35,100,92,35,1,92,0,19,35,92,1,0,Normal,0
0.023027,tcp,http,SH,13,0,1597.0,0.0,564.554653233161,0,0,554826.9422851435,0.0,0,0,0.0,0.0,0.0,0.0,0,0,0,0,0.0,0.0,0.0,122,0,4.0,0.0,35,100,92,35,1,92,0,19,35,92,1,0,Normal,0
5.631088,udp,,S0,7,0,4592.0,0.0,1.243099024557954,0,0,6523.783680880142,0.0,0,0,0.0,0.0,0.0,0.0,0,0,0,0,0.0,0.0,0.0,656,0,,,2,100,5,2,1,5,0,18,35,6,1,0,Normal,0
0.018162,tcp,http,SH,13,0,1392.0,0.0,715.780200418456,0,0,613148.3316815328,0.0,0,0,0.0,0.0,0.0,0.0,0,0,0,0,0.0,0.0,0.0,107,0,4.0,0.0,36,100,91,36,1,91,0,18,36,91,1,0,Normal,0
0.029989,tcp,ftp,SH,13,1,99.0,0.0,466.83784054153193,0,0,26409.683550635236,0.0,0,0,0.0,0.0,0.0,0.0,0,0,0,0,0.0,0.0,0.0,7,0,,,19,100,91,19,1,91,1,19,36,91,1,0,Normal,0
0.006224,tcp,,SH,23,0,24895.0,0.0,3695.3727506426735,0,0,31998714.652956296,0.0,0,0,0.0,0.0,0.0,0.0,0,0,0,0,0.0,0.0,0.0,1082,0,,,1,100,91,1,1,91,0,19,35,91,1,0,Normal,0
0.005972,tcp,,SH,12,1,0.0,0.0,2176.8251841929005,0,0,0.0,0.0,0,0,0.0,0.0,0.0,0.0,0,0,0,0,0.0,0.0,0.0,0,0,,,1,100,92,1,1,92,0,19,35,92,1,0,Normal,0
2.967473,udp,,S0,3,0,510.0,0.0,1.0109611780798005,0,0,1374.9072021885288,0.0,0,0,0.0,0.0,0.0,0.0,0,0,0,0,0.0,0.0,0.0,170,0,,,4,100,5,4,1,5,0,19,34,6,1,0,Normal,0
0.023514,tcp,http,SH,13,0,1392.0,0.0,552.862124691673,0,0,473590.2015820362,0.0,0,0,0.0,0.0,0.0,0.0,0,0,0,0,0.0,0.0,0.0,107,0,4.0,0.0,34,100,91,34,1,91,0,19,34,91,1,0,Normal,0
0.022579,tcp,http,SH,13,0,1627.0,0.0,575.756233668453,0,0,576464.8567252757,0.0,0,0,0.0,0.0,0.0,0.0,0,0,0,0,0.0,0.0,0.0,125,0,4.0,0.0,35,100,91,35,1,91,0,18,35,91,1,0,Normal,0
0.031219,tcp,ftp,SH,13,0,99.0,0.0,416.4130817771229,0,0,25369.16621288318,0.0,0,0,0.0,0.0,0.0,0.0,0,0,0,0,0.0,0.0,0.0,7,0,,,19,100,91,19,1,91,1,19,35,91,1,0,Normal,0
0.008328,tcp,,SH,57,0,71573.0,0.0,6844.380403458213,0,0,68754082.61287224,0.0,0,0,0.0,0.0,0.0,0.0,0,0,0,0,0.0,0.0,0.0,1255,0,,,1,100,91,1,1,91,0,19,35,91,1,0,Normal,0
0.005223,tcp,,SH,28,4,0.0,56974.0,6126.747080222094,0,0,0.0,87266322.0371434,0,0,0.0,0.0,0.0,0.0,0,0,0,0,0.0,0.0,0.0,0,14243,,,1,100,91,1,1,91,0,19,34,91,1,0,Normal,0
0.018943,tcp,http,SH,13,0,1597.0,0.0,686.2693343187457,0,0,674444.3857889457,0.0,0,0,0.0,0.0,0.0,0.0,0,0,0,0,0.0,0.0,0.0,122,0,4.0,0.0,35,100,91,35,1,91,0,18,35,91,1,0,Normal,0
0.024018,tcp,http,SH,13,0,1627.0,0.0,541.2607211258223,0,0,541926.888167208,0.0,0,0,0.0,0.0,0.0,0.0,0,0,0,0,0.0,0.0,0.0,125,0,4.0,0.0,36,100,91,36,1,91,0,18,36,91,1,0,Normal,0
6.403776,udp,,S0,7,0,4592.0,0.0,1.0931050680098742,0,0,5736.61539691582,0.0,0,0,0.0,0.0,0.0,0.0,0,0,0,0,0.0,0.0,0.0,656,0,,,1,100,6,1,1,1,0,18,36,91,1,0,Normal,0
0.020572,tcp,http,SH,13,0,1627.0,0.0,631.9268909196967,0,0,632704.6470931363,0.0,0,0,0.0,0.0,0.0,0.0,0,0,0,0,0.0,0.0,0.0,125,0,4.0,0.0,36,100,90,36,1,90,0,18,36,91,1,0,Normal,0
0.031817,tcp,ftp,SH,13,0,99.0,0.0,408.58660464531545,0,0,24892.35314454537,0.0,0,0,0.0,0.0,0.0,0.0,0,0,0,0,0.0,0.0,0.0,7,0,,,18,100,90,18,1,90,1,18,36,91,1,0,Normal,0
0.005115,tcp,,SH,11,0,8298.0,0.0,2150.537634408602,0,0,12978299.120234605,0.0,0,0,0.0,0.0,0.0,0.0,0,0,0,0,0.0,0.0,0.0,754,0,,,1,100,90,1,1,90,0,18,36,91,1,0,Normal,0
0.005922,tcp,,SH,7,1,0.0,0.0,1350.8949679162445,0,0,0.0,0.0,0,0,0.0,0.0,0.0,0.0,0,0,0,0,0.0,0.0,0.0,0,0,,,1,100,90,1,1,90,0,18,36,91,1,0,Normal,0
0.020456,tcp,http,SH,13,0,1627.0,0.0,635.5103637074698,0,0,636292.5303089558,0.0,0,0,0.0,0.0,0.0,0.0,0,0,0,0,0.0,0.0,0.0,125,0,4.0,0.0,36,100,90,36,1,90,0,18,36,91,1,0,Normal,0
0.034972,tcp,ftp,SH,13,0,99.0,0.0,371.72595219032365,0,0,22646.688779595104,0.0,0,0,0.0,0.0,0.0,0.0,0,0,0,0,0.0,0.0,0.0,7,0,,,19,100,90,19,1,90,1,19,35,91,1,0,Normal,0
0.011015,tcp,,SH,80,0,103729.0,0.0,7262.823422605537,0,0,75336541.08034497,0.0,0,0,0.0,0.0,0.0,0.0,0,0,0,0,0.0,0.0,0.0,1296,0,,,1,100,91,1,1,91,0,19,35,92,1,0,Normal,0
0.005848,tcp,,SH,40,5,0.0,89130.0,7694.938440492476,0,0,0.0,121928864.56908344,0,0,0.0,0.0,0.0,0.0,0,0,0,0,0.0,0.0,0.0,0,17826,,,1,100,91,1,1,91,0,19,34,92,1,0,Normal,0
0.024434,tcp,http,SH,13,0,1392.0,0.0,532.0455103544241,0,0,455758.3694851436,0.0,0,0,0.0,0.0,0.0,0.0,0,0,0,0,0.0,0.0,0.0,107,0,4.0,0.0,35,100,91,35,1,91,0,18,35,92,1,0,Normal,0
0.019382,tcp,http,SH,13,0,1627.0,0.0,670.7254153338149,0,0,671550.9235373026,0.0,0,0,0.0,0.0,0.0,0.0,0,0,0,0,0.0,0.0,0.0,125,0,4.0,0.0,36,100,91,36,1,91,0,18,36,92,1,0,Normal,0
0.034678,tcp,ftp,SH,13,1,99.0,0.0,403.7141703673799,0,0,22838.68735221177,0.0,0,0,0.0,0.0,0.0,0.0,0,0,0,0,0.0,0.0,0.0,7,0,,,19,100,91,19,1,91,1,19,36,92,1,0,Normal,0
0.006458,tcp,,SH,23,0,25932.0,0.0,3561.474140600805,0,0,32123877.3614122,0.0,0,0,0.0,0.0,0.0,0.0,0,0,0,0,0.0,0.0,0.0,1127,0,,,1,100,91,1,1,91,0,19,35,92,1,0,Normal,0
0.007061,tcp,,SH,12,1,0.0,0.0,1841.0989944767032,0,0,0.0,0.0,0,0,0.0,0.0,0.0,0.0,0,0,0,0,0.0,0.0,0.0,0,0,,,1,100,91,1,1,91,0,19,34,92,1,0,Normal,0
0.020733,tcp,http,SH,13,0,1392.0,0.0,627.0197270052573,0,0,537114.744610042,0.0,0,0,0.0,0.0,0.0,0.0,0,0,0,0,0.0,0.0,0.0,107,0,4.0,0.0,35,100,91,35,1,91,0,18,35,92,1,0,Normal,0
0.019996,tcp,http,SH,13,0,1597.0,0.0,650.130026005201,0,0,638927.7855571114,0.0,0,0,0.0,0.0,0.0,0.0,0,0,0,0,0.0,0.0,0.0,122,0,4.0,0.0,36,100,91,36,1,91,0,18,36,92,1,0,Normal,0
0.029151,tcp,ftp,SH,13,0,99.0,0.0,445.9538266268739,0,0,27168.879283729548,0.0,0,0,0.0,0.0,0.0,0.0,0,0,0,0,0.0,0.0,0.0,7,0,,,19,100,91,19,1,91,1,19,36,92,1,0,Normal,0
0.007641,tcp,,SH,42,0,51864.0,0.0,5496.662740478995,0,0,54300745.975657634,0.0,0,0,0.0,0.0,0.0,0.0,0,0,0,0,0.0,0.0,0.0,1234,0,,,1,100,91,1,1,91,0,18,36,92,1,0,Normal,0
0.005264,tcp,,SH,22,3,0.0,37265.0,4749.240121580548,0,0,0.0,56633738.60182371,0,0,0.0,0.0,0.0,0.0,0,0,0,0,0.0,0.0,0.0,0,12421,,,1,100,91,1,1,91,0,18,36,92,1,0,Normal,0
0.019657,tcp,http,SH,13,0,1392.0,0.0,661.3420155669736,0,0,566515.7450272167,0.0,0,0,0.0,0.0,0.0,0.0,0,0,0,0,0.0,0.0,0.0,107,0,4.0,0.0,37,100,91,37,1,91,0,18,37,92,1,0,Normal,0
0.011445,tcp,http,SH,13,0,1627.0,0.0,1135.8671909130624,0,0,1137265.1813018783,0.0,0,0,0.0,0.0,0.0,0.0,0,0,0,0,0.0,0.0,0.0,125,0,4.0,0.0,37,100,91,37,1,91,0,18,37,92,1,0,Normal,0
3.071874,udp,,S0,4,0,680.0,0.0,1.3021367412856126,0,0,1770.905968148433,0.0,0,0,0.0,0.0,0.0,0.0,0,0,0,0,0.0,0.0,0.0,170,0,,,4,100,6,4,1,5,0,18,36,6,1,0,Normal,0
0.023001,tcp,http,SH,13,0,1597.0,0.0,565.192817703578,0,0,555454.1106908395,0.0,0,0,0.0,0.0,0.0,0.0,0,0,0,0,0.0,0.0,0.0,122,0,4.0,0.0,36,100,90,36,1,90,0,18,36,91,1,0,Normal,0
0.035045,tcp,ftp,SH,13,1,99.0,0.0,399.48637466115,0,0,22599.5149094022,0.0,0,0,0.0,0.0,0.0,0.0,0,0,0,0,0.0,0.0,0.0,7,0,,,18,100,90,18,1,90,1,18,36,91,1,0,Normal,0
0.01307,tcp,,SH,71,0,91282.0,0.0,5432.2876817138485,0,0,55872685.539403215,0.0,0,0,0.0,0.0,0.0,0.0,0,0,0,0,0.0,0.0,0.0,1285,0,,,1,100,90,1,1,90,0,18,36,91,1,0,Normal,0
0.005484,tcp,,SF,35,5,0.0,59162.0,7293.946024799417,0,0,0.0,86304886.94383661,0,0,0.0,0.0,0.0,0.0,0,0,0,0,0.0,0.0,0.0,0,11832,,,1,22,90,1,1,90,0,18,36,91,1,0,Normal,0
0.014698,tcp,http,SH,13,0,1392.0,0.0,884.4740781058648,0,0,757654.1025989931,0.0,0,0,0.0,0.0,0.0,0.0,0,0,0,0,0.0,0.0,0.0,107,0,4.0,0.0,36,100,90,36,1,90,0,18,36,91,1,0,Normal,0
0.020547,tcp,http,SH,13,0,1597.0,0.0,632.6957706721176,0,0,621793.9358543827,0.0,0,0,0.0,0.0,0.0,0.0,0,0,0,0,0.0,0.0,0.0,122,0,4.0,0.0,37,100,90,37,1,90,0,17,37,91,1,0,Normal,0
0.014701,tcp,http,SH,13,0,1392.0,0.0,884.2935854703761,0,0,757499.4898306237,0.0,0,0,0.0,0.0,0.0,0.0,0,0,0,0,0.0,0.0,0.0,107,0,4.0,0.0,38,100,90,38,1,90,0,17,38,91,1,0,Normal,0
0.418243,udp,dns,S0,2,0,56.0,0.0,4.781909081562633,0,0,1071.1476342700296,0.0,0,0,0.0,0.0,0.0,0.0,0,0,0,0,0.0,0.0,0.0,28,0,,,1,100,2,1,1,1,0,17,38,1,1,0,Normal,0
0.045748,tcp,ftp,SH,13,0,99.0,0.0,284.1654279968523,0,0,17312.23222873131,0.0,0,0,0.0,0.0,0.0,0.0,0,0,0,0,0.0,0.0,0.0,7,0,,,18,100,89,18,1,89,1,18,37,90,1,0,Normal,0
0.01015,tcp,,SH,52,0,65349.0,0.0,5123.152709359606,0,0,51506600.98522168,0.0,0,0,0.0,0.0,0.0,0.0,0,0,0,0,0.0,0.0,0.0,1256,0,,,1,100,89,1,1,89,0,18,36,90,1,0,Normal,0
0.004369,tcp,,SH,26,4,0.0,50750.0,6866.55985351339,0,0,0.0,92927443.35088122,0,0,0.0,0.0,0.0,0.0,0,0,0,0,0.0,0.0,0.0,0,12687,,,1,100,89,1,1,89,0,17,36,90,1,0,Normal,0
7.2693,udp,,S0,6,0,3936.0,0.0,0.8253889645495439,0,0,4331.641285956007,0.0,0,0,0.0,0.0,0.0,0.0,0,0,0,0,0.0,0.0,0.0,656,0,,,2,100,7,2,2,6,0,17,36,7,2,0,Normal,0
0.024015,tcp,http,SH,13,0,1392.0,0.0,541.3283364563814,0,0,463710.1811367895,0.0,0,0,0.0,0.0,0.0,0.0,0,0,0,0,0.0,0.0,0.0,107,0,4.0,0.0,37,100,88,37,1,88,0,17,37,89,1,0,Normal,0
0.015505,tcp,http,SH,13,0,1627.0,0.0,838.4392131570461,0,0,839471.1383424702,0.0,0,0,0.0,0.0,0.0,0.0,0,0,0,0,0.0,0.0,0.0,125,0,4.0,0.0,37,100,88,37,1,88,0,17,37,89,1,0,Normal,0
0.034484,tcp,ftp,SH,13,0,99.0,0.0,376.9864284885744,0,0,22967.17318176545,0.0,0,0,0.0,0.0,0.0,0.0,0,0,0,0,0.0,0.0,0.0,7,0,,,17,100,88,17,1,88,1,17,37,89,1,0,Normal,0
0.010155,tcp,,SH,61,0,76760.0,0.0,6006.893156080748,0,0,60470704.08665682,0.0,0,0,0.0,0.0,0.0,0.0,0,0,0,0,0.0,0.0,0.0,1258,0,,,1,100,88,1,1,88,0,17,37,89,1,0,Normal,0
0.005333,tcp,,SH,30,5,0.0,62161.0,6562.910181886368,0,0,0.0,93247327.95799737,0,0,0.0,0.0,0.0,0.0,0,0,0,0,0.0,0.0,0.0,0,12432,,,1,100,88,1,1,88,0,17,37,89,1,0,Normal,0
0.02078,tcp,http,SH,13,0,1627.0,0.0,625.6015399422522,0,0,626371.5110683349,0.0,0,0,0.0,0.0,0.0,0.0,0,0,0,0,0.0,0.0,0.0,125,0,4.0,0.0,38,100,89,38,1,89,0,17,38,90,1,0,Normal,0
0.011965,tcp,http,SH,13,0,1597.0,0.0,1086.5022983702463,0,0,1067781.0279983284,0.0,0,0,0.0,0.0,0.0,0.0,0,0,0,0,0.0,0.0,0.0,122,0,4.0,0.0,39,100,90,39,1,90,0,17,39,91,1,0,Normal,0
3.07266,udp,,S0,4,0,680.0,0.0,1.301803648955628,0,0,1770.4529625796542,0.0,0,0,0.0,0.0,0.0,0.0,0,0,0,0,0.0,0.0,0.0,170,0,,,4,100,7,4,1,6,0,17,38,7,1,0,Normal,0
0.030162,tcp,ftp,SH,13,1,99.0,0.0,464.1602015781447,0,0,26258.205689277896,0.0,0,0,0.0,0.0,0.0,0.0,0,0,0,0,0.0,0.0,0.0,7,0,,,17,100,89,17,1,89,1,17,38,90,1,0,Normal,0
0.004113,tcp,,SH,9,0,6223.0,0.0,2188.1838074398247,0,0,12104060.296620471,0.0,0,0,0.0,0.0,0.0,0.0,0,0,0,0,0.0,0.0,0.0,691,0,,,1,100,89,1,1,89,0,17,38,90,1,0,Normal,0
0.007211,tcp,,SH,6,1,0.0,0.0,970.7391485230896,0,0,0.0,0.0,0,0,0.0,0.0,0.0,0.0,0,0,0,0,0.0,0.0,0.0,0,0,,,1,100,89,1,1,89,0,17,38,90,1,0,Normal,0
0.022457,tcp,http,SH,13,0,1597.0,0.0,578.8840895934452,0,0,568909.4714342966,0.0,0,0,0.0,0.0,0.0,0.0,0,0,0,0,0.0,0.0,0.0,122,0,4.0,0.0,38,100,89,38,1,89,0,17,38,90,1,0,Normal,0
0.019469,tcp,http,SH,13,0,1627.0,0.0,667.7281832657045,0,0,668550.0025681853,0.0,0,0,0.0,0.0,0.0,0.0,0,0,0,0,0.0,0.0,0.0,125,0,4.0,0.0,39,100,90,39,1,90,0,17,39,91,1,0,Normal,0
0.031131,tcp,ftp,SH,13,0,99.0,0.0,417.5901834184575,0,0,25440.878866724488,0.0,0,0,0.0,0.0,0.0,0.0,0,0,0,0,0.0,0.0,0.0,7,0,,,18,100,90,18,1,90,1,18,38,91,1,0,Normal,0
0.006475,tcp,,SH,23,0,24895.0,0.0,3552.123552123552,0,0,30758301.15830116,0.0,0,0,0.0,0.0,0.0,0.0,0,0,0,0,0.0,0.0,0.0,1082,0,,,1,100,90,1,1,90,0,18,37,91,1,0,Normal,0
0.006048,tcp,,SH,13,2,0.0,10296.0,2480.15873015873,0,0,0.0,13619047.619047618,0,0,0.0,0.0,0.0,0.0,0,0,0,0,0.0,0.0,0.0,0,5148,,,1,100,90,1,1,90,0,17,37,91,1,0,Normal,0
0.022384,tcp,http,SH,13,0,1392.0,0.0,580.7719799857041,0,0,497498.2130092923,0.0,0,0,0.0,0.0,0.0,0.0,0,0,0,0,0.0,0.0,0.0,107,0,4.0,0.0,38,100,90,38,1,90,0,17,38,91,1,0,Normal,0
0.022813,tcp,http,SH,13,0,1627.0,0.0,569.8505238241354,0,0,570551.8783149958,0.0,0,0,0.0,0.0,0.0,0.0,0,0,0,0,0.0,0.0,0.0,125,0,4.0,0.0,39,100,90,39,1,90,0,17,39,91,1,0,Normal,0
0.02633,tcp,http,SH,13,0,1597.0,0.0,493.7333839726548,0,0,485225.9779718952,0.0,0,0,0.0,0.0,0.0,0.0,0,0,0,0,0.0,0.0,0.0,122,0,4.0,0.0,39,100,90,39,1,90,0,17,39,91,1,0,Normal,0
0.026511,tcp,ftp,SH,13,1,99.0,0.0,528.0826826600279,0,0,29874.391761910152,0.0,0,0,0.0,0.0,0.0,0.0,0,0,0,0,0.0,0.0,0.0,7,0,,,18,100,90,18,1,90,1,18,38,91,1,0,Normal,0
0.002985,tcp,,SH,11,0,9335.0,0.0,3685.092127303183,0,0,25018425.46063652,0.0,0,0,0.0,0.0,0.0,0.0,0,0,0,0,0.0,0.0,0.0,848,0,,,1,100,90,1,1,90,0,17,38,91,1,0,Normal,0
0.00472,tcp,,SH,7,1,0.0,0.0,1694.915254237288,0,0,0.0,0.0,0,0,0.0,0.0,0.0,0.0,0,0,0,0,0.0,0.0,0.0,0,0,,,1,100,90,1,1,90,0,17,38,91,1,0,Normal,0
0.02273,tcp,http,SH,13,0,1392.0,0.0,571.9313682358116,0,0,489925.208974923,0.0,0,0,0.0,0.0,0.0,0.0,0,0,0,0,0.0,0.0,0.0,107,0,4.0,0.0,39,100,90,39,1,90,0,17,39,91,1,0,Normal,0
0.01911,tcp,http,SH,13,0,1597.0,0.0,680.2721088435375,0,0,668550.4971219257,0.0,0,0,0.0,0.0,0.0,0.0,0,0,0,0,0.0,0.0,0.0,122,0,4.0,0.0,39,100,90,39,1,90,0,17,39,91,1,0,Normal,0
0.021212,tcp,http,SH,13,0,1627.0,0.0,612.860644917971,0,0,613614.9349424853,0.0,0,0,0.0,0.0,0.0,0.0,0,0,0,0,0.0,0.0,0.0,125,0,4.0,0.0,40,100,90,40,1,90,0,16,40,91,1,0,Normal,0
0.030137,tcp,ftp,SH,13,1,99.0,0.0,464.5452433885257,0,0,26279.98805455088,0.0,0,0,0.0,0.0,0.0,0.0,0,0,0,0,0.0,0.0,0.0,7,0,,,17,100,90,17,1,90,1,17,40,91,1,0,Normal,0
0.005459,tcp,,SH,33,0,38380.0,0.0,6045.063198387983,0,0,56244733.46766807,0.0,0,0,0.0,0.0,0.0,0.0,0,0,0,0,0.0,0.0,0.0,1163,0,,,1,100,90,1,1,90,0,17,40,91,1,0,Normal,0
0.006637,tcp,,SH,17,3,0.0,23781.0,3013.4096730450506,0,0,0.0,28664758.17387374,0,0,0.0,0.0,0.0,0.0,0,0,0,0,0.0,0.0,0.0,0,7927,,,1,100,90,1,1,90,0,17,39,91,1,0,Normal,0
0.021398,tcp,http,SH,13,0,1392.0,0.0,607.5334143377886,0,0,520422.46938966255,0.0,0,0,0.0,0.0,0.0,0.0,0,0,0,0,0.0,0.0,0.0,107,0,4.0,0.0,40,100,90,40,1,90,0,16,40,91,1,0,Normal,0
0.021156,tcp,http,SH,13,0,1392.0,0.0,614.4828890149366,0,0,526375.4963131027,0.0,0,0,0.0,0.0,0.0,0.0,0,0,0,0,0.0,0.0,0.0,107,0,4.0,0.0,41,100,90,41,1,90,0,16,41,91,1,0,Normal,0
3.074966,udp,,S0,4,0,680.0,0.0,1.3008273912622124,0,0,1769.1252521166089,0.0,0,0,0.0,0.0,0.0,0.0,0,0,0,0,0.0,0.0,0.0,170,0,,,5,100,8,5,1,7,0,16,41,8,1,0,Normal,0
0.039788,tcp,ftp,SH,13,1,99.0,0.0,351.8648838845883,0,0,19905.499145471,0.0,0,0,0.0,0.0,0.0,0.0,0,0,0,0,0.0,0.0,0.0,7,0,,,17,100,89,17,1,89,1,17,40,90,1,0,Normal,0
0.012032,tcp,,SH,77,0,98543.0,0.0,6399.601063829788,0,0,65520611.70212767,0.0,0,0,0.0,0.0,0.0,0.0,0,0,0,0,0.0,0.0,0.0,1279,0,,,1,100,90,1,1,90,0,17,40,91,1,0,Normal,0
0.008088,tcp,,SF,37,6,0.0,78103.0,5316.518298714144,0,0,0.0,77253214.63897131,0,0,0.0,0.0,0.0,0.0,0,0,0,0,0.0,0.0,0.0,0,13017,,,1,23,90,1,1,90,0,16,40,91,1,0,Normal,0
0.02425,tcp,http,SH,13,0,1627.0,0.0,536.0824742268042,0,0,536742.2680412371,0.0,0,0,0.0,0.0,0.0,0.0,0,0,0,0,0.0,0.0,0.0,125,0,4.0,0.0,41,100,90,41,1,90,0,16,41,91,1,0,Normal,0
0.023973,tcp,http,SH,13,0,1597.0,0.0,542.2767279856505,0,0,532932.8828265131,0.0,0,0,0.0,0.0,0.0,0.0,0,0,0,0,0.0,0.0,0.0,122,0,4.0,0.0,42,100,90,42,1,90,0,16,42,91,1,0,Normal,0
0.019024,tcp,http,SH,13,0,1627.0,0.0,683.3473507148865,0,0,684188.393608074,0.0,0,0,0.0,0.0,0.0,0.0,0,0,0,0,0.0,0.0,0.0,125,0,4.0,0.0,42,100,90,42,1,90,0,16,42,91,1,0,Normal,0
0.032992,tcp,ftp,SH,13,1,99.0,0.0,424.345295829292,0,0,24005.819592628515,0.0,0,0,0.0,0.0,0.0,0.0,0,0,0,0,0.0,0.0,0.0,7,0,,,17,100,90,17,1,90,1,17,41,91,1,0,Normal,0
0.009275,tcp,,SH,54,0,67424.0,0.0,5822.102425876011,0,0,58155471.6981132,0.0,0,0,0.0,0.0,0.0,0.0,0,0,0,0,0.0,0.0,0.0,1248,0,,,1,100,90,1,1,90,0,17,40,91,1,0,Normal,0
0.00557,tcp,,SH,27,4,0.0,52825.0,5565.529622980251,0,0,0.0,75870736.08617593,0,0,0.0,0.0,0.0,0.0,0,0,0,0,0.0,0.0,0.0,0,13206,,,1,100,90,1,1,90,0,17,39,91,1,0,Normal,0
0.018753,tcp,http,SH,13,0,1597.0,0.0,693.222417746494,0,0,681277.6622407082,0.0,0,0,0.0,0.0,0.0,0.0,0,0,0,0,0.0,0.0,0.0,122,0,4.0,0.0,40,100,90,40,1,90,0,16,40,91,1,0,Normal,0
0.020771,tcp,http,SH,13,0,1627.0,0.0,625.8726108516681,0,0,626642.9156034855,0.0,0,0,0.0,0.0,0.0,0.0,0,0,0,0,0.0,0.0,0.0,125,0,4.0,0.0,41,100,90,41,1,90,0,16,41,91,1,0,Normal,0
0.033309,tcp,http,SH,13,0,1392.0,0.0,390.28490798282746,0,0,334324.05656128976,0.0,0,0,0.0,0.0,0.0,0.0,0,0,0,0,0.0,0.0,0.0,107,0,4.0,0.0,42,100,90,42,1,90,0,16,42,91,1,0,Normal,0
0.031214,tcp,ftp,SH,13,0,99.0,0.0,416.4797847119882,0,0,25373.22996091497,0.0,0,0,0.0,0.0,0.0,0.0,0,0,0,0,0.0,0.0,0.0,7,0,,,17,100,91,17,1,91,1,17,42,92,1,0,Normal,0
0.004497,tcp,,SH,9,0,6223.0,0.0,2001.33422281521,0,0,11070491.438736936,0.0,0,0,0.0,0.0,0.0,0.0,0,0,0,0,0.0,0.0,0.0,691,0,,,1,100,91,1,1,91,0,17,41,92,1,0,Normal,0
0.003415,tcp,,SH,6,1,0.0,0.0,2049.780380673499,0,0,0.0,0.0,0,0,0.0,0.0,0.0,0.0,0,0,0,0,0.0,0.0,0.0,0,0,,,1,100,91,1,1,91,0,17,40,92,1,0,Normal,0
0.04309,tcp,http,SH,13,0,1597.0,0.0,301.69412856811323,0,0,296495.706660478,0.0,0,0,0.0,0.0,0.0,0.0,0,0,0,0,0.0,0.0,0.0,122,0,4.0,0.0,40,100,91,40,1,91,0,17,40,92,1,0,Normal,0
0.022134,tcp,http,SH,13,0,1392.0,0.0,587.3317068762989,0,0,503117.3759826511,0.0,0,0,0.0,0.0,0.0,0.0,0,0,0,0,0.0,0.0,0.0,107,0,4.0,0.0,41,100,91,41,1,91,0,16,41,92,1,0,Normal,0
0.034144,tcp,http,SH,13,0,1627.0,0.0,380.74039362699153,0,0,381208.99718837865,0.0,0,0,0.0,0.0,0.0,0.0,0,0,0,0,0.0,0.0,0.0,125,0,4.0,0.0,42,100,91,42,1,91,0,16,42,92,1,0,Normal,0
0.031276,tcp,ftp,SH,13,1,99.0,0.0,447.62757385854974,0,0,25322.93132114081,0.0,0,0,0.0,0.0,0.0,0.0,0,0,0,0,0.0,0.0,0.0,7,0,,,17,100,91,17,1,91,1,17,42,92,1,0,Normal,0
0.006146,tcp,,SH,14,0,13484.0,0.0,2277.904328018223,0,0,17551578.262284413,0.0,0,0,0.0,0.0,0.0,0.0,0,0,0,0,0.0,0.0,0.0,963,0,,,1,100,92,1,1,92,0,17,42,93,1,0,Normal,0
0.003469,tcp,,SH,9,1,0.0,0.0,2882.6751225136927,0,0,0.0,0.0,0,0,0.0,0.0,0.0,0.0,0,0,0,0,0.0,0.0,0.0,0,0,,,1,100,92,1,1,92,0,17,41,93,1,0,Normal,0
0.017101,tcp,http,SH,13,0,1597.0,0.0,760.1894626045259,0,0,747090.8134027249,0.0,0,0,0.0,0.0,0.0,0.0,0,0,0,0,0.0,0.0,0.0,122,0,4.0,0.0,41,100,92,41,1,92,0,17,41,93,1,0,Normal,0
0.021639,tcp,http,SH,13,0,1597.0,0.0,600.7671334165166,0,0,590415.4535791858,0.0,0,0,0.0,0.0,0.0,0.0,0,0,0,0,0.0,0.0,0.0,122,0,4.0,0.0,42,100,93,42,1,93,0,17,42,94,1,0,Normal,0
17.612935,udp,dns,S0,11,0,1753.0,0.0,0.6245409978518628,0,0,796.232995806775,0.0,0,0,0.0,0.0,0.0,0.0,0,0,0,0,0.0,0.0,0.0,159,0,,,1,100,1,1,1,1,0,17,41,1,1,0,Normal,0
3.072038,udp,,S0,4,0,680.0,0.0,1.302067227032999,0,0,1770.8114287648784,0.0,0,0,0.0,0.0,0.0,0.0,0,0,0,0,0.0,0.0,0.0,170,0,,,5,100,7,5,1,6,0,16,41,6,1,0,Normal,0
0.028339,tcp,http,SH,13,0,1392.0,0.0,458.7317830551537,0,0,392956.7027770917,0.0,0,0,0.0,0.0,0.0,0.0,0,0,0,0,0.0,0.0,0.0,107,0,4.0,0.0,42,100,91,42,1,91,0,16,42,92,1,0,Normal,0
0.033113,tcp,ftp,SH,13,1,99.0,0.0,422.7946727871229,0,0,23918.09863195724,0.0,0,0,0.0,0.0,0.0,0.0,0,0,0,0,0.0,0.0,0.0,7,0,,,17,100,91,17,1,91,1,17,42,92,1,0,Normal,0
0.008815,tcp,,SH,43,0,52902.0,0.0,4878.048780487805,0,0,48010890.52750993,0.0,0,0,0.0,0.0,0.0,0.0,0,0,0,0,0.0,0.0,0.0,1230,0,,,1,100,92,1,1,92,0,17,42,93,1,0,Normal,0
0.005132,tcp,,SH,22,3,0.0,38303.0,4871.395167575994,0,0,0.0,59708495.71317225,0,0,0.0,0.0,0.0,0.0,0,0,0,0,0.0,0.0,0.0,0,12767,,,1,100,92,1,1,92,0,17,41,93,1,0,Normal,0
0.031846,tcp,http,SH,13,0,1597.0,0.0,408.2145324373548,0,0,401180.6820322804,0.0,0,0,0.0,0.0,0.0,0.0,0,0,0,0,0.0,0.0,0.0,122,0,4.0,0.0,41,100,92,41,1,92,0,17,41,93,1,0,Normal,0
0.0,udp,dns,S0,1,0,0.0,0.0,0.0,0,0,0.0,0.0,0,0,0.0,0.0,0.0,0.0,0,0,0,0,0.0,0.0,0.0,0,0,,,2,100,2,2,2,2,0,16,41,2,2,0,Normal,0
0.041694,tcp,ftp,SH,13,0,99.0,0.0,311.795462176812,0,0,18995.53892646424,0.0,0,0,0.0,0.0,0.0,0.0,0,0,0,0,0.0,0.0,0.0,7,0,,,17,100,91,17,1,91,1,17,41,92,1,0,Normal,0
0.007807,tcp,,SH,20,0,21783.0,0.0,2561.803509670808,0,0,22321506.340463687,0.0,0,0,0.0,0.0,0.0,0.0,0,0,0,0,0.0,0.0,0.0,1089,0,,,1,100,91,1,1,91,0,17,41,92,1,0,Normal,0
0.006493,tcp,,SH,11,1,0.0,0.0,1848.1441552441088,0,0,0.0,0.0,0,0,0.0,0.0,0.0,0.0,0,0,0,0,0.0,0.0,0.0,0,0,,,2,100,91,2,1,91,0,17,40,92,1,0,Normal,0
0.029214,tcp,http,SH,13,0,1627.0,0.0,444.9921270623673,0,0,445539.8096802903,0.0,0,0,0.0,0.0,0.0,0.0,0,0,0,0,0.0,0.0,0.0,125,0,4.0,0.0,40,100,91,40,1,91,0,17,40,92,1,0,Normal,0
0.034485,tcp,ftp,SH,13,0,99.0,0.0,376.9754965927215,0,0,22966.50717703349,0.0,0,0,0.0,0.0,0.0,0.0,0,0,0,0,0.0,0.0,0.0,7,0,,,18,100,92,18,1,92,1,18,40,92,1,0,Normal,0
0.007682,tcp,,SH,44,0,53939.0,0.0,5727.675084613382,0,0,56171830.252538405,0.0,0,0,0.0,0.0,0.0,0.0,0,0,0,0,0.0,0.0,0.0,1225,0,,,1,100,92,1,1,92,0,18,39,92,1,0,Normal,0
0.007135,tcp,,SH,22,1,0.0,0.0,3223.54590049054,0,0,0.0,0.0,0,0,0.0,0.0,0.0,0.0,0,0,0,0,0.0,0.0,0.0,0,0,,,1,100,92,1,1,92,0,17,39,92,1,0,Normal,0
0.018587,tcp,http,SH,13,0,1627.0,0.0,699.4135686232313,0,0,700274.3853230753,0.0,0,0,0.0,0.0,0.0,0.0,0,0,0,0,0.0,0.0,0.0,125,0,4.0,0.0,40,100,92,40,1,92,0,17,40,92,1,0,Normal,0
0.022813,tcp,http,SH,13,0,1597.0,0.0,569.8505238241354,0,0,560031.5609520887,0.0,0,0,0.0,0.0,0.0,0.0,0,0,0,0,0.0,0.0,0.0,122,0,4.0,0.0,41,100,92,41,1,92,0,17,41,92,1,0,Normal,0
0.041429,tcp,ftp,SH,13,0,99.0,0.0,313.78985734630334,0,0,19117.04361679017,0.0,0,0,0.0,0.0,0.0,0.0,0,0,0,0,0.0,0.0,0.0,7,0,,,18,100,92,18,1,92,1,18,40,92,1,0,Normal,0
0.007995,tcp,,SH,32,0,37342.0,0.0,4002.501563477173,0,0,37365353.34584115,0.0,0,0,0.0,0.0,0.0,0.0,0,0,0,0,0.0,0.0,0.0,1166,0,,,1,100,92,1,1,92,0,17,40,92,1,0,Normal,0
0.010407,tcp,,SH,17,2,0.0,22743.0,1825.694244258672,0,0,0.0,17482848.083021045,0,0,0.0,0.0,0.0,0.0,0,0,0,0,0.0,0.0,0.0,0,11371,,,1,100,92,1,1,92,0,17,40,92,1,0,Normal,0
0.0,udp,dns,S0,1,0,0.0,0.0,0.0,0,0,0.0,0.0,0,0,0.0,0.0,0.0,0.0,0,0,0,0,0.0,0.0,0.0,0,0,,,3,100,3,3,3,3,0,17,40,3,3,0,Normal,0
0.033524,tcp,http,SH,13,0,1392.0,0.0,387.78188760291135,0,0,332179.9307958478,0.0,0,0,0.0,0.0,0.0,0.0,0,0,0,0,0.0,0.0,0.0,107,0,4.0,0.0,40,100,91,40,1,91,0,17,40,91,1,0,Normal,0
0.02182,tcp,http,SH,13,0,1597.0,0.0,595.7836846929423,0,0,585517.8735105408,0.0,0,0,0.0,0.0,0.0,0.0,0,0,0,0,0.0,0.0,0.0,122,0,4.0,0.0,40,100,91,40,1,91,0,17,40,91,1,0,Normal,0
0.041099,tcp,ftp,SH,13,0,99.0,0.0,316.3093992554564,0,0,19270.54186233242,0.0,0,0,0.0,0.0,0.0,0.0,0,0,0,0,0.0,0.0,0.0,7,0,,,17,100,91,17,1,91,1,17,40,91,1,0,Normal,0
0.005966,tcp,,SH,20,0,20745.0,0.0,3352.329869259135,0,0,27817633.2551123,0.0,0,0,0.0,0.0,0.0,0.0,0,0,0,0,0.0,0.0,0.0,1037,0,,,1,100,91,1,1,91,0,17,40,91,1,0,Normal,0
0.006525,tcp,,SH,11,1,0.0,0.0,1839.0804597701149,0,0,0.0,0.0,0,0,0.0,0.0,0.0,0.0,0,0,0,0,0.0,0.0,0.0,0,0,,,1,100,91,1,1,91,0,17,40,91,1,0,Normal,0
0.024104,tcp,http,SH,13,0,1627.0,0.0,539.3295718552937,0,0,539993.3620975772,0.0,0,0,0.0,0.0,0.0,0.0,0,0,0,0,0.0,0.0,0.0,125,0,4.0,0.0,40,100,91,40,1,91,0,17,40,91,1,0,Normal,0
6.754897,udp,,S0,7,0,4592.0,0.0,1.0362852312922015,0,0,5438.424893821475,0.0,0,0,0.0,0.0,0.0,0.0,0,0,0,0,0.0,0.0,0.0,656,0,,,2,100,6,2,1,6,0,17,39,6,1,0,Normal,0
0.032022,tcp,http,SH,13,0,1597.0,0.0,405.9708950096808,0,0,398975.7042033602,0.0,0,0,0.0,0.0,0.0,0.0,0,0,0,0,0.0,0.0,0.0,122,0,4.0,0.0,40,100,90,40,1,90,0,16,40,90,1,0,Normal,0
0.028956,tcp,http,SH,13,0,1627.0,0.0,448.9570382649537,0,0,449509.60077358753,0.0,0,0,0.0,0.0,0.0,0.0,0,0,0,0,0.0,0.0,0.0,125,0,4.0,0.0,41,100,90,41,1,90,0,16,41,90,1,0,Normal,0
0.05004,tcp,ftp,SH,13,0,99.0,0.0,259.7921662669864,0,0,15827.338129496402,0.0,0,0,0.0,0.0,0.0,0.0,0,0,0,0,0.0,0.0,0.0,7,0,,,17,100,90,17,1,90,1,17,41,90,1,0,Normal,0
0.011546,tcp,,SH,30,0,35268.0,0.0,2598.302442404296,0,0,24436514.81032392,0.0,0,0,0.0,0.0,0.0,0.0,0,0,0,0,0.0,0.0,0.0,1175,0,,,1,100,90,1,1,90,0,17,40,90,1,0,Normal,0
0.007616,tcp,,SH,16,2,0.0,20669.0,2363.44537815126,0,0,0.0,21711134.45378151,0,0,0.0,0.0,0.0,0.0,0,0,0,0,0.0,0.0,0.0,0,10334,,,1,100,90,1,1,90,0,17,39,90,1,0,Normal,0
0.031046,tcp,http,SH,13,0,1627.0,0.0,418.73349223732527,0,0,419248.8565354635,0.0,0,0,0.0,0.0,0.0,0.0,0,0,0,0,0.0,0.0,0.0,125,0,4.0,0.0,40,100,91,40,1,91,0,17,40,91,1,0,Normal,0
2.047287,udp,,S0,3,0,510.0,0.0,1.4653539049483535,0,0,1992.881310729761,0.0,0,0,0.0,0.0,0.0,0.0,0,0,0,0,0.0,0.0,0.0,170,0,,,4,100,6,4,1,6,0,17,39,6,1,0,Normal,0
0.0,udp,dns,S0,1,0,0.0,0.0,0.0,0,0,0.0,0.0,0,0,0.0,0.0,0.0,0.0,0,0,0,0,0.0,0.0,0.0,0,0,,,4,100,4,4,4,4,0,16,39,4,4,0,Normal,0
0.025349,tcp,http,SH,13,0,1392.0,0.0,512.8407432245848,0,0,439307.2705037674,0.0,0,0,0.0,0.0,0.0,0.0,0,0,0,0,0.0,0.0,0.0,107,0,4.0,0.0,40,100,89,40,1,89,0,16,40,89,1,0,Normal,0
0.038259,tcp,ftp,SH,13,1,99.0,0.0,365.92697143155857,0,0,20701.0115266996,0.0,0,0,0.0,0.0,0.0,0.0,0,0,0,0,0.0,0.0,0.0,7,0,,,17,100,89,17,1,89,1,17,40,89,1,0,Normal,0
0.014416,tcp,,SH,52,0,65349.0,0.0,3607.103218645949,0,0,36264705.88235294,0.0,0,0,0.0,0.0,0.0,0.0,0,0,0,0,0.0,0.0,0.0,1256,0,,,1,100,89,1,1,89,0,17,39,89,1,0,Normal,0
0.005107,tcp,,SH,26,3,0.0,33230.0,5678.480516937536,0,0,0.0,52054043.4697474,0,0,0.0,0.0,0.0,0.0,0,0,0,0,0.0,0.0,0.0,0,11076,,,1,100,89,1,1,89,0,17,38,89,1,0,Normal,0
0.044399,tcp,http,SH,13,0,1627.0,0.0,292.79938737358947,0,0,293159.755850357,0.0,0,0,0.0,0.0,0.0,0.0,0,0,0,0,0.0,0.0,0.0,125,0,4.0,0.0,38,100,89,38,1,89,0,17,38,89,1,0,Normal,0
6.058834,udp,,S0,7,0,4592.0,0.0,1.1553378092220383,0,0,6063.212822797258,0.0,0,0,0.0,0.0,0.0,0.0,0,0,0,0,0.0,0.0,0.0,656,0,,,1,100,7,1,1,1,0,17,38,90,1,0,Normal,0
0.027756,tcp,http,SH,13,0,1597.0,0.0,468.3671998847096,0,0,460296.8727482346,0.0,0,0,0.0,0.0,0.0,0.0,0,0,0,0,0.0,0.0,0.0,122,0,4.0,0.0,39,100,89,39,1,89,0,16,39,90,1,0,Normal,0
0.030762,tcp,ftp,SH,13,1,99.0,0.0,455.1069501332813,0,0,25746.050321825627,0.0,0,0,0.0,0.0,0.0,0.0,0,0,0,0,0.0,0.0,0.0,7,0,,,17,100,89,17,1,89,1,17,39,90,1,0,Normal,0
0.005631,tcp,,SH,12,0,10372.0,0.0,2131.0602024507198,0,0,14735570.946545908,0.0,0,0,0.0,0.0,0.0,0.0,0,0,0,0,0.0,0.0,0.0,864,0,,,1,100,89,1,2,89,0,17,39,90,2,0,Normal,0
0.003566,tcp,,SH,8,1,0.0,0.0,2523.836231071228,0,0,0.0,0.0,0,0,0.0,0.0,0.0,0.0,0,0,0,0,0.0,0.0,0.0,0,0,,,1,100,90,1,1,90,0,17,39,91,1,0,Normal,0
0.016884,tcp,http,SH,13,0,1392.0,0.0,769.9597251836058,0,0,659559.3461265103,0.0,0,0,0.0,0.0,0.0,0.0,0,0,0,0,0.0,0.0,0.0,107,0,4.0,0.0,39,100,90,39,1,90,0,17,39,91,1,0,Normal,0
0.024976,tcp,http,SH,13,0,1597.0,0.0,520.4996796925047,0,0,511531.0698270339,0.0,0,0,0.0,0.0,0.0,0.0,0,0,0,0,0.0,0.0,0.0,122,0,4.0,0.0,39,100,90,39,1,90,0,17,39,91,1,0,Normal,0
0.021581,tcp,http,SH,13,0,1392.0,0.0,602.3817246652147,0,0,516009.45275937166,0.0,0,0,0.0,0.0,0.0,0.0,0,0,0,0,0.0,0.0,0.0,107,0,4.0,0.0,40,100,90,40,1,90,0,16,40,91,1,0,Normal,0
0.024108,tcp,http,SH,13,0,1597.0,0.0,539.2400862784137,0,0,529948.5647917703,0.0,0,0,0.0,0.0,0.0,0.0,0,0,0,0,0.0,0.0,0.0,122,0,4.0,0.0,41,100,90,41,1,90,0,16,41,91,1,0,Normal,0
0.028061,tcp,http,SH,13,0,1392.0,0.0,463.2764334841952,0,0,396849.7202523075,0.0,0,0,0.0,0.0,0.0,0.0,0,0,0,0,0.0,0.0,0.0,107,0,4.0,0.0,42,100,90,42,1,90,0,16,42,91,1,0,Normal,0
0.035576,tcp,ftp,SH,13,1,99.0,0.0,393.5237238587812,0,0,22262.19923543962,0.0,0,0,0.0,0.0,0.0,0.0,0,0,0,0,0.0,0.0,0.0,7,0,,,17,100,90,17,1,90,1,17,41,91,1,0,Normal,0
0.007311,tcp,,SH,14,0,12447.0,0.0,1914.9227191902608,0,0,13620024.620434962,0.0,0,0,0.0,0.0,0.0,0.0,0,0,0,0,0.0,0.0,0.0,889,0,,,1,100,90,1,1,90,0,17,40,91,1,0,Normal,0
0.005427,tcp,,SH,8,1,0.0,0.0,1658.374792703151,0,0,0.0,0.0,0,0,0.0,0.0,0.0,0.0,0,0,0,0,0.0,0.0,0.0,0,0,,,1,100,91,1,1,91,0,17,40,92,1,0,Normal,0
0.027873,tcp,http,SH,13,0,1627.0,0.0,466.4011767660461,0,0,466975.2089836042,0.0,0,0,0.0,0.0,0.0,0.0,0,0,0,0,0.0,0.0,0.0,125,0,4.0,0.0,41,100,91,41,1,91,0,16,41,92,1,0,Normal,0
0.411027,udp,dns,S0,2,0,56.0,0.0,4.865860393599448,0,0,1089.9527281662763,0.0,0,0,0.0,0.0,0.0,0.0,0,0,0,0,0.0,0.0,0.0,28,0,,,1,100,1,1,1,1,0,16,41,92,1,0,Normal,0
0.036342,tcp,ftp,SH,13,1,99.0,0.0,385.2292113807716,0,0,21792.96681525508,0.0,0,0,0.0,0.0,0.0,0.0,0,0,0,0,0.0,0.0,0.0,7,0,,,17,100,90,17,1,90,1,17,41,92,1,0,Normal,0
0.01285,tcp,,SH,61,0,76760.0,0.0,4747.081712062257,0,0,47788326.84824903,0.0,0,0,0.0,0.0,0.0,0.0,0,0,0,0,0.0,0.0,0.0,1258,0,,,1,100,90,1,1,90,0,17,40,92,1,0,Normal,0
0.00528,tcp,,SF,30,5,0.0,62160.0,6628.787878787879,0,0,0.0,94181818.1818182,0,0,0.0,0.0,0.0,0.0,0,0,0,0,0.0,0.0,0.0,0,12432,,,1,24,90,1,1,90,0,17,39,92,1,0,Normal,0
0.044955,tcp,http,SH,13,0,1627.0,0.0,289.1780669558447,0,0,289533.9784228673,0.0,0,0,0.0,0.0,0.0,0.0,0,0,0,0,0.0,0.0,0.0,125,0,4.0,0.0,40,100,90,40,1,90,0,16,40,92,1,0,Normal,0
3.080732,udp,,S0,4,0,680.0,0.0,1.2983927196523424,0,0,1765.8140987271856,0.0,0,0,0.0,0.0,0.0,0.0,0,0,0,0,0.0,0.0,0.0,170,0,,,4,100,6,4,1,5,0,16,40,5,1,0,Normal,0
0.047245,tcp,ftp,SH,13,1,99.0,0.0,296.3276537199704,0,0,16763.678696158324,0.0,0,0,0.0,0.0,0.0,0.0,0,0,0,0,0.0,0.0,0.0,7,0,,,17,100,89,17,1,89,1,17,40,91,1,0,Normal,0
0.014541,tcp,,SH,75,0,96468.0,0.0,5157.829585310501,0,0,53073653.80647823,0.0,0,0,0.0,0.0,0.0,0.0,0,0,0,0,0.0,0.0,0.0,1286,0,,,1,100,89,1,1,89,0,17,39,91,1,0,Normal,0
0.00666,tcp,,SH,37,2,0.0,76029.0,5855.855855855856,0,0,0.0,91326126.12612613,0,0,0.0,0.0,0.0,0.0,0,0,0,0,0.0,0.0,0.0,0,38014,,,1,100,89,1,1,89,0,17,38,91,1,0,Normal,0
0.02463,tcp,http,SH,13,0,1392.0,0.0,527.8116118554608,0,0,452131.5468940317,0.0,0,0,0.0,0.0,0.0,0.0,0,0,0,0,0.0,0.0,0.0,107,0,4.0,0.0,38,100,89,38,1,89,0,17,38,91,1,0,Normal,0
0.021303,tcp,http,SH,13,0,1597.0,0.0,610.2426888231705,0,0,599727.7378772943,0.0,0,0,0.0,0.0,0.0,0.0,0,0,0,0,0.0,0.0,0.0,122,0,4.0,0.0,39,100,89,39,1,89,0,16,39,91,1,0,Normal,0
0.03136,tcp,ftp,SH,13,0,99.0,0.0,414.5408163265306,0,0,25255.102040816328,0.0,0,0,0.0,0.0,0.0,0.0,0,0,0,0,0.0,0.0,0.0,7,0,,,17,100,89,17,1,89,1,17,39,91,1,0,Normal,0
0.008338,tcp,,SH,18,0,18671.0,0.0,2158.7910769968817,0,0,17914128.088270567,0.0,0,0,0.0,0.0,0.0,0.0,0,0,0,0,0.0,0.0,0.0,1037,0,,,1,100,89,1,1,89,0,17,39,91,1,0,Normal,0
0.003231,tcp,,SH,10,1,0.0,0.0,3404.518724852987,0,0,0.0,0.0,0,0,0.0,0.0,0.0,0.0,0,0,0,0,0.0,0.0,0.0,0,0,,,1,100,89,1,1,89,0,17,38,91,1,0,Normal,0
0.02972,tcp,http,SH,13,0,1392.0,0.0,437.4158815612382,0,0,374697.1736204576,0.0,0,0,0.0,0.0,0.0,0.0,0,0,0,0,0.0,0.0,0.0,107,0,4.0,0.0,38,100,89,38,1,89,0,17,38,91,1,0,Normal,0
0.02644,tcp,http,SH,13,0,1392.0,0.0,491.679273827534,0,0,421180.0302571861,0.0,0,0,0.0,0.0,0.0,0.0,0,0,0,0,0.0,0.0,0.0,107,0,4.0,0.0,38,100,89,38,1,89,0,17,38,91,1,0,Normal,0
0.017779,tcp,http,SH,13,0,1627.0,0.0,731.1997300185612,0,0,732099.6681478148,0.0,0,0,0.0,0.0,0.0,0.0,0,0,0,0,0.0,0.0,0.0,125,0,4.0,0.0,39,100,89,39,1,89,0,16,39,91,1,0,Normal,0
0.046273,tcp,ftp,SH,13,1,99.0,0.0,302.5522442893264,0,0,17115.812676939036,0.0,0,0,0.0,0.0,0.0,0.0,0,0,0,0,0.0,0.0,0.0,7,0,,,17,100,89,17,1,89,1,17,39,91,1,0,Normal,0
0.012928,tcp,,SH,46,0,57051.0,0.0,3558.168316831683,0,0,35303836.633663364,0.0,0,0,0.0,0.0,0.0,0.0,0,0,0,0,0.0,0.0,0.0,1240,0,,,1,100,89,1,1,89,0,17,39,91,1,0,Normal,0
0.00901,tcp,,SH,24,4,0.0,42452.0,3107.658157602664,0,0,0.0,37693229.74472808,0,0,0.0,0.0,0.0,0.0,0,0,0,0,0.0,0.0,0.0,0,10613,,,1,100,89,1,1,89,0,17,38,91,1,0,Normal,0
0.03741,udp,ntp,SHR,0,1,0.0,48.0,26.73082063619353,0,0,0.0,10264.635124298316,0,0,0.0,0.0,0.0,0.0,0,0,0,0,0.0,0.0,0.0,0,48,,,1,4,1,1,1,1,0,17,37,1,1,0,Normal,0
0.017234,tcp,http,SH,13,0,1392.0,0.0,754.322850179877,0,0,646164.5584310085,0.0,0,0,0.0,0.0,0.0,0.0,0,0,0,0,0.0,0.0,0.0,107,0,4.0,0.0,38,100,89,38,1,89,0,17,38,91,1,0,Normal,0
6.243887,udp,,S0,7,0,4592.0,0.0,1.1210965220863225,0,0,5883.514547909019,0.0,0,0,0.0,0.0,0.0,0.0,0,0,0,0,0.0,0.0,0.0,656,0,,,2,100,6,2,2,5,0,16,38,5,2,0,Normal,0
0.049606,tcp,ftp,SH,13,0,99.0,0.0,262.06507277345486,0,0,15965.81058742894,0.0,0,0,0.0,0.0,0.0,0.0,0,0,0,0,0.0,0.0,0.0,7,0,,,17,100,88,17,1,88,1,17,38,90,1,0,Normal,0
0.015628,tcp,,SH,79,0,101655.0,0.0,5055.029434348605,0,0,52037368.82518557,0.0,0,0,0.0,0.0,0.0,0.0,0,0,0,0,0.0,0.0,0.0,1286,0,,,1,100,88,1,1,88,0,17,38,90,1,0,Normal,0
0.010894,tcp,,SH,38,6,0.0,87056.0,4038.9205067009366,0,0,0.0,63929502.4784285,0,0,0.0,0.0,0.0,0.0,0,0,0,0,0.0,0.0,0.0,0,14509,,,1,100,88,1,1,88,0,17,37,90,1,0,Normal,0
0.035055,tcp,http,SH,13,0,1392.0,0.0,370.8458137212951,0,0,317672.2293538725,0.0,0,0,0.0,0.0,0.0,0.0,0,0,0,0,0.0,0.0,0.0,107,0,4.0,0.0,37,100,88,37,1,88,0,17,37,90,1,0,Normal,0
0.028589,tcp,http,SH,13,0,1627.0,0.0,454.72034698660326,0,0,455280.0027982791,0.0,0,0,0.0,0.0,0.0,0.0,0,0,0,0,0.0,0.0,0.0,125,0,4.0,0.0,37,100,88,37,1,88,0,17,37,90,1,0,Normal,0
0.025576,tcp,http,SH,13,0,1627.0,0.0,508.2890209571473,0,0,508914.6074444792,0.0,0,0,0.0,0.0,0.0,0.0,0,0,0,0,0.0,0.0,0.0,125,0,4.0,0.0,38,100,88,38,1,88,0,16,38,90,1,0,Normal,0
0.064219,tcp,ftp,SH,13,1,99.0,0.0,218.00401750260824,0,0,12332.798704433268,0.0,0,0,0.0,0.0,0.0,0.0,0,0,0,0,0.0,0.0,0.0,7,0,,,17,100,88,17,1,88,1,17,38,90,1,0,Normal,0
0.0109,tcp,,SH,42,0,51864.0,0.0,3853.211009174312,0,0,38065321.10091743,0.0,0,0,0.0,0.0,0.0,0.0,0,0,0,0,0.0,0.0,0.0,1234,0,,,1,100,88,1,1,88,0,17,38,90,1,0,Normal,0
0.009952,tcp,,SH,22,3,0.0,37265.0,2512.0578778135045,0,0,0.0,29955787.78135048,0,0,0.0,0.0,0.0,0.0,0,0,0,0,0.0,0.0,0.0,0,12421,,,1,100,88,1,1,88,0,17,37,90,1,0,Normal,0
0.025356,tcp,http,SH,13,0,1597.0,0.0,512.6991639059788,0,0,503864.9629279066,0.0,0,0,0.0,0.0,0.0,0.0,0,0,0,0,0.0,0.0,0.0,122,0,4.0,0.0,37,100,88,37,1,88,0,17,37,90,1,0,Normal,0
2.965368,udp,,S0,4,0,680.0,0.0,1.348905093735415,0,0,1834.5109274801648,0.0,0,0,0.0,0.0,0.0,0.0,0,0,0,0,0.0,0.0,0.0,170,0,,,4,100,7,4,1,6,0,17,36,6,1,0,Normal,0
0.0,icmp,,OTH,1,0,0.0,0.0,0.0,0,0,0.0,0.0,0,0,0.0,0.0,0.0,0.0,0,0,0,0,0.0,0.0,0.0,0,0,,,1,5,1,1,1,1,0,16,36,1,1,0,Normal,0
6.045122,udp,dns,S0,7,0,1002.0,0.0,1.1579584332623891,0,0,1326.0278287187589,0.0,0,0,0.0,0.0,0.0,0.0,0,0,0,0,0.0,0.0,0.0,143,0,,,1,100,5,1,5,1,0,16,36,1,1,0,Normal,0
0.027958,tcp,http,SH,13,0,1392.0,0.0,464.9831890693183,0,0,398311.7533443022,0.0,0,0,0.0,0.0,0.0,0.0,0,0,0,0,0.0,0.0,0.0,107,0,4.0,0.0,37,100,85,37,1,85,0,16,37,87,1,0,Normal,0
0.033853,tcp,ftp,SH,13,0,99.0,0.0,384.0132336868225,0,0,23395.267775381795,0.0,0,0,0.0,0.0,0.0,0.0,0,0,0,0,0.0,0.0,0.0,7,0,,,17,100,85,17,1,85,1,17,36,87,1,0,Normal,0
0.006344,tcp,,SH,12,0,10372.0,0.0,1891.5510718789408,0,0,13079445.145018917,0.0,0,0,0.0,0.0,0.0,0.0,0,0,0,0,0.0,0.0,0.0,864,0,,,1,100,85,1,1,85,0,17,35,87,1,0,Normal,0
0.005238,tcp,,SH,8,1,0.0,0.0,1718.213058419244,0,0,0.0,0.0,0,0,0.0,0.0,0.0,0.0,0,0,0,0,0.0,0.0,0.0,0,0,,,1,100,85,1,1,85,0,17,34,87,1,0,Normal,0
0.018627,tcp,http,SH,13,0,1392.0,0.0,697.9116336500778,0,0,597841.8424867128,0.0,0,0,0.0,0.0,0.0,0.0,0,0,0,0,0.0,0.0,0.0,107,0,4.0,0.0,35,100,85,35,1,85,0,16,35,87,1,0,Normal,0
0.028296,tcp,http,SH,13,0,1627.0,0.0,459.4288945433983,0,0,459994.3454905287,0.0,0,0,0.0,0.0,0.0,0.0,0,0,0,0,0.0,0.0,0.0,125,0,4.0,0.0,36,100,85,36,1,85,0,16,36,87,1,0,Normal,0
0.035885,tcp,ftp,SH,13,0,99.0,0.0,362.2683572523338,0,0,22070.502995680647,0.0,0,0,0.0,0.0,0.0,0.0,0,0,0,0,0.0,0.0,0.0,7,0,,,17,100,85,17,1,85,1,17,36,87,1,0,Normal,0
0.007015,tcp,,SH,20,0,21783.0,0.0,2851.033499643621,0,0,24841625.089094795,0.0,0,0,0.0,0.0,0.0,0.0,0,0,0,0,0.0,0.0,0.0,1089,0,,,1,100,85,1,1,85,0,17,35,87,1,0,Normal,0
0.00455,tcp,,SH,11,1,0.0,0.0,2637.362637362637,0,0,0.0,0.0,0,0,0.0,0.0,0.0,0.0,0,0,0,0,0.0,0.0,0.0,0,0,,,1,100,85,1,1,85,0,17,34,87,1,0,Normal,0
0.030158,tcp,http,SH,13,0,1392.0,0.0,431.0630678426952,0,0,369255.2556535579,0.0,0,0,0.0,0.0,0.0,0.0,0,0,0,0,0.0,0.0,0.0,107,0,4.0,0.0,35,100,86,35,1,86,0,17,35,88,1,0,Normal,0
0.04418,tcp,ftp,SH,13,0,99.0,0.0,294.2507922136714,0,0,17926.663648709826,0.0,0,0,0.0,0.0,0.0,0.0,0,0,0,0,0.0,0.0,0.0,7,0,,,18,100,87,18,1,87,1,18,35,89,1,0,Normal,0
0.012748,tcp,,SH,69,0,88170.0,0.0,5412.613743332287,0,0,55331032.3187951,0.0,0,0,0.0,0.0,0.0,0.0,0,0,0,0,0.0,0.0,0.0,1277,0,,,1,100,87,1,1,87,0,18,34,89,1,0,Normal,0
0.007074,tcp,,SH,34,4,0.0,67731.0,5371.783997738196,0,0,0.0,76597116.20016964,0,0,0.0,0.0,0.0,0.0,0,0,0,0,0.0,0.0,0.0,0,16932,,,1,100,87,1,1,87,0,17,34,89,1,0,Normal,0
0.035031,tcp,http,SH,13,0,1392.0,0.0,371.09988296080616,0,0,317889.86897319515,0.0,0,0,0.0,0.0,0.0,0.0,0,0,0,0,0.0,0.0,0.0,107,0,4.0,0.0,35,100,87,35,1,87,0,17,35,89,1,0,Normal,0
0.021043,tcp,http,SH,13,0,1392.0,0.0,617.7826355557668,0,0,529202.1099653092,0.0,0,0,0.0,0.0,0.0,0.0,0,0,0,0,0.0,0.0,0.0,107,0,4.0,0.0,36,100,87,36,1,87,0,17,36,89,1,0,Normal,0
0.017889,tcp,http,SH,13,0,1392.0,0.0,726.7035608474482,0,0,622505.4502767064,0.0,0,0,0.0,0.0,0.0,0.0,0,0,0,0,0.0,0.0,0.0,107,0,4.0,0.0,36,100,87,36,1,87,0,17,36,89,1,0,Normal,0
0.039042,tcp,ftp,SH,13,0,99.0,0.0,332.9747451462528,0,0,20285.84601198709,0.0,0,0,0.0,0.0,0.0,0.0,0,0,0,0,0.0,0.0,0.0,7,0,,,18,100,88,18,1,88,1,18,36,90,1,0,Normal,0
0.01199,tcp,,SH,61,0,76760.0,0.0,5087.572977481234,0,0,51216013.34445371,0.0,0,0,0.0,0.0,0.0,0.0,0,0,0,0,0.0,0.0,0.0,1258,0,,,1,100,88,1,1,88,0,17,36,90,1,0,Normal,0
0.005574,tcp,,SH,30,5,0.0,62161.0,6279.153211338356,0,0,0.0,89215644.06171511,0,0,0.0,0.0,0.0,0.0,0,0,0,0,0.0,0.0,0.0,0,12432,,,1,100,88,1,1,88,0,17,36,90,1,0,Normal,0
0.035892,tcp,http,SH,13,0,1597.0,0.0,362.19770422378247,0,0,355956.7591663881,0.0,0,0,0.0,0.0,0.0,0.0,0,0,0,0,0.0,0.0,0.0,122,0,4.0,0.0,37,100,88,37,1,88,0,17,37,90,1,0,Normal,0
0.037107,tcp,ftp,SH,13,0,99.0,0.0,350.3382111191958,0,0,21343.68178510793,0.0,0,0,0.0,0.0,0.0,0.0,0,0,0,0,0.0,0.0,0.0,7,0,,,18,100,88,18,1,88,1,18,36,90,1,0,Normal,0
0.009495,tcp,,SH,46,0,57051.0,0.0,4844.655081621906,0,0,48068246.44549763,0.0,0,0,0.0,0.0,0.0,0.0,0,0,0,0,0.0,0.0,0.0,1240,0,,,1,100,88,1,1,88,0,17,36,90,1,0,Normal,0
0.005334,tcp,,SF,23,4,0.0,36611.0,5061.867266591676,0,0,0.0,54909636.29546306,0,0,0.0,0.0,0.0,0.0,0,0,0,0,0.0,0.0,0.0,0,9152,,,1,25,88,1,1,88,0,17,36,90,1,0,Normal,0
0.033675,tcp,http,SH,13,0,1392.0,0.0,386.04305864884935,0,0,330690.42316258355,0.0,0,0,0.0,0.0,0.0,0.0,0,0,0,0,0.0,0.0,0.0,107,0,4.0,0.0,37,100,88,37,1,88,0,17,37,90,1,0,Normal,0
0.023716,tcp,http,SH,13,0,1627.0,0.0,548.153145555743,0,0,548827.7955810423,0.0,0,0,0.0,0.0,0.0,0.0,0,0,0,0,0.0,0.0,0.0,125,0,4.0,0.0,37,100,88,37,1,88,0,17,37,90,1,0,Normal,0
0.041139,tcp,ftp,SH,13,0,99.0,0.0,316.00184739541555,0,0,19251.80485670532,0.0,0,0,0.0,0.0,0.0,0.0,0,0,0,0,0.0,0.0,0.0,7,0,,,18,100,88,18,1,88,1,18,36,90,1,0,Normal,0
0.011699,tcp,,SH,74,0,94394.0,0.0,6325.326951021455,0,0,64548422.94213181,0.0,0,0,0.0,0.0,0.0,0.0,0,0,0,0,0.0,0.0,0.0,1275,0,,,1,100,88,1,1,88,0,17,36,90,1,0,Normal,0
0.006565,tcp,,SH,36,5,0.0,79795.0,6245.239908606246,0,0,0.0,97236862.14775324,0,0,0.0,0.0,0.0,0.0,0,0,0,0,0.0,0.0,0.0,0,15959,,,1,100,88,1,1,88,0,17,36,90,1,0,Normal,0
2.969303,udp,,S0,4,0,680.0,0.0,1.3471174885149817,0,0,1832.0797843803748,0.0,0,0,0.0,0.0,0.0,0.0,0,0,0,0,0.0,0.0,0.0,170,0,,,4,100,7,4,1,6,0,17,36,6,1,0,Normal,0
0.031417,tcp,http,SH,13,0,1392.0,0.0,413.7887131171022,0,0,354457.77763631154,0.0,0,0,0.0,0.0,0.0,0.0,0,0,0,0,0.0,0.0,0.0,107,0,4.0,0.0,37,100,88,37,1,88,0,17,37,90,1,0,Normal,0
0.028918,tcp,http,SH,13,0,1392.0,0.0,449.5469949512415,0,0,385088.871982848,0.0,0,0,0.0,0.0,0.0,0.0,0,0,0,0,0.0,0.0,0.0,107,0,4.0,0.0,37,100,88,37,1,88,0,17,37,90,1,0,Normal,0
0.022576,tcp,http,SH,13,0,1392.0,0.0,575.8327427356485,0,0,493267.1863926293,0.0,0,0,0.0,0.0,0.0,0.0,0,0,0,0,0.0,0.0,0.0,107,0,4.0,0.0,37,100,88,37,1,88,0,17,37,90,1,0,Normal,0
0.039735,tcp,ftp,SH,13,1,99.0,0.0,352.33421416886875,0,0,19932.04983012457,0.0,0,0,0.0,0.0,0.0,0.0,0,0,0,0,0.0,0.0,0.0,7,0,,,17,100,88,17,1,88,1,17,37,90,1,0,Normal,0
0.01205,tcp,,SH,74,0,94394.0,0.0,6141.078838174274,0,0,62668215.76763485,0.0,0,0,0.0,0.0,0.0,0.0,0,0,0,0,0.0,0.0,0.0,1275,0,,,1,100,88,1,1,88,0,17,37,90,1,0,Normal,0
0.008169,tcp,,SF,36,6,0.0,73954.0,5141.388174807198,0,0,0.0,72424042.11041744,0,0,0.0,0.0,0.0,0.0,0,0,0,0,0.0,0.0,0.0,0,12325,,,1,26,88,1,1,88,0,17,37,90,1,0,Normal,0
0.026697,tcp,http,SH,13,0,1392.0,0.0,486.9460988126007,0,0,417125.51972131705,0.0,0,0,0.0,0.0,0.0,0.0,0,0,0,0,0.0,0.0,0.0,107,0,4.0,0.0,37,100,88,37,1,88,0,17,37,90,1,0,Normal,0
0.022742,tcp,http,SH,13,0,1627.0,0.0,571.6295840295489,0,0,572333.1281329698,0.0,0,0,0.0,0.0,0.0,0.0,0,0,0,0,0.0,0.0,0.0,125,0,4.0,0.0,38,100,89,38,1,89,0,17,38,91,1,0,Normal,0
0.026618,tcp,http,SH,13,0,1392.0,0.0,488.3913141483207,0,0,418363.51341197686,0.0,0,0,0.0,0.0,0.0,0.0,0,0,0,0,0.0,0.0,0.0,107,0,4.0,0.0,38,100,89,38,1,89,0,17,38,91,1,0,Normal,0
0.022716,tcp,http,SH,13,0,1597.0,0.0,572.2838527909843,0,0,562422.9617890473,0.0,0,0,0.0,0.0,0.0,0.0,0,0,0,0,0.0,0.0,0.0,122,0,4.0,0.0,38,100,89,38,1,89,0,17,38,91,1,0,Normal,0
0.032833,tcp,ftp,SH,13,0,99.0,0.0,395.9431060213809,0,0,24122.07230530259,0.0,0,0,0.0,0.0,0.0,0.0,0,0,0,0,0.0,0.0,0.0,7,0,,,17,100,89,17,1,89,1,17,38,91,1,0,Normal,0
0.007084,tcp,,SH,19,0,19708.0,0.0,2682.1005081874646,0,0,22256352.343308862,0.0,0,0,0.0,0.0,0.0,0.0,0,0,0,0,0.0,0.0,0.0,1037,0,,,1,100,89,1,1,89,0,17,38,91,1,0,Normal,0
0.005499,tcp,,SH,11,1,0.0,0.0,2182.214948172395,0,0,0.0,0.0,0,0,0.0,0.0,0.0,0.0,0,0,0,0,0.0,0.0,0.0,0,0,,,1,100,89,1,1,89,0,17,38,91,1,0,Normal,0
0.020086,tcp,http,SH,13,0,1392.0,0.0,647.2169670417206,0,0,554416.0111520463,0.0,0,0,0.0,0.0,0.0,0.0,0,0,0,0,0.0,0.0,0.0,107,0,4.0,0.0,38,100,89,38,1,89,0,17,38,91,1,0,Normal,0
0.026906,tcp,ftp,SH,13,0,99.0,0.0,483.16360663049136,0,0,29435.813573180705,0.0,0,0,0.0,0.0,0.0,0.0,0,0,0,0,0.0,0.0,0.0,7,0,,,18,100,90,18,1,90,1,18,38,92,1,0,Normal,0
0.004052,tcp,,SH,10,0,7261.0,0.0,2467.91707798618,0,0,14335636.72260612,0.0,0,0,0.0,0.0,0.0,0.0,0,0,0,0,0.0,0.0,0.0,726,0,,,1,100,91,1,1,91,0,18,38,93,1,0,Normal,0
0.003028,tcp,,SH,6,1,0.0,0.0,2311.756935270806,0,0,0.0,0.0,0,0,0.0,0.0,0.0,0.0,0,0,0,0,0.0,0.0,0.0,0,0,,,1,100,91,1,1,91,0,18,37,93,1,0,Normal,0
0.030526,tcp,http,SH,13,0,1597.0,0.0,425.8664744807705,0,0,418528.467535871,0.0,0,0,0.0,0.0,0.0,0.0,0,0,0,0,0.0,0.0,0.0,122,0,4.0,0.0,38,100,91,38,1,91,0,17,38,93,1,0,Normal,0
0.040746,tcp,ftp,SH,13,0,99.0,0.0,319.04972267216414,0,0,19437.490796642614,0.0,0,0,0.0,0.0,0.0,0.0,0,0,0,0,0.0,0.0,0.0,7,0,,,18,100,91,18,1,91,1,18,38,93,1,0,Normal,0
0.01319,tcp,,SH,68,0,87133.0,0.0,5155.420773313116,0,0,52847915.08718726,0.0,0,0,0.0,0.0,0.0,0.0,0,0,0,0,0.0,0.0,0.0,1281,0,,,1,100,91,1,1,91,0,18,38,93,1,0,Normal,0
0.006618,tcp,,SH,33,5,0.0,66694.0,5741.915986702932,0,0,0.0,80621335.75098218,0,0,0.0,0.0,0.0,0.0,0,0,0,0,0.0,0.0,0.0,0,13338,,,1,100,91,1,1,91,0,18,37,93,1,0,Normal,0
0.027554,tcp,http,SH,13,0,1597.0,0.0,471.80082746606666,0,0,463671.3362851129,0.0,0,0,0.0,0.0,0.0,0.0,0,0,0,0,0.0,0.0,0.0,122,0,4.0,0.0,38,100,92,38,1,92,0,18,38,93,1,0,Normal,0
2.977696,udp,,S0,3,0,510.0,0.0,1.007490354959002,0,0,1370.186882744243,0.0,0,0,0.0,0.0,0.0,0.0,0,0,0,0,0.0,0.0,0.0,170,0,,,4,100,5,4,1,5,0,18,37,5,1,0,Normal,0
0.41778,udp,dns,S0,2,0,56.0,0.0,4.787208578677773,0,0,1072.3347216238212,0.0,0,0,0.0,0.0,0.0,0.0,0,0,0,0,0.0,0.0,0.0,28,0,,,1,100,2,1,1,1,0,17,37,2,1,0,Normal,0
0.022696,tcp,http,SH,13,0,1597.0,0.0,572.7881565033485,0,0,562918.5759605217,0.0,0,0,0.0,0.0,0.0,0.0,0,0,0,0,0.0,0.0,0.0,122,0,4.0,0.0,38,100,90,38,1,90,0,17,38,91,1,0,Normal,0
0.044745,tcp,ftp,SH,13,1,99.0,0.0,312.88412113085263,0,0,17700.301709688232,0.0,0,0,0.0,0.0,0.0,0.0,0,0,0,0,0.0,0.0,0.0,7,0,,,18,100,90,18,1,90,1,18,38,91,1,0,Normal,0
0.018528,tcp,,SH,68,0,86095.0,0.0,3670.120898100173,0,0,37174006.90846287,0.0,0,0,0.0,0.0,0.0,0.0,0,0,0,0,0.0,0.0,0.0,1266,0,,,1,100,90,1,1,90,0,18,37,91,1,0,Normal,0
0.005041,tcp,,SH,34,5,0.0,71496.0,7736.560206308271,0,0,0.0,113463201.74568535,0,0,0.0,0.0,0.0,0.0,0,0,0,0,0.0,0.0,0.0,0,14299,,,1,100,90,1,1,90,0,18,36,91,1,0,Normal,0
0.022812,tcp,http,SH,13,0,1597.0,0.0,569.8755041206383,0,0,560056.1108188673,0.0,0,0,0.0,0.0,0.0,0.0,0,0,0,0,0.0,0.0,0.0,122,0,4.0,0.0,36,100,90,36,1,90,0,18,36,91,1,0,Normal,0
0.035933,tcp,http,SH,13,0,1597.0,0.0,361.7844321375894,0,0,355550.60807614174,0.0,0,0,0.0,0.0,0.0,0.0,0,0,0,0,0.0,0.0,0.0,122,0,4.0,0.0,36,100,90,36,1,90,0,18,36,91,1,0,Normal,0
0.039675,tcp,http,SH,13,0,1627.0,0.0,327.66225582860744,0,0,328065.5324511657,0.0,0,0,0.0,0.0,0.0,0.0,0,0,0,0,0.0,0.0,0.0,125,0,,,36,100,90,36,1,90,0,18,35,91,1,0,Normal,0
0.042889,tcp,ftp,SH,13,0,99.0,0.0,303.1080230362098,0,0,18466.27340343678,0.0,0,0,0.0,0.0,0.0,0.0,0,0,0,0,0.0,0.0,0.0,7,0,,,18,100,90,18,1,90,1,18,35,91,1,0,Normal,0
0.007223,tcp,,SH,20,0,20745.0,0.0,2768.932576491762,0,0,22976602.51972864,0.0,0,0,0.0,0.0,0.0,0.0,0,0,0,0,0.0,0.0,0.0,1037,0,,,1,100,90,1,1,90,0,18,35,91,1,0,Normal,0
0.006241,tcp,,SH,11,1,0.0,0.0,1922.7687870533568,0,0,0.0,0.0,0,0,0.0,0.0,0.0,0.0,0,0,0,0,0.0,0.0,0.0,0,0,,,1,100,90,1,1,90,0,18,35,91,1,0,Normal,0
0.0,icmp,,OTH,1,0,0.0,0.0,0.0,0,0,0.0,0.0,0,0,0.0,0.0,0.0,0.0,0,0,0,0,0.0,0.0,0.0,0,0,,,2,6,2,2,2,2,0,18,34,2,2,0,Normal,0
0.020352,tcp,http,SH,13,0,1392.0,0.0,638.7578616352201,0,0,547169.8113207547,0.0,0,0,0.0,0.0,0.0,0.0,0,0,0,0,0.0,0.0,0.0,107,0,,,36,100,90,36,1,90,0,18,34,90,1,0,Normal,0
0.013835,tcp,http,SH,13,0,1627.0,0.0,939.64582580412,0,0,940802.3129743404,0.0,0,0,0.0,0.0,0.0,0.0,0,0,0,0,0.0,0.0,0.0,125,0,,,37,100,90,37,1,90,0,17,34,90,1,0,Normal,0
0.033351,tcp,http,SH,13,0,1392.0,0.0,389.7934094929688,0,0,333903.0313933615,0.0,0,0,0.0,0.0,0.0,0.0,0,0,0,0,0.0,0.0,0.0,107,0,,,38,100,90,38,1,90,0,17,34,90,1,0,Normal,0
0.044179,tcp,ftp,SH,13,0,99.0,0.0,294.2574526358677,0,0,17927.069422123634,0.0,0,0,0.0,0.0,0.0,0.0,0,0,0,0,0.0,0.0,0.0,7,0,,,18,100,90,18,1,90,1,18,34,90,1,0,Normal,0
0.010318,tcp,,SH,60,0,75722.0,0.0,5815.080441946113,0,0,58710602.83000581,0.0,0,0,0.0,0.0,0.0,0.0,0,0,0,0,0.0,0.0,0.0,1262,0,,,1,100,90,1,1,90,0,18,33,90,1,0,Normal,0
0.005556,tcp,,SH,30,4,0.0,61123.0,6119.5104391648665,0,0,0.0,88010079.1936645,0,0,0.0,0.0,0.0,0.0,0,0,0,0,0.0,0.0,0.0,0,15280,,,1,100,91,1,1,91,0,18,33,91,1,0,Normal,0
6.007803,udp,,S0,3,0,408.0,0.0,0.4993505945517854,0,0,543.2934468723425,0.0,0,0,0.0,0.0,0.0,0.0,0,0,0,0,0.0,0.0,0.0,136,0,,,1,100,1,1,1,1,0,17,33,1,1,0,Normal,0
0.016078,udp,ntp,SHR,0,1,0.0,48.0,62.19679064560269,0,0,0.0,23883.567607911435,0,0,0.0,0.0,0.0,0.0,0,0,0,0,0.0,0.0,0.0,0,48,,,1,5,1,2,1,1,0,17,33,2,1,0,Normal,0
0.020684,tcp,http,SH,13,0,1597.0,0.0,628.505124734094,0,0,617675.497969445,0.0,0,0,0.0,0.0,0.0,0.0,0,0,0,0,0.0,0.0,0.0,122,0,,,38,100,89,38,1,89,0,17,33,89,1,0,Normal,0
0.036172,tcp,ftp,SH,13,0,99.0,0.0,359.3940064138007,0,0,21895.38869844078,0.0,0,0,0.0,0.0,0.0,0.0,0,0,0,0,0.0,0.0,0.0,7,0,,,18,100,89,18,1,89,1,18,32,89,1,0,Normal,0
0.01199,tcp,,SH,78,0,100617.0,0.0,6505.421184320267,0,0,67133944.95412843,0.0,0,0,0.0,0.0,0.0,0.0,0,0,0,0,0.0,0.0,0.0,1289,0,,,1,100,89,1,1,89,0,18,31,89,1,0,Normal,0
0.005195,tcp,,SH,39,5,0.0,86018.0,8469.68238691049,0,0,0.0,132462752.64677577,0,0,0.0,0.0,0.0,0.0,0,0,0,0,0.0,0.0,0.0,0,17203,,,1,100,89,1,1,89,0,17,31,89,1,0,Normal,0
3.071963,udp,,S0,4,0,680.0,0.0,1.3020990161665358,0,0,1770.8546619864887,0.0,0,0,0.0,0.0,0.0,0.0,0,0,0,0,0.0,0.0,0.0,170,0,,,1,100,5,1,1,1,0,17,31,1,1,0,Normal,0
0.014241,tcp,http,SH,13,0,1392.0,0.0,912.8572431711256,0,0,781967.5584579734,0.0,0,0,0.0,0.0,0.0,0.0,0,0,0,0,0.0,0.0,0.0,107,0,,,37,100,88,37,1,88,0,17,31,88,1,0,Normal,0
0.02882,tcp,http,SH,13,0,1392.0,0.0,451.0756419153366,0,0,386398.3344899376,0.0,0,0,0.0,0.0,0.0,0.0,0,0,0,0,0.0,0.0,0.0,107,0,,,37,100,88,37,1,88,0,17,30,88,1,0,Normal,0
0.032363,tcp,ftp,SH,13,0,99.0,0.0,401.6932917220282,0,0,24472.391311065105,0.0,0,0,0.0,0.0,0.0,0.0,0,0,0,0,0.0,0.0,0.0,7,0,,,18,100,88,18,1,88,1,18,29,88,1,0,Normal,0
0.009002,tcp,,SH,47,0,58088.0,0.0,5221.061986225283,0,0,51622306.15418796,0.0,0,0,0.0,0.0,0.0,0.0,0,0,0,0,0.0,0.0,0.0,1235,0,,,1,100,88,1,1,88,0,18,28,88,1,0,Normal,0
0.00464,tcp,,SH,24,4,0.0,43489.0,6034.482758620689,0,0,0.0,74981034.48275863,0,0,0.0,0.0,0.0,0.0,0,0,0,0,0.0,0.0,0.0,0,10872,,,1,100,88,1,1,88,0,17,28,88,1,0,Normal,0
6.141821,udp,,S0,7,0,4592.0,0.0,1.1397271265313658,0,0,5981.287960036608,0.0,0,0,0.0,0.0,0.0,0.0,0,0,0,0,0.0,0.0,0.0,656,0,,,1,100,6,1,1,2,0,17,28,2,1,0,Normal,0
0.023212,tcp,http,SH,13,0,1627.0,0.0,560.0551438910908,0,0,560744.442529726,0.0,0,0,0.0,0.0,0.0,0.0,0,0,0,0,0.0,0.0,0.0,125,0,,,36,100,87,36,1,87,0,17,28,87,1,0,Normal,0
0.021175,tcp,http,SH,13,0,1627.0,0.0,613.9315230224321,0,0,614687.1310507674,0.0,0,0,0.0,0.0,0.0,0.0,0,0,0,0,0.0,0.0,0.0,125,0,,,37,100,88,37,1,88,0,17,28,88,1,0,Normal,0
0.06105,tcp,ftp,SH,13,1,99.0,0.0,229.3202293202293,0,0,12972.972972972972,0.0,0,0,0.0,0.0,0.0,0.0,0,0,0,0,0.0,0.0,0.0,7,0,,,18,100,88,18,1,88,1,18,27,88,1,0,Normal,0
0.013022,tcp,,SH,14,0,12447.0,0.0,1075.1036707111043,0,0,7646751.651052065,0.0,0,0,0.0,0.0,0.0,0.0,0,0,0,0,0.0,0.0,0.0,889,0,,,1,100,89,1,1,89,0,18,27,89,1,0,Normal,0
0.006369,tcp,,SH,8,1,0.0,0.0,1413.094677343382,0,0,0.0,0.0,0,0,0.0,0.0,0.0,0.0,0,0,0,0,0.0,0.0,0.0,0,0,,,1,100,89,1,1,89,0,17,27,89,1,0,Normal,0
0.021232,tcp,http,SH,13,0,1597.0,0.0,612.2833458929916,0,0,601733.2328560663,0.0,0,0,0.0,0.0,0.0,0.0,0,0,0,0,0.0,0.0,0.0,122,0,,,37,100,89,37,1,89,0,17,27,89,1,0,Normal,0
0.064874,tcp,ftp,SH,13,0,99.0,0.0,200.3884452939544,0,0,12208.280667139376,0.0,0,0,0.0,0.0,0.0,0.0,0,0,0,0,0.0,0.0,0.0,7,0,,,18,100,89,18,1,89,1,18,27,89,1,0,Normal,0
0.026742,tcp,,SH,72,0,92319.0,0.0,2692.3939869867627,0,0,27617680.053847883,0.0,0,0,0.0,0.0,0.0,0.0,0,0,0,0,0.0,0.0,0.0,1282,0,,,1,100,89,1,1,89,0,18,26,89,1,0,Normal,0
0.010327,tcp,,SH,36,5,0.0,77720.0,3970.1752687130825,0,0,0.0,60207223.7823182,0,0,0.0,0.0,0.0,0.0,0,0,0,0,0.0,0.0,0.0,0,15544,,,1,100,89,1,1,89,0,18,25,89,1,0,Normal,0
0.012876,tcp,http,SH,13,0,1627.0,0.0,1009.6303199751476,0,0,1010872.9419074246,0.0,0,0,0.0,0.0,0.0,0.0,0,0,0,0,0.0,0.0,0.0,125,0,,,35,100,89,35,1,89,0,18,24,89,1,0,Normal,0
0.050716,tcp,ftp,SH,13,1,99.0,0.0,276.0470068617399,0,0,15616.373531035571,0.0,0,0,0.0,0.0,0.0,0.0,0,0,0,0,0.0,0.0,0.0,7,0,,,18,100,89,18,1,89,1,18,24,89,1,0,Normal,0
0.013838,tcp,,SH,30,0,34230.0,0.0,2167.9433444139327,0,0,19788986.847810376,0.0,0,0,0.0,0.0,0.0,0.0,0,0,0,0,0.0,0.0,0.0,1141,0,,,1,100,89,1,1,89,0,18,24,89,1,0,Normal,0
0.006282,tcp,,SH,15,2,0.0,13791.0,2706.144539955428,0,0,0.0,17562559.69436485,0,0,0.0,0.0,0.0,0.0,0,0,0,0,0.0,0.0,0.0,0,6895,,,1,100,89,1,1,89,0,18,24,89,1,0,Normal,0
0.028926,tcp,http,SH,13,0,1392.0,0.0,449.4226647306921,0,0,384982.3688031529,0.0,0,0,0.0,0.0,0.0,0.0,0,0,0,0,0.0,0.0,0.0,107,0,,,35,100,89,35,1,89,0,18,23,89,1,0,Normal,0
0.018343,tcp,http,SH,13,0,1597.0,0.0,708.7172218284903,0,0,696505.4789292917,0.0,0,0,0.0,0.0,0.0,0.0,0,0,0,0,0.0,0.0,0.0,122,0,,,36,100,90,36,1,90,0,18,23,90,1,0,Normal,0
0.036526,tcp,http,SH,13,0,1627.0,0.0,355.91085801894536,0,0,356348.9021518918,0.0,0,0,0.0,0.0,0.0,0.0,0,0,0,0,0.0,0.0,0.0,125,0,,,37,100,91,37,1,91,0,18,23,91,1,0,Normal,0
3.071851,udp,,S0,4,0,680.0,0.0,1.302146490829145,0,0,1770.919227527637,0.0,0,0,0.0,0.0,0.0,0.0,0,0,0,0,0.0,0.0,0.0,170,0,,,2,100,5,2,1,3,0,18,23,3,1,0,Normal,0
0.045293,tcp,ftp,SH,13,0,99.0,0.0,287.020069326386,0,0,17486.145762038283,0.0,0,0,0.0,0.0,0.0,0.0,0,0,0,0,0.0,0.0,0.0,7,0,,,19,100,91,19,1,91,1,19,22,91,1,0,Normal,0
0.017311,tcp,,SH,83,0,107879.0,0.0,4794.639246721737,0,0,49854543.35393681,0.0,0,0,0.0,0.0,0.0,0.0,0,0,0,0,0.0,0.0,0.0,1299,0,,,1,100,91,1,1,91,0,18,22,91,1,0,Normal,0
0.006789,tcp,,SH,40,6,0.0,87440.0,6775.666519369569,0,0,0.0,103037266.16585654,0,0,0.0,0.0,0.0,0.0,0,0,0,0,0.0,0.0,0.0,0,14573,,,1,100,91,1,1,91,0,18,22,91,1,0,Normal,0
0.030183,tcp,http,SH,13,0,1597.0,0.0,430.7060265712487,0,0,423284.630421098,0.0,0,0,0.0,0.0,0.0,0.0,0,0,0,0,0.0,0.0,0.0,122,0,,,37,100,91,37,1,91,0,18,22,91,1,0,Normal,0
0.035581,tcp,http,SH,13,0,1392.0,0.0,365.3635367190354,0,0,312976.0265310137,0.0,0,0,0.0,0.0,0.0,0.0,0,0,0,0,0.0,0.0,0.0,107,0,,,37,100,91,37,1,91,0,18,21,91,1,0,Normal,0
5.997919,udp,,S0,3,0,408.0,0.0,0.5001734768342154,0,0,544.1887427956264,0.0,0,0,0.0,0.0,0.0,0.0,0,0,0,0,0.0,0.0,0.0,136,0,,,2,100,2,2,2,2,0,18,20,2,2,0,Normal,0
0.030786,tcp,http,SH,13,0,1627.0,0.0,422.2698629247061,0,0,422789.5796790749,0.0,0,0,0.0,0.0,0.0,0.0,0,0,0,0,0.0,0.0,0.0,125,0,,,37,100,90,37,1,90,0,17,20,90,1,0,Normal,0
0.029863,tcp,ftp,SH,13,1,99.0,0.0,468.8075544988782,0,0,26521.113083079395,0.0,0,0,0.0,0.0,0.0,0.0,0,0,0,0,0.0,0.0,0.0,7,0,,,18,100,90,18,1,90,1,18,20,90,1,0,Normal,0
0.006132,tcp,,SH,15,0,14522.0,0.0,2446.183953033268,0,0,18945857.795172863,0.0,0,0,0.0,0.0,0.0,0.0,0,0,0,0,0.0,0.0,0.0,968,0,,,1,100,90,1,1,90,0,18,20,90,1,0,Normal,0
0.003695,tcp,,SH,9,1,0.0,0.0,2706.3599458728013,0,0,0.0,0.0,0,0,0.0,0.0,0.0,0.0,0,0,0,0,0.0,0.0,0.0,0,0,,,1,100,90,1,1,90,0,18,19,90,1,0,Normal,0
0.024788,tcp,http,SH,13,0,1392.0,0.0,524.4473132160723,0,0,449249.6369210908,0.0,0,0,0.0,0.0,0.0,0.0,0,0,0,0,0.0,0.0,0.0,107,0,,,37,100,90,37,1,90,0,17,19,90,1,0,Normal,0
0.021473,tcp,http,SH,13,0,1627.0,0.0,605.4114469333582,0,0,606156.5687141992,0.0,0,0,0.0,0.0,0.0,0.0,0,0,0,0,0.0,0.0,0.0,125,0,,,38,100,90,38,1,90,0,17,19,90,1,0,Normal,0
0.0,icmp,,OTH,1,0,0.0,0.0,0.0,0,0,0.0,0.0,0,0,0.0,0.0,0.0,0.0,0,0,0,0,0.0,0.0,0.0,0,0,,,2,7,2,2,2,2,0,17,19,2,2,0,Normal,0
0.039948,tcp,ftp,SH,13,1,99.0,0.0,350.45559226995096,0,0,19825.773505557227,0.0,0,0,0.0,0.0,0.0,0.0,0,0,0,0,0.0,0.0,0.0,7,0,,,18,100,89,18,1,89,1,18,18,89,1,0,Normal,0
0.007527,tcp,,SH,29,0,33193.0,0.0,3852.7965989105887,0,0,35278862.76072805,0.0,0,0,0.0,0.0,0.0,0.0,0,0,0,0,0.0,0.0,0.0,1144,0,,,1,100,89,1,1,89,0,18,17,89,1,0,Normal,0
0.005368,tcp,,SH,15,2,0.0,12754.0,3166.9150521609536,0,0,0.0,19007451.56482861,0,0,0.0,0.0,0.0,0.0,0,0,0,0,0.0,0.0,0.0,0,6377,,,1,100,89,1,1,89,0,18,16,89,1,0,Normal,0
0.030482,tcp,http,SH,13,0,1627.0,0.0,426.4812020208648,0,0,427006.1019618136,0.0,0,0,0.0,0.0,0.0,0.0,0,0,0,0,0.0,0.0,0.0,125,0,,,36,100,89,36,1,89,0,17,16,89,1,0,Normal,0
0.050096,tcp,ftp,SH,13,1,99.0,0.0,279.4634302139891,0,0,15809.6454806771,0.0,0,0,0.0,0.0,0.0,0.0,0,0,0,0,0.0,0.0,0.0,7,0,,,18,100,89,18,1,89,1,18,16,89,1,0,Normal,0
0.017975,tcp,,SH,60,0,75722.0,0.0,3337.9694019471485,0,0,33701029.20723227,0.0,0,0,0.0,0.0,0.0,0.0,0,0,0,0,0.0,0.0,0.0,1262,0,,,1,100,89,1,1,89,0,18,16,89,1,0,Normal,0
0.00502,tcp,,SF,29,5,0.0,55282.0,6772.908366533864,0,0,0.0,88098804.78087649,0,0,0.0,0.0,0.0,0.0,0,0,0,0,0.0,0.0,0.0,0,11056,,,1,27,89,1,1,89,0,18,15,89,1,0,Normal,0
0.031319,tcp,http,SH,13,0,1392.0,0.0,415.0834956416233,0,0,355566.9082665475,0.0,0,0,0.0,0.0,0.0,0.0,0,0,0,0,0.0,0.0,0.0,107,0,,,36,100,89,36,1,89,0,17,15,89,1,0,Normal,0
0.024731,tcp,http,SH,13,0,1627.0,0.0,525.6560591969593,0,0,526303.0205005864,0.0,0,0,0.0,0.0,0.0,0.0,0,0,0,0,0.0,0.0,0.0,125,0,,,37,100,89,37,1,89,0,17,15,89,1,0,Normal,0
0.016949,tcp,http,SH,13,0,1392.0,0.0,767.0069030621277,0,0,657029.9132692195,0.0,0,0,0.0,0.0,0.0,0.0,0,0,0,0,0.0,0.0,0.0,107,0,,,38,100,89,38,2,89,0,17,15,89,2,0,Normal,0
0.020904,tcp,http,SH,13,0,1627.0,0.0,621.8905472636816,0,0,622655.95101416,0.0,0,0,0.0,0.0,0.0,0.0,0,0,0,0,0.0,0.0,0.0,125,0,,,38,100,89,38,1,89,0,17,14,89,1,0,Normal,0
0.028029,tcp,http,SH,13,0,1392.0,0.0,463.8053444646616,0,0,397302.7935352671,0.0,0,0,0.0,0.0,0.0,0.0,0,0,0,0,0.0,0.0,0.0,107,0,,,38,100,89,38,1,89,0,17,13,89,1,0,Normal,0
0.043015,tcp,ftp,SH,13,1,99.0,0.0,325.46786004882017,0,0,18412.181797047542,0.0,0,0,0.0,0.0,0.0,0.0,0,0,0,0,0.0,0.0,0.0,7,0,,,17,100,89,17,1,89,1,17,13,89,1,0,Normal,0
0.013737,tcp,,SH,32,0,37342.0,0.0,2329.475140132489,0,0,21746815.17070685,0.0,0,0,0.0,0.0,0.0,0.0,0,0,0,0,0.0,0.0,0.0,1166,0,,,1,100,89,1,1,89,0,17,13,89,1,0,Normal,0
0.004255,tcp,,SH,16,2,0.0,16903.0,4230.317273795535,0,0,0.0,31780023.501762632,0,0,0.0,0.0,0.0,0.0,0,0,0,0,0.0,0.0,0.0,0,8451,,,1,100,89,1,1,89,0,17,13,89,1,0,Normal,0
0.028904,tcp,http,SH,13,0,1597.0,0.0,449.764738444506,0,0,442014.9460282314,0.0,0,0,0.0,0.0,0.0,0.0,0,0,0,0,0.0,0.0,0.0,122,0,,,39,100,90,39,1,90,0,17,13,90,1,0,Normal,0
3.070024,udp,,S0,4,0,680.0,0.0,1.3029214103863682,0,0,1771.9731181254608,0.0,0,0,0.0,0.0,0.0,0.0,0,0,0,0,0.0,0.0,0.0,170,0,,,3,100,5,3,1,4,0,17,12,4,1,0,Normal,0
0.02534,tcp,http,SH,13,0,1597.0,0.0,513.0228887134964,0,0,504183.1097079716,0.0,0,0,0.0,0.0,0.0,0.0,0,0,0,0,0.0,0.0,0.0,122,0,,,38,100,89,38,1,89,0,17,11,89,1,0,Normal,0
0.016037,udp,ntp,SHR,0,1,0.0,48.0,62.3558022073954,0,0,0.0,23944.628047639835,0,0,0.0,0.0,0.0,0.0,0,0,0,0,0.0,0.0,0.0,0,48,,,2,6,2,2,1,2,0,17,10,2,1,0,Normal,0
0.020967,tcp,http,SH,13,0,1627.0,0.0,620.02193923785,0,0,620785.0431630658,0.0,0,0,0.0,0.0,0.0,0.0,0,0,0,0,0.0,0.0,0.0,125,0,,,38,100,88,38,1,88,0,16,10,88,1,0,Normal,0
0.041366,tcp,ftp,SH,13,1,99.0,0.0,338.4421989073152,0,0,19146.1586810424,0.0,0,0,0.0,0.0,0.0,0.0,0,0,0,0,0.0,0.0,0.0,7,0,,,17,100,88,17,1,88,1,17,10,88,1,0,Normal,0
0.006331,tcp,,SH,23,0,24895.0,0.0,3632.917390617596,0,0,31457905.544147845,0.0,0,0,0.0,0.0,0.0,0.0,0,0,0,0,0.0,0.0,0.0,1082,0,,,1,100,88,1,1,88,0,17,10,88,1,0,Normal,0
0.006748,tcp,,SH,13,2,0.0,10296.0,2222.880853586248,0,0,0.0,12206283.343212804,0,0,0.0,0.0,0.0,0.0,0,0,0,0,0.0,0.0,0.0,0,5148,,,1,100,88,1,1,88,0,17,9,88,1,0,Normal,0
0.031473,tcp,http,SH,13,0,1597.0,0.0,413.0524576621231,0,0,405935.246083945,0.0,0,0,0.0,0.0,0.0,0.0,0,0,0,0,0.0,0.0,0.0,122,0,,,37,100,88,37,1,88,0,17,8,88,1,0,Normal,0
0.046504,tcp,ftp,SH,13,0,99.0,0.0,279.5458455186651,0,0,17030.793050060212,0.0,0,0,0.0,0.0,0.0,0.0,0,0,0,0,0.0,0.0,0.0,7,0,,,18,100,88,18,1,88,1,18,7,88,1,0,Normal,0
0.014014,tcp,,SH,68,0,86095.0,0.0,4852.290566576281,0,0,49147994.86228058,0.0,0,0,0.0,0.0,0.0,0.0,0,0,0,0,0.0,0.0,0.0,1266,0,,,1,100,88,1,1,88,0,18,6,88,1,0,Normal,0
0.009428,tcp,,SH,33,5,0.0,65656.0,4030.547305897327,0,0,0.0,55711497.66652524,0,0,0.0,0.0,0.0,0.0,0,0,0,0,0.0,0.0,0.0,0,13131,,,1,100,88,1,1,88,0,17,6,88,1,0,Normal,0
0.024347,tcp,http,SH,13,0,1597.0,0.0,533.9466874768965,0,0,524746.3753234484,0.0,0,0,0.0,0.0,0.0,0.0,0,0,0,0,0.0,0.0,0.0,122,0,,,36,100,88,36,1,88,0,17,6,88,1,0,Normal,0
6.028288,udp,,S0,3,0,408.0,0.0,0.497653728554442,0,0,541.4472566672329,0.0,0,0,0.0,0.0,0.0,0.0,0,0,0,0,0.0,0.0,0.0,136,0,,,3,100,3,3,3,3,0,17,6,3,3,0,Normal,0
0.022566,tcp,http,SH,13,0,1627.0,0.0,576.0879198794647,0,0,576796.9511654702,0.0,0,0,0.0,0.0,0.0,0.0,0,0,0,0,0.0,0.0,0.0,125,0,,,36,100,87,36,1,87,0,17,5,87,1,0,Normal,0
0.223738,unknown_transport,,OTH,5,0,0.0,0.0,22.34756724382984,0,0,0.0,0.0,0,0,0.0,0.0,0.0,0.0,0,0,0,0,0.0,0.0,0.0,0,0,,,1,8,1,1,1,1,0,16,5,87,1,0,Normal,0
0.410647,udp,dns,S0,2,0,56.0,0.0,4.87036310992166,0,0,1090.961336622452,0.0,0,0,0.0,0.0,0.0,0.0,0,0,0,0,0.0,0.0,0.0,28,0,,,1,100,2,1,1,1,0,16,5,87,1,0,Normal,0
0.020281,tcp,http,SH,13,0,1392.0,0.0,640.994033824762,0,0,549085.3508209654,0.0,0,0,0.0,0.0,0.0,0.0,0,0,0,0,0.0,0.0,0.0,107,0,,,37,100,85,37,1,85,0,16,5,87,1,0,Normal,0
0.040578,tcp,ftp,SH,13,1,99.0,0.0,345.01453989846715,0,0,19517.965399970424,0.0,0,0,0.0,0.0,0.0,0.0,0,0,0,0,0.0,0.0,0.0,7,0,,,17,100,85,17,1,85,1,17,4,87,1,0,Normal,0
0.007754,tcp,,SH,30,0,35268.0,0.0,3868.970853752902,0,0,36386897.085375294,0.0,0,0,0.0,0.0,0.0,0.0,0,0,0,0,0.0,0.0,0.0,1175,0,,,1,100,85,1,1,85,0,16,4,87,1,0,Normal,0
0.011214,tcp,,SH,16,2,0.0,14829.0,1605.1364365971108,0,0,0.0,10578919.208132692,0,0,0.0,0.0,0.0,0.0,0,0,0,0,0.0,0.0,0.0,0,7414,,,1,100,85,1,1,85,0,16,4,87,1,0,Normal,0
0.035228,tcp,http,SH,13,0,1392.0,0.0,369.0246394913137,0,0,316112.1834904053,0.0,0,0,0.0,0.0,0.0,0.0,0,0,0,0,0.0,0.0,0.0,107,0,,,37,100,85,37,1,85,0,16,4,87,1,0,Normal,0
0.02167,tcp,http,SH,13,0,1597.0,0.0,599.9077065066913,0,0,589570.8352561145,0.0,0,0,0.0,0.0,0.0,0.0,0,0,0,0,0.0,0.0,0.0,122,0,,,37,100,85,37,1,85,0,16,3,87,1,0,Normal,0
0.031952,tcp,ftp,SH,13,1,99.0,0.0,438.1572358537807,0,0,24787.18077115673,0.0,0,0,0.0,0.0,0.0,0.0,0,0,0,0,0.0,0.0,0.0,7,0,,,17,100,86,17,1,86,1,17,3,88,1,0,Normal,0
0.007176,tcp,,SH,42,0,50827.0,0.0,5852.842809364548,0,0,56663322.18506131,0.0,0,0,0.0,0.0,0.0,0.0,0,0,0,0,0.0,0.0,0.0,1210,0,,,1,100,87,1,1,87,0,17,3,89,1,0,Normal,0
0.004058,tcp,,SH,21,3,0.0,36228.0,5914.243469689503,0,0,0.0,71420404.13997042,0,0,0.0,0.0,0.0,0.0,0,0,0,0,0.0,0.0,0.0,0,12076,,,1,100,87,1,1,87,0,17,2,89,1,0,Normal,0
0.03238,tcp,http,SH,13,0,1597.0,0.0,401.4823965410748,0,0,394564.5460160593,0.0,0,0,0.0,0.0,0.0,0.0,0,0,0,0,0.0,0.0,0.0,122,0,,,37,100,87,37,1,87,0,16,2,89,1,0,Normal,0
3.071799,udp,,S0,4,0,680.0,0.0,1.3021685338135731,0,0,1770.9492059864594,0.0,0,0,0.0,0.0,0.0,0.0,0,0,0,0,0.0,0.0,0.0,170,0,,,4,100,5,4,1,5,0,16,2,5,1,0,Normal,0
0.027214,tcp,http,SH,13,0,1597.0,0.0,477.6953038877049,0,0,469464.2463437936,0.0,0,0,0.0,0.0,0.0,0.0,0,0,0,0,0.0,0.0,0.0,122,0,,,38,100,86,38,1,86,0,16,2,88,1,0,Normal,0
0.046196,tcp,ftp,SH,13,1,99.0,0.0,303.0565416919214,0,0,17144.341501428695,0.0,0,0,0.0,0.0,0.0,0.0,0,0,0,0,0.0,0.0,0.0,7,0,,,17,100,86,17,1,86,1,17,1,88,1,0,Normal,0
0.01426,tcp,,SH,45,0,54976.0,0.0,3155.6802244039272,0,0,30842075.736325387,0.0,0,0,0.0,0.0,0.0,0.0,0,0,0,0,0.0,0.0,0.0,1221,0,,,1,100,86,1,1,86,0,17,0,88,1,0,Normal,0
0.009744,tcp,,SH,22,3,0.0,34537.0,2565.68144499179,0,0,0.0,28355500.821018063,0,0,0.0,0.0,0.0,0.0,0,0,0,0,0.0,0.0,0.0,0,11512,,,1,100,86,1,1,86,0,17,0,88,1,0,Normal,0
0.024656,tcp,http,SH,13,0,1392.0,0.0,527.255029201817,0,0,451654.7696301103,0.0,0,0,0.0,0.0,0.0,0.0,0,0,0,0,0.0,0.0,0.0,107,0,,,36,100,86,36,1,86,0,16,0,88,1,0,Normal,0
0.036172,tcp,ftp,SH,13,1,99.0,0.0,387.0396992148623,0,0,21895.38869844078,0.0,0,0,0.0,0.0,0.0,0.0,0,0,0,0,0.0,0.0,0.0,7,0,,,17,100,86,17,1,86,1,17,0,88,1,0,Normal,0
0.006023,tcp,,SH,31,0,36305.0,0.0,5146.9367424871325,0,0,48221816.37057945,0.0,0,0,0.0,0.0,0.0,0.0,0,0,0,0,0.0,0.0,0.0,1171,0,,,1,100,86,1,1,86,0,17,0,88,1,0,Normal,0
0.007474,tcp,,SH,16,2,0.0,15866.0,2408.3489430024083,0,0,0.0,16982606.368744984,0,0,0.0,0.0,0.0,0.0,0,0,0,0,0.0,0.0,0.0,0,7933,,,1,100,87,1,1,87,0,17,0,89,1,0,Normal,0
7.074894,udp,dns,S0,8,0,1762.0,0.0,1.130758990876754,0,0,1992.39734192484,0.0,0,0,0.0,0.0,0.0,0.0,0,0,0,0,0.0,0.0,0.0,220,0,,,1,100,1,1,1,1,0,17,0,1,1,0,Normal,0
0.021175,tcp,http,SH,13,0,1597.0,0.0,613.9315230224321,0,0,603353.010625738,0.0,0,0,0.0,0.0,0.0,0.0,0,0,0,0,0.0,0.0,0.0,122,0,,,35,100,86,35,1,86,0,17,0,88,1,0,Normal,0
0.015913,tcp,http,SH,13,0,1597.0,0.0,816.9421227926853,0,0,802865.5815999497,0.0,0,0,0.0,0.0,0.0,0.0,0,0,0,0,0.0,0.0,0.0,122,0,,,35,100,86,35,1,86,0,17,0,88,1,0,Normal,0
0.0,udp,dns,S0,1,0,0.0,0.0,0.0,0,0,0.0,0.0,0,0,0.0,0.0,0.0,0.0,0,0,0,0,0.0,0.0,0.0,0,0,,,2,100,2,2,2,2,0,16,0,2,2,0,Normal,0
0.022196,tcp,http,SH,13,0,1597.0,0.0,585.6911155163092,0,0,575599.2070643359,0.0,0,0,0.0,0.0,0.0,0.0,0,0,0,0,0.0,0.0,0.0,122,0,,,36,100,85,36,1,85,0,16,0,87,1,0,Normal,0
0.029695,tcp,ftp,SH,13,1,99.0,0.0,471.459841724196,0,0,26671.15676039737,0.0,0,0,0.0,0.0,0.0,0.0,0,0,0,0,0.0,0.0,0.0,7,0,,,17,100,85,17,1,85,1,17,0,87,1,0,Normal,0
0.008707,tcp,,SH,54,0,67424.0,0.0,6201.906512001838,0,0,61949236.24669806,0.0,0,0,0.0,0.0,0.0,0.0,0,0,0,0,0.0,0.0,0.0,1248,0,,,1,100,86,1,1,86,0,17,0,88,1,0,Normal,0
0.004228,tcp,,SH,27,4,0.0,52825.0,7332.071901608326,0,0,0.0,99952696.3103122,0,0,0.0,0.0,0.0,0.0,0,0,0,0,0.0,0.0,0.0,0,13206,,,1,100,87,1,1,87,0,17,0,89,1,0,Normal,0
0.014251,tcp,http,SH,13,0,1627.0,0.0,912.2166865483124,0,0,913339.4147779105,0.0,0,0,0.0,0.0,0.0,0.0,0,0,0,0,0.0,0.0,0.0,125,0,,,36,100,87,36,1,87,0,17,0,89,1,0,Normal,0
6.018276,udp,,S0,3,0,408.0,0.0,0.4984816249703403,0,0,542.3480079677303,0.0,0,0,0.0,0.0,0.0,0.0,0,0,0,0,0.0,0.0,0.0,136,0,,,3,100,3,3,3,3,0,16,0,3,3,0,Normal,0
0.038689,tcp,ftp,SH,13,1,99.0,0.0,361.8599601954044,0,0,20470.934891054305,0.0,0,0,0.0,0.0,0.0,0.0,0,0,0,0,0.0,0.0,0.0,7,0,,,17,100,86,17,1,86,1,17,0,88,1,0,Normal,0
0.012998,tcp,,SH,76,0,97506.0,0.0,5847.053392829666,0,0,60012925.06539468,0.0,0,0,0.0,0.0,0.0,0.0,0,0,0,0,0.0,0.0,0.0,1282,0,,,1,100,86,1,1,86,0,17,0,88,1,0,Normal,0
0.007074,tcp,,SF,37,6,0.0,77066.0,6078.597681651117,0,0,0.0,87154085.38309301,0,0,0.0,0.0,0.0,0.0,0,0,0,0,0.0,0.0,0.0,0,12844,,,1,28,87,1,1,87,0,17,0,89,1,0,Normal,0
0.021933,tcp,http,SH,13,0,1392.0,0.0,592.7141749874618,0,0,507728.08097387495,0.0,0,0,0.0,0.0,0.0,0.0,0,0,0,0,0.0,0.0,0.0,107,0,,,36,100,87,36,1,87,0,17,0,89,1,0,Normal,0
0.0,udp,dhcp,S0,1,0,0.0,0.0,0.0,0,0,0.0,0.0,0,0,0.0,0.0,0.0,0.0,0,0,0,0,0.0,0.0,0.0,0,0,,,1,100,1,1,1,1,0,17,0,1,1,0,Normal,0
9.112528,udp,,S0,7,0,959.0,0.0,0.7681732226227453,0,0,841.9178519945289,0.0,0,0,0.0,0.0,0.0,0.0,0,0,0,0,0.0,0.0,0.0,137,0,,,1,100,5,1,1,1,0,16,0,3,1,0,Normal,0
9.003614,udp,dns,S0,4,0,176.0,0.0,0.4442660469451489,0,0,156.3816485246924,0.0,0,0,0.0,0.0,0.0,0.0,0,0,0,0,0.0,0.0,0.0,44,0,,,3,100,3,3,3,3,0,16,0,4,3,0,Normal,0
0.015841,tcp,http,SH,13,0,1392.0,0.0,820.6552616627738,0,0,702985.922605896,0.0,0,0,0.0,0.0,0.0,0.0,0,0,0,0,0.0,0.0,0.0,107,0,,,36,100,84,36,1,84,0,16,0,86,1,0,Normal,0
0.029633,tcp,ftp,SH,13,0,99.0,0.0,438.700097863868,0,0,26726.959808321804,0.0,0,0,0.0,0.0,0.0,0.0,0,0,0,0,0.0,0.0,0.0,7,0,,,17,100,85,17,1,85,1,17,0,87,1,0,Normal,0
0.00968,tcp,,SH,47,0,58088.0,0.0,4855.371900826447,0,0,48006611.57024794,0.0,0,0,0.0,0.0,0.0,0.0,0,0,0,0,0.0,0.0,0.0,1235,0,,,1,100,85,1,1,85,0,17,0,87,1,0,Normal,0
0.004145,tcp,,SF,23,4,0.0,37648.0,6513.872135102532,0,0,0.0,72662002.41254523,0,0,0.0,0.0,0.0,0.0,0,0,0,0,0.0,0.0,0.0,0,9412,,,1,29,85,1,1,85,0,17,0,87,1,0,Normal,0
7.333758,udp,,S0,7,0,4592.0,0.0,0.9544901808867976,0,0,5009.164469293914,0.0,0,0,0.0,0.0,0.0,0.0,0,0,0,0,0.0,0.0,0.0,656,0,,,1,100,5,1,1,1,0,16,0,87,1,0,Normal,0
0.018532,tcp,http,SH,13,0,1392.0,0.0,701.4893157781136,0,0,600906.5400388517,0.0,0,0,0.0,0.0,0.0,0.0,0,0,0,0,0.0,0.0,0.0,107,0,,,35,100,84,35,1,84,0,16,0,87,1,0,Normal,0
0.034368,tcp,ftp,SH,13,1,99.0,0.0,407.3556797020484,0,0,23044.692737430167,0.0,0,0,0.0,0.0,0.0,0.0,0,0,0,0,0.0,0.0,0.0,7,0,,,17,100,84,17,1,84,1,17,0,87,1,0,Normal,0
0.010549,tcp,,SH,63,0,79872.0,0.0,5972.130059721301,0,0,60572186.93715044,0.0,0,0,0.0,0.0,0.0,0.0,0,0,0,0,0.0,0.0,0.0,1267,0,,,1,100,84,1,1,84,0,17,0,87,1,0,Normal,0
0.006081,tcp,,SH,31,5,0.0,65273.0,5920.078934385792,0,0,0.0,85871402.72981419,0,0,0.0,0.0,0.0,0.0,0,0,0,0,0.0,0.0,0.0,0,13054,,,1,100,84,1,1,84,0,16,0,87,1,0,Normal,0
2.969801,udp,,S0,4,0,680.0,0.0,1.3468915930730712,0,0,1831.7725665793769,0.0,0,0,0.0,0.0,0.0,0.0,0,0,0,0,0.0,0.0,0.0,170,0,,,4,100,6,4,1,4,0,16,0,4,1,0,Normal,0
0.021415,tcp,http,SH,13,0,1597.0,0.0,607.0511323838431,0,0,596591.1744104599,0.0,0,0,0.0,0.0,0.0,0.0,0,0,0,0,0.0,0.0,0.0,122,0,,,35,100,83,35,1,83,0,16,0,86,1,0,Normal,0
0.035221,tcp,ftp,SH,13,1,99.0,0.0,397.4901337270378,0,0,22486.584707986716,0.0,0,0,0.0,0.0,0.0,0.0,0,0,0,0,0.0,0.0,0.0,7,0,,,17,100,83,17,1,83,1,17,0,86,1,0,Normal,0
0.012281,tcp,,SH,66,0,84021.0,0.0,5374.155199088022,0,0,54732350.78576663,0.0,0,0,0.0,0.0,0.0,0.0,0,0,0,0,0.0,0.0,0.0,1273,0,,,1,100,83,1,1,83,0,16,0,86,1,0,Normal,0
0.006882,tcp,,SH,33,5,0.0,69422.0,5521.6506829410055,0,0,0.0,80699796.57076432,0,0,0.0,0.0,0.0,0.0,0,0,0,0,0.0,0.0,0.0,0,13884,,,1,100,83,1,1,83,0,16,0,86,1,0,Normal,0
0.034767,tcp,ftp,SH,13,1,99.0,0.0,402.6807029654557,0,0,22780.222624902926,0.0,0,0,0.0,0.0,0.0,0.0,0,0,0,0,0.0,0.0,0.0,7,0,,,17,100,83,17,1,83,1,17,0,86,1,0,Normal,0
0.008612,tcp,,SH,40,0,48753.0,0.0,4644.681839294009,0,0,45288434.74222016,0.0,0,0,0.0,0.0,0.0,0.0,0,0,0,0,0.0,0.0,0.0,1218,0,,,1,100,83,1,1,83,0,17,0,86,1,0,Normal,0
0.006099,tcp,,SH,21,3,0.0,34154.0,3935.071323167732,0,0,0.0,44799475.32382358,0,0,0.0,0.0,0.0,0.0,0,0,0,0,0.0,0.0,0.0,0,11384,,,1,100,83,1,1,83,0,17,0,86,1,0,Normal,0
0.03005,tcp,http,SH,13,0,1392.0,0.0,432.61231281198,0,0,370582.3627287854,0.0,0,0,0.0,0.0,0.0,0.0,0,0,0,0,0.0,0.0,0.0,107,0,,,32,100,83,32,1,83,0,17,0,86,1,0,Normal,0
0.020337,tcp,http,SH,13,0,1597.0,0.0,639.2289914933373,0,0,628214.5842552983,0.0,0,0,0.0,0.0,0.0,0.0,0,0,0,0,0.0,0.0,0.0,122,0,,,33,100,84,33,1,84,0,17,0,87,1,0,Normal,0
0.05155,tcp,ftp,SH,13,0,99.0,0.0,252.1823472356935,0,0,15363.724539282251,0.0,0,0,0.0,0.0,0.0,0.0,0,0,0,0,0.0,0.0,0.0,7,0,,,17,100,84,17,1,84,1,17,0,87,1,0,Normal,0
0.010999,tcp,,SH,14,0,13484.0,0.0,1272.842985725975,0,0,9807437.039730884,0.0,0,0,0.0,0.0,0.0,0.0,0,0,0,0,0.0,0.0,0.0,963,0,,,1,100,84,1,1,84,0,17,0,87,1,0,Normal,0
0.010356,tcp,,SH,9,1,0.0,0.0,965.6237929702588,0,0,0.0,0.0,0,0,0.0,0.0,0.0,0.0,0,0,0,0,0.0,0.0,0.0,0,0,,,1,100,84,1,1,84,0,17,0,87,1,0,Normal,0
0.024933,tcp,http,SH,13,0,1392.0,0.0,521.3973448842899,0,0,446636.9871254963,0.0,0,0,0.0,0.0,0.0,0.0,0,0,0,0,0.0,0.0,0.0,107,0,,,33,100,84,33,1,84,0,17,0,87,1,0,Normal,0
0.109336,udp,dns,SHR,0,1,0.0,950.0,9.146118387356406,0,0,0.0,69510.49974390869,0,0,0.0,0.0,0.0,0.0,0,0,0,0,0.0,0.0,0.0,0,950,,,1,7,1,1,1,1,0,17,0,2,1,0,Normal,0
0.110563,udp,dns,SHR,0,1,0.0,998.0,9.044617096135235,0,0,0.0,72212.22289554372,0,0,0.0,0.0,0.0,0.0,0,0,0,0,0.0,0.0,0.0,0,998,,,2,8,2,2,1,2,0,17,0,3,1,0,Normal,0
0.0,tcp,,OTH,0,0,0.0,0.0,0.0,0,0,0.0,0.0,0,0,0.0,0.0,0.0,0.0,0,0,0,0,0.0,0.0,0.0,0,0,,,1,9,1,1,1,1,0,17,0,4,1,0,Normal,0
0.25732,tcp,,RSTO,2,17,0.0,20722.0,73.83802269547645,0,0,0.0,644240.6342297528,0,0,0.0,0.0,0.0,0.0,0,0,0,0,0.0,0.0,0.0,0,1218,,,2,1,2,2,2,2,0,16,0,5,2,0,Normal,0
0.0,tcp,,OTH,0,0,0.0,0.0,0.0,0,0,0.0,0.0,0,0,0.0,0.0,0.0,0.0,0,0,0,0,0.0,0.0,0.0,0,0,,,3,10,3,3,1,3,0,16,0,6,1,0,Normal,0
0.422856,tcp,,RSTO,1,127,0.0,1714410.0,302.70352082032656,0,0,0.0,32434871.4455985,0,0,0.0,0.0,0.0,0.0,0,0,0,0,0.0,0.0,0.0,0,13499,,,4,2,4,4,2,4,0,16,0,7,2,0,Normal,0
0.032184,tcp,http,SH,13,0,1597.0,0.0,403.92741735023617,0,0,396967.4372358936,0.0,0,0,0.0,0.0,0.0,0.0,0,0,0,0,0.0,0.0,0.0,122,0,,,31,100,79,31,1,79,0,16,0,82,1,0,Normal,0
0.042725,tcp,ftp,SH,13,1,99.0,0.0,327.67700409596256,0,0,18537.156231714453,0.0,0,0,0.0,0.0,0.0,0.0,0,0,0,0,0.0,0.0,0.0,7,0,,,17,100,79,17,1,79,1,17,0,82,1,0,Normal,0
0.011354,tcp,,SH,68,0,86095.0,0.0,5989.078738770478,0,0,60662321.64875815,0.0,0,0,0.0,0.0,0.0,0.0,0,0,0,0,0.0,0.0,0.0,1266,0,,,1,100,80,1,1,80,0,17,0,83,1,0,Normal,0
0.006051,tcp,,SH,34,5,0.0,71496.0,6445.2156668319285,0,0,0.0,94524541.398116,0,0,0.0,0.0,0.0,0.0,0,0,0,0,0.0,0.0,0.0,0,14299,,,1,100,80,1,1,80,0,16,0,83,1,0,Normal,0
0.027532,tcp,http,SH,13,0,1627.0,0.0,472.17782943483945,0,0,472758.9713787593,0.0,0,0,0.0,0.0,0.0,0.0,0,0,0,0,0.0,0.0,0.0,125,0,,,31,100,80,31,1,80,0,16,0,83,1,0,Normal,0
0.030531,tcp,http,SH,13,0,1627.0,0.0,425.7967311912482,0,0,426320.78870656056,0.0,0,0,0.0,0.0,0.0,0.0,0,0,0,0,0.0,0.0,0.0,125,0,,,32,100,80,32,1,80,0,16,0,83,1,0,Normal,0
0.025089,tcp,http,SH,13,0,1627.0,0.0,518.1553668938578,0,0,518793.0965761888,0.0,0,0,0.0,0.0,0.0,0.0,0,0,0,0,0.0,0.0,0.0,125,0,,,32,100,80,32,1,80,0,16,0,83,1,0,Normal,0
6.012913,udp,,S0,3,0,408.0,0.0,0.4989262276038252,0,0,542.8317356329619,0.0,0,0,0.0,0.0,0.0,0.0,0,0,0,0,0.0,0.0,0.0,136,0,,,3,100,3,3,3,3,0,15,0,3,3,0,Normal,0
0.041309,tcp,ftp,SH,13,0,99.0,0.0,314.7013967900457,0,0,19172.57740443971,0.0,0,0,0.0,0.0,0.0,0.0,0,0,0,0,0.0,0.0,0.0,7,0,,,16,100,79,16,1,79,1,16,0,82,1,0,Normal,0
0.006653,tcp,,SH,10,0,7261.0,0.0,1503.0813166992334,0,0,8731098.752442507,0.0,0,0,0.0,0.0,0.0,0.0,0,0,0,0,0.0,0.0,0.0,726,0,,,1,100,79,1,1,79,0,16,0,82,1,0,Normal,0
0.007684,tcp,,SH,6,1,0.0,0.0,910.9838625715772,0,0,0.0,0.0,0,0,0.0,0.0,0.0,0.0,0,0,0,0,0.0,0.0,0.0,0,0,,,1,100,79,1,1,79,0,16,0,82,1,0,Normal,0
0.029804,tcp,http,SH,13,0,1392.0,0.0,436.1830626761508,0,0,373641.1219970474,0.0,0,0,0.0,0.0,0.0,0.0,0,0,0,0,0.0,0.0,0.0,107,0,,,31,100,79,31,1,79,0,16,0,82,1,0,Normal,0
3.064945,udp,,S0,4,0,680.0,0.0,1.3050805153110416,0,0,1774.9095008230163,0.0,0,0,0.0,0.0,0.0,0.0,0,0,0,0,0.0,0.0,0.0,170,0,,,4,100,6,4,1,4,0,16,0,4,1,0,Normal,0
0.031862,tcp,http,SH,13,0,1597.0,0.0,408.0095411461929,0,0,400979.22289875086,0.0,0,0,0.0,0.0,0.0,0.0,0,0,0,0,0.0,0.0,0.0,122,0,,,30,100,78,30,1,78,0,16,0,81,1,0,Normal,0
0.018631,tcp,http,SH,13,0,1392.0,0.0,697.7617948580322,0,0,597713.4882722344,0.0,0,0,0.0,0.0,0.0,0.0,0,0,0,0,0.0,0.0,0.0,107,0,,,30,100,78,30,1,78,0,16,0,81,1,0,Normal,0
18.93944,udp,dns,S0,10,0,2277.0,0.0,0.5279987159071229,0,0,961.802460896415,0.0,0,0,0.0,0.0,0.0,0.0,0,0,0,0,0.0,0.0,0.0,227,0,,,4,100,4,4,4,4,0,15,0,5,4,0,Normal,0
0.0,icmp,,OTH,1,0,0.0,0.0,0.0,0,0,0.0,0.0,0,0,0.0,0.0,0.0,0.0,0,0,0,0,0.0,0.0,0.0,0,0,,,1,11,1,1,1,1,0,15,0,1,1,0,Normal,0
0.035459,tcp,ftp,SH,13,0,99.0,0.0,366.6206040779492,0,0,22335.65526382583,0.0,0,0,0.0,0.0,0.0,0.0,0,0,0,0,0.0,0.0,0.0,7,0,,,16,100,76,16,1,76,1,16,0,79,1,0,Normal,0
0.006985,tcp,,SH,37,0,44603.0,0.0,5297.0651395848245,0,0,51084323.550465286,0.0,0,0,0.0,0.0,0.0,0.0,0,0,0,0,0.0,0.0,0.0,1205,0,,,1,100,76,1,1,76,0,16,0,79,1,0,Normal,0
0.008588,tcp,,SH,19,3,0.0,30004.0,2561.71401956218,0,0,0.0,27949697.251979508,0,0,0.0,0.0,0.0,0.0,0,0,0,0,0.0,0.0,0.0,0,10001,,,1,100,77,1,1,77,0,16,0,80,1,0,Normal,0
0.035991,tcp,http,SH,13,0,1597.0,0.0,361.2014114639771,0,0,354977.6332972132,0.0,0,0,0.0,0.0,0.0,0.0,0,0,0,0,0.0,0.0,0.0,122,0,,,29,100,77,29,1,77,0,16,0,80,1,0,Normal,0
6.553531,udp,,S0,7,0,4592.0,0.0,1.0681264802134909,0,0,5605.5277681604,0.0,0,0,0.0,0.0,0.0,0.0,0,0,0,0,0.0,0.0,0.0,656,0,,,1,100,6,1,1,4,0,16,0,4,1,0,Normal,0
0.021408,tcp,http,SH,13,0,1392.0,0.0,607.2496263079223,0,0,520179.3721973094,0.0,0,0,0.0,0.0,0.0,0.0,0,0,0,0,0.0,0.0,0.0,107,0,,,29,100,77,29,1,77,0,16,0,80,1,0,Normal,0
0.026449,tcp,http,SH,13,0,1627.0,0.0,491.5119664259518,0,0,492116.90423078375,0.0,0,0,0.0,0.0,0.0,0.0,0,0,0,0,0.0,0.0,0.0,125,0,,,30,100,77,30,1,77,0,15,0,80,1,0,Normal,0
0.032487,tcp,ftp,SH,13,0,99.0,0.0,400.1600640256102,0,0,24378.98236217564,0.0,0,0,0.0,0.0,0.0,0.0,0,0,0,0,0.0,0.0,0.0,7,0,,,16,100,77,16,1,77,1,16,0,80,1,0,Normal,0
0.006595,tcp,,SH,19,0,19708.0,0.0,2880.9704321455647,0,0,23906595.905989382,0.0,0,0,0.0,0.0,0.0,0.0,0,0,0,0,0.0,0.0,0.0,1037,0,,,1,100,77,1,1,77,0,16,0,80,1,0,Normal,0
0.005684,tcp,,SH,10,1,0.0,0.0,1935.256861365236,0,0,0.0,0.0,0,0,0.0,0.0,0.0,0.0,0,0,0,0,0.0,0.0,0.0,0,0,,,1,100,77,1,1,77,0,16,0,80,1,0,Normal,0
0.021266,tcp,http,SH,13,0,1392.0,0.0,611.3044296059437,0,0,523652.7790839838,0.0,0,0,0.0,0.0,0.0,0.0,0,0,0,0,0.0,0.0,0.0,107,0,,,30,100,77,30,1,77,0,15,0,80,1,0,Normal,0
0.028676,tcp,ftp,SH,13,0,99.0,0.0,453.3407727716557,0,0,27618.91477193472,0.0,0,0,0.0,0.0,0.0,0.0,0,0,0,0,0.0,0.0,0.0,7,0,,,16,100,77,16,1,77,1,16,0,80,1,0,Normal,0
0.003846,tcp,,SH,10,0,7261.0,0.0,2600.1040041601664,0,0,15103484.139365574,0.0,0,0,0.0,0.0,0.0,0.0,0,0,0,0,0.0,0.0,0.0,726,0,,,1,100,77,1,1,77,0,16,0,80,1,0,Normal,0
0.005804,tcp,,SH,6,1,0.0,0.0,1206.064782908339,0,0,0.0,0.0,0,0,0.0,0.0,0.0,0.0,0,0,0,0,0.0,0.0,0.0,0,0,,,1,100,77,1,1,77,0,16,0,80,1,0,Normal,0
0.420075,udp,dns,S0,2,0,56.0,0.0,4.76105457358805,0,0,1066.4762244837232,0.0,0,0,0.0,0.0,0.0,0.0,0,0,0,0,0.0,0.0,0.0,28,0,,,1,100,2,1,1,1,0,16,0,1,1,0,Normal,0
0.029055,tcp,ftp,SH,13,0,99.0,0.0,447.42729306487695,0,0,27258.64739287558,0.0,0,0,0.0,0.0,0.0,0.0,0,0,0,0,0.0,0.0,0.0,7,0,,,17,100,77,17,1,77,1,17,0,80,1,0,Normal,0
0.005073,tcp,,SH,20,0,20745.0,0.0,3942.440370589394,0,0,32714370.1951508,0.0,0,0,0.0,0.0,0.0,0.0,0,0,0,0,0.0,0.0,0.0,1037,0,,,1,100,78,1,1,78,0,17,0,80,1,0,Normal,0
0.007625,tcp,,SH,11,1,0.0,0.0,1573.770491803279,0,0,0.0,0.0,0,0,0.0,0.0,0.0,0.0,0,0,0,0,0.0,0.0,0.0,0,0,,,1,100,79,1,1,79,0,17,0,80,1,0,Normal,0
0.021016,tcp,http,SH,13,0,1627.0,0.0,618.5763228016749,0,0,619337.6475066616,0.0,0,0,0.0,0.0,0.0,0.0,0,0,0,0,0.0,0.0,0.0,125,0,,,28,100,79,28,1,79,0,17,0,80,1,0,Normal,0
0.031409,tcp,ftp,SH,13,1,99.0,0.0,445.73211499888566,0,0,25215.702505651247,0.0,0,0,0.0,0.0,0.0,0.0,0,0,0,0,0.0,0.0,0.0,7,0,,,17,100,79,17,1,79,1,17,0,80,1,0,Normal,0
0.005963,tcp,,SH,23,0,24895.0,0.0,3857.118899882609,0,0,33399295.65654872,0.0,0,0,0.0,0.0,0.0,0.0,0,0,0,0,0.0,0.0,0.0,1082,0,,,1,100,79,1,1,79,0,17,0,80,1,0,Normal,0
0.007207,tcp,,SH,12,1,0.0,0.0,1803.801859303455,0,0,0.0,0.0,0,0,0.0,0.0,0.0,0.0,0,0,0,0,0.0,0.0,0.0,0,0,,,1,100,79,1,1,79,0,17,0,80,1,0,Normal,0
0.020385,tcp,http,SH,13,0,1392.0,0.0,637.7238165317635,0,0,546284.0323767476,0.0,0,0,0.0,0.0,0.0,0.0,0,0,0,0,0.0,0.0,0.0,107,0,,,28,100,79,28,1,79,0,17,0,80,1,0,Normal,0
3.072223,udp,,S0,4,0,680.0,0.0,1.301988820472993,0,0,1770.7047958432704,0.0,0,0,0.0,0.0,0.0,0.0,0,0,0,0,0.0,0.0,0.0,170,0,,,4,100,7,4,1,5,0,17,0,5,1,0,Normal,0
0.020013,tcp,http,SH,13,0,1597.0,0.0,649.5777744466097,0,0,638385.0497176836,0.0,0,0,0.0,0.0,0.0,0.0,0,0,0,0,0.0,0.0,0.0,122,0,,,28,100,78,28,1,78,0,16,0,79,1,0,Normal,0
0.037925,tcp,ftp,SH,13,0,99.0,0.0,342.7818061964404,0,0,20883.32234673698,0.0,0,0,0.0,0.0,0.0,0.0,0,0,0,0,0.0,0.0,0.0,7,0,,,17,100,78,17,1,78,1,17,0,79,1,0,Normal,0
0.012579,tcp,,SH,77,0,99580.0,0.0,6121.313299944352,0,0,63330948.406073615,0.0,0,0,0.0,0.0,0.0,0.0,0,0,0,0,0.0,0.0,0.0,1293,0,,,1,100,78,1,1,78,0,17,0,79,1,0,Normal,0
0.007073,tcp,,SF,38,6,0.0,84980.0,6220.839813374805,0,0,0.0,96117630.425562,0,0,0.0,0.0,0.0,0.0,0,0,0,0,0.0,0.0,0.0,0,14163,,,1,30,78,1,1,78,0,17,0,79,1,0,Normal,0
6.024039,udp,,S0,3,0,408.0,0.0,0.4980047439931913,0,0,541.8291614645921,0.0,0,0,0.0,0.0,0.0,0.0,0,0,0,0,0.0,0.0,0.0,136,0,,,3,100,3,3,3,3,0,17,0,3,3,0,Normal,0
0.0,udp,dns,S0,1,0,0.0,0.0,0.0,0,0,0.0,0.0,0,0,0.0,0.0,0.0,0.0,0,0,0,0,0.0,0.0,0.0,0,0,,,1,100,2,1,1,1,0,17,0,4,1,0,Normal,0
0.0,udp,dns,S0,2,0,0.0,0.0,0.0,0,0,0.0,0.0,0,0,0.0,0.0,0.0,0.0,0,0,0,0,0.0,0.0,0.0,0,0,,,1,100,5,1,5,1,0,16,0,5,1,0,Normal,0
0.033079,tcp,ftp,SH,13,1,99.0,0.0,423.2292390942895,0,0,23942.68266876266,0.0,0,0,0.0,0.0,0.0,0.0,0,0,0,0,0.0,0.0,0.0,7,0,,,17,100,76,17,1,76,1,17,0,77,1,0,Normal,0
0.007915,tcp,,SH,42,0,51864.0,0.0,5306.380290587492,0,0,52420972.836386606,0.0,0,0,0.0,0.0,0.0,0.0,0,0,0,0,0.0,0.0,0.0,1234,0,,,1,100,76,1,1,76,0,17,0,77,1,0,Normal,0
0.007621,tcp,,SH,22,3,0.0,37265.0,3280.409395092508,0,0,0.0,39118225.954599135,0,0,0.0,0.0,0.0,0.0,0,0,0,0,0.0,0.0,0.0,0,12421,,,1,100,76,1,1,76,0,17,0,77,1,0,Normal,0
0.025141,tcp,http,SH,13,0,1627.0,0.0,517.0836482240165,0,0,517720.05886798457,0.0,0,0,0.0,0.0,0.0,0.0,0,0,0,0,0.0,0.0,0.0,125,0,,,26,100,76,26,1,76,0,16,0,77,1,0,Normal,0
0.011628,tcp,http,SH,13,0,1597.0,0.0,1117.9910560715514,0,0,1098727.2101823187,0.0,0,0,0.0,0.0,0.0,0.0,0,0,0,0,0.0,0.0,0.0,122,0,,,27,100,76,27,1,76,0,16,0,77,1,0,Normal,0
0.016057,udp,ntp,SHR,0,1,0.0,48.0,62.27813414710096,0,0,0.0,23914.803512486767,0,0,0.0,0.0,0.0,0.0,0,0,0,0,0.0,0.0,0.0,0,48,,,1,9,1,1,1,1,0,16,0,7,1,0,Normal,0
0.015802,tcp,http,SH,13,0,1627.0,0.0,822.6806733324895,0,0,823693.2033919757,0.0,0,0,0.0,0.0,0.0,0.0,0,0,0,0,0.0,0.0,0.0,125,0,,,28,100,76,28,1,76,0,16,0,77,1,0,Normal,0
0.020582,tcp,http,SH,13,0,1392.0,0.0,631.6198620153532,0,0,541055.291030998,0.0,0,0,0.0,0.0,0.0,0.0,0,0,0,0,0.0,0.0,0.0,107,0,,,28,100,76,28,1,76,0,16,0,77,1,0,Normal,0
0.041401,tcp,ftp,SH,13,0,99.0,0.0,314.002077244511,0,0,19129.972705973287,0.0,0,0,0.0,0.0,0.0,0.0,0,0,0,0,0.0,0.0,0.0,7,0,,,17,100,76,17,1,76,1,17,0,77,1,0,Normal,0
0.012488,tcp,,SH,80,0,103729.0,0.0,6406.149903907751,0,0,66450352.33824472,0.0,0,0,0.0,0.0,0.0,0.0,0,0,0,0,0.0,0.0,0.0,1296,0,,,1,100,77,1,1,77,0,17,0,78,1,0,Normal,0
0.010708,tcp,,SH,39,6,0.0,89130.0,4202.465446395218,0,0,0.0,66589465.8199477,0,0,0.0,0.0,0.0,0.0,0,0,0,0,0.0,0.0,0.0,0,14855,,,1,100,77,1,1,77,0,17,0,78,1,0,Normal,0
0.02145,tcp,http,SH,13,0,1392.0,0.0,606.060606060606,0,0,519160.8391608392,0.0,0,0,0.0,0.0,0.0,0.0,0,0,0,0,0.0,0.0,0.0,107,0,,,27,100,77,27,1,77,0,16,0,78,1,0,Normal,0
0.022585,tcp,http,SH,13,0,1597.0,0.0,575.6032765109586,0,0,565685.1892849236,0.0,0,0,0.0,0.0,0.0,0.0,0,0,0,0,0.0,0.0,0.0,122,0,,,28,100,77,28,1,77,0,16,0,78,1,0,Normal,0
0.018566,tcp,http,SH,13,0,1392.0,0.0,700.2046752127545,0,0,599806.0971668642,0.0,0,0,0.0,0.0,0.0,0.0,0,0,0,0,0.0,0.0,0.0,107,0,,,29,100,77,29,1,77,0,16,0,78,1,0,Normal,0
0.029515,tcp,ftp,SH,13,1,99.0,0.0,474.3350838556666,0,0,26833.813315263425,0.0,0,0,0.0,0.0,0.0,0.0,0,0,0,0,0.0,0.0,0.0,7,0,,,17,100,77,17,1,77,1,17,0,78,1,0,Normal,0
0.00537,tcp,,SH,23,0,24895.0,0.0,4283.0540037243945,0,0,37087523.277467415,0.0,0,0,0.0,0.0,0.0,0.0,0,0,0,0,0.0,0.0,0.0,1082,0,,,1,100,78,1,1,78,0,17,0,79,1,0,Normal,0
0.005821,tcp,,SH,13,1,0.0,0.0,2405.0850369352347,0,0,0.0,0.0,0,0,0.0,0.0,0.0,0.0,0,0,0,0,0.0,0.0,0.0,0,0,,,1,100,78,1,1,78,0,16,0,79,1,0,Normal,0
0.022103,tcp,http,SH,13,0,1392.0,0.0,588.1554540107677,0,0,503823.01045107,0.0,0,0,0.0,0.0,0.0,0.0,0,0,0,0,0.0,0.0,0.0,107,0,,,29,100,78,29,1,78,0,16,0,79,1,0,Normal,0
0.022253,tcp,http,SH,13,0,1392.0,0.0,584.1908956095808,0,0,500426.908731407,0.0,0,0,0.0,0.0,0.0,0.0,0,0,0,0,0.0,0.0,0.0,107,0,,,30,100,78,30,1,78,0,16,0,79,1,0,Normal,0
0.037156,tcp,ftp,SH,13,1,99.0,0.0,376.7897513187641,0,0,21315.5345031758,0.0,0,0,0.0,0.0,0.0,0.0,0,0,0,0,0.0,0.0,0.0,7,0,,,17,100,78,17,1,78,1,17,0,79,1,0,Normal,0
0.008958,tcp,,SH,45,0,54976.0,0.0,5023.442732752847,0,0,49096673.36459031,0.0,0,0,0.0,0.0,0.0,0.0,0,0,0,0,0.0,0.0,0.0,1221,0,,,1,100,79,1,1,79,0,17,0,80,1,0,Normal,0
0.009449,tcp,,SH,23,3,0.0,40377.0,2751.6139273997246,0,0,0.0,34185204.783574976,0,0,0.0,0.0,0.0,0.0,0,0,0,0,0.0,0.0,0.0,0,13459,,,1,100,80,1,1,80,0,17,0,81,1,0,Normal,0
0.017707,tcp,http,SH,13,0,1627.0,0.0,734.1729259614841,0,0,735076.5234088213,0.0,0,0,0.0,0.0,0.0,0.0,0,0,0,0,0.0,0.0,0.0,125,0,,,30,100,81,30,1,81,0,17,0,82,1,0,Normal,0
2.96945,udp,,S0,4,0,680.0,0.0,1.3470508006533195,0,0,1831.9890888885143,0.0,0,0,0.0,0.0,0.0,0.0,0,0,0,0,0.0,0.0,0.0,170,0,,,4,100,6,4,1,5,0,17,0,5,1,0,Normal,0
0.020901,tcp,http,SH,13,0,1627.0,0.0,621.979809578489,0,0,622745.323190278,0.0,0,0,0.0,0.0,0.0,0.0,0,0,0,0,0.0,0.0,0.0,125,0,,,30,100,80,30,1,80,0,16,0,81,1,0,Normal,0
0.030135,tcp,ftp,SH,13,1,99.0,0.0,464.5760743321719,0,0,26281.732205077155,0.0,0,0,0.0,0.0,0.0,0.0,0,0,0,0,0.0,0.0,0.0,7,0,,,17,100,80,17,1,80,1,17,0,81,1,0,Normal,0
0.008795,tcp,,SH,54,0,67424.0,0.0,6139.852188743604,0,0,61329391.69982944,0.0,0,0,0.0,0.0,0.0,0.0,0,0,0,0,0.0,0.0,0.0,1248,0,,,1,100,80,1,1,80,0,17,0,81,1,0,Normal,0
0.004548,tcp,,SH,27,4,0.0,46985.0,6816.18293755497,0,0,0.0,82647317.50219877,0,0,0.0,0.0,0.0,0.0,0,0,0,0,0.0,0.0,0.0,0,11746,,,1,100,81,1,1,81,0,17,0,81,1,0,Normal,0
0.01969,tcp,http,SH,13,0,1392.0,0.0,660.2336211274759,0,0,565566.2772981209,0.0,0,0,0.0,0.0,0.0,0.0,0,0,0,0,0.0,0.0,0.0,107,0,,,30,100,81,30,1,81,0,17,0,81,1,0,Normal,0
0.020789,tcp,http,SH,13,0,1392.0,0.0,625.3307037375536,0,0,535667.9012939535,0.0,0,0,0.0,0.0,0.0,0.0,0,0,0,0,0.0,0.0,0.0,107,0,,,31,100,81,31,1,81,0,16,0,81,1,0,Normal,0
0.020554,tcp,http,SH,13,0,1597.0,0.0,632.4802958061691,0,0,621582.1737861243,0.0,0,0,0.0,0.0,0.0,0.0,0,0,0,0,0.0,0.0,0.0,122,0,,,32,100,81,32,1,81,0,16,0,81,1,0,Normal,0
0.030322,tcp,ftp,SH,13,1,99.0,0.0,461.7109689334477,0,0,26119.64909966361,0.0,0,0,0.0,0.0,0.0,0.0,0,0,0,0,0.0,0.0,0.0,7,0,,,17,100,81,17,1,81,1,17,0,81,1,0,Normal,0
0.009658,tcp,,SH,58,0,72610.0,0.0,6005.384137502589,0,0,60144957.54814661,0.0,0,0,0.0,0.0,0.0,0.0,0,0,0,0,0.0,0.0,0.0,1251,0,,,1,100,82,1,1,82,0,17,0,82,1,0,Normal,0
0.00477,tcp,,SF,28,5,0.0,52170.0,6918.238993710692,0,0,0.0,87496855.34591195,0,0,0.0,0.0,0.0,0.0,0,0,0,0,0.0,0.0,0.0,0,10434,,,1,31,82,1,1,82,0,17,0,82,1,0,Normal,0
6.024971,udp,,S0,3,0,408.0,0.0,0.4979277078678055,0,0,541.7453461601724,0.0,0,0,0.0,0.0,0.0,0.0,0,0,0,0,0.0,0.0,0.0,136,0,,,3,100,3,3,3,3,0,16,0,5,3,0,Normal,0
0.015758,tcp,http,SH,13,0,1627.0,0.0,824.9777890595252,0,0,825993.1463383677,0.0,0,0,0.0,0.0,0.0,0.0,0,0,0,0,0.0,0.0,0.0,125,0,,,32,100,81,32,1,81,0,16,0,81,1,0,Normal,0
0.015918,tcp,http,SH,13,0,1627.0,0.0,816.685513255434,0,0,817690.6646563638,0.0,0,0,0.0,0.0,0.0,0.0,0,0,0,0,0.0,0.0,0.0,125,0,,,33,100,81,33,1,81,0,16,0,81,1,0,Normal,0
0.020883,tcp,http,SH,13,0,1597.0,0.0,622.5159220418523,0,0,611789.4938466696,0.0,0,0,0.0,0.0,0.0,0.0,0,0,0,0,0.0,0.0,0.0,122,0,,,34,100,81,34,1,81,0,15,0,81,1,0,Normal,0
0.044422,tcp,ftp,SH,13,1,99.0,0.0,315.1591553734636,0,0,17829.003646841655,0.0,0,0,0.0,0.0,0.0,0.0,0,0,0,0,0.0,0.0,0.0,7,0,,,16,100,81,16,1,81,1,16,0,81,1,0,Normal,0
0.016904,tcp,,SH,83,0,107879.0,0.0,4910.080454330337,0,0,51054898.24893516,0.0,0,0,0.0,0.0,0.0,0.0,0,0,0,0,0.0,0.0,0.0,1299,0,,,1,100,81,1,1,81,0,16,0,81,1,0,Normal,0
0.006826,tcp,,SH,40,6,0.0,93280.0,6738.939349545854,0,0,0.0,109323176.09141518,0,0,0.0,0.0,0.0,0.0,0,0,0,0,0.0,0.0,0.0,0,15546,,,1,100,81,1,1,81,0,16,0,81,1,0,Normal,0
1.535881,udp,dns,S0,3,0,150.0,0.0,1.9532763280488528,0,0,781.3105312195411,0.0,0,0,0.0,0.0,0.0,0.0,0,0,0,0,0.0,0.0,0.0,50,0,,,1,100,1,1,1,1,0,16,0,1,1,0,Normal,0
0.019796,tcp,http,SH,13,0,1597.0,0.0,656.6983228935138,0,0,645382.9056375024,0.0,0,0,0.0,0.0,0.0,0.0,0,0,0,0,0.0,0.0,0.0,122,0,,,33,100,80,33,1,80,0,15,0,80,1,0,Normal,0
0.037384,tcp,ftp,SH,13,1,99.0,0.0,374.491761181254,0,0,21185.5339182538,0.0,0,0,0.0,0.0,0.0,0.0,0,0,0,0,0.0,0.0,0.0,7,0,,,16,100,80,16,1,80,1,16,0,80,1,0,Normal,0
0.010073,tcp,,SH,59,0,74685.0,0.0,5857.242132433237,0,0,59315000.49637645,0.0,0,0,0.0,0.0,0.0,0.0,0,0,0,0,0.0,0.0,0.0,1265,0,,,1,100,80,1,1,80,0,16,0,80,1,0,Normal,0
0.007949,tcp,,SF,29,5,0.0,60085.0,4277.267580827777,0,0,0.0,60470499.43389106,0,0,0.0,0.0,0.0,0.0,0,0,0,0,0.0,0.0,0.0,0,12017,,,1,32,80,1,1,80,0,16,0,80,1,0,Normal,0
0.015983,tcp,http,SH,13,0,1597.0,0.0,813.3641994619283,0,0,799349.3086404304,0.0,0,0,0.0,0.0,0.0,0.0,0,0,0,0,0.0,0.0,0.0,122,0,,,33,100,81,33,1,81,0,16,0,81,1,0,Normal,0
0.040427,tcp,ftp,SH,13,0,99.0,0.0,321.56726939916393,0,0,19590.867489549066,0.0,0,0,0.0,0.0,0.0,0.0,0,0,0,0,0.0,0.0,0.0,7,0,,,17,100,82,17,1,82,1,17,0,82,1,0,Normal,0
0.010887,tcp,,SH,59,0,74685.0,0.0,5419.307430880866,0,0,54880132.267842375,0.0,0,0,0.0,0.0,0.0,0.0,0,0,0,0,0.0,0.0,0.0,1265,0,,,1,100,83,1,1,83,0,17,0,83,1,0,Normal,0
0.009057,tcp,,SF,29,5,0.0,54245.0,3754.002429060395,0,0,0.0,47914320.4151485,0,0,0.0,0.0,0.0,0.0,0,0,0,0,0.0,0.0,0.0,0,10849,,,1,33,84,1,1,84,0,17,0,84,1,0,Normal,0
0.020315,tcp,http,SH,13,0,1392.0,0.0,639.9212404627123,0,0,548166.3795225204,0.0,0,0,0.0,0.0,0.0,0.0,0,0,0,0,0.0,0.0,0.0,107,0,,,34,100,85,34,1,85,0,17,0,85,1,0,Normal,0
3.07202,udp,,S0,4,0,680.0,0.0,1.3020748562834876,0,0,1770.8218045455433,0.0,0,0,0.0,0.0,0.0,0.0,0,0,0,0,0.0,0.0,0.0,170,0,,,4,100,5,4,1,5,0,17,0,5,1,0,Normal,0
0.019993,tcp,http,SH,13,0,1627.0,0.0,650.2275796528785,0,0,651027.8597509128,0.0,0,0,0.0,0.0,0.0,0.0,0,0,0,0,0.0,0.0,0.0,125,0,,,34,100,85,34,1,85,0,17,0,85,1,0,Normal,0
0.031979,tcp,ftp,SH,13,0,99.0,0.0,406.5167766346665,0,0,24766.252853435068,0.0,0,0,0.0,0.0,0.0,0.0,0,0,0,0,0.0,0.0,0.0,7,0,,,17,100,85,17,1,85,1,17,0,85,1,0,Normal,0
0.010253,tcp,,SH,55,0,68461.0,0.0,5364.2836243050815,0,0,53417341.26597094,0.0,0,0,0.0,0.0,0.0,0.0,0,0,0,0,0.0,0.0,0.0,1244,0,,,1,100,85,1,1,85,0,17,0,85,1,0,Normal,0
0.005353,tcp,,SH,28,4,0.0,53862.0,5977.956286194657,0,0,0.0,80496170.37175415,0,0,0.0,0.0,0.0,0.0,0,0,0,0,0.0,0.0,0.0,0,13465,,,1,100,85,1,1,85,0,17,0,85,1,0,Normal,0
0.018918,tcp,http,SH,13,0,1597.0,0.0,687.1762342742361,0,0,675335.6591605878,0.0,0,0,0.0,0.0,0.0,0.0,0,0,0,0,0.0,0.0,0.0,122,0,,,34,100,85,34,2,85,0,17,0,85,2,0,Normal,0
0.015631,tcp,http,SH,13,0,1627.0,0.0,831.6806346362997,0,0,832704.2415712368,0.0,0,0,0.0,0.0,0.0,0.0,0,0,0,0,0.0,0.0,0.0,125,0,,,34,100,85,34,1,85,0,17,0,85,1,0,Normal,0
0.036316,tcp,ftp,SH,13,0,99.0,0.0,357.96893931049675,0,0,21808.56922568565,0.0,0,0,0.0,0.0,0.0,0.0,0,0,0,0,0.0,0.0,0.0,7,0,,,18,100,85,18,1,85,1,18,0,85,1,0,Normal,0
0.012943,tcp,,SH,75,0,96468.0,0.0,5794.638028277834,0,0,59626361.73993665,0.0,0,0,0.0,0.0,0.0,0.0,0,0,0,0,0.0,0.0,0.0,1286,0,,,1,100,86,1,1,86,0,18,0,86,1,0,Normal,0
0.005936,tcp,,SH,37,6,0.0,81869.0,7243.935309973045,0,0,0.0,110335579.5148248,0,0,0.0,0.0,0.0,0.0,0,0,0,0,0.0,0.0,0.0,0,13644,,,1,100,86,1,1,86,0,17,0,86,1,0,Normal,0
0.017507,tcp,http,SH,13,0,1627.0,0.0,742.560118809619,0,0,743474.0389558461,0.0,0,0,0.0,0.0,0.0,0.0,0,0,0,0,0.0,0.0,0.0,125,0,,,34,100,86,34,1,86,0,17,0,86,1,0,Normal,0
0.014835,tcp,http,SH,13,0,1627.0,0.0,876.3060330299967,0,0,877384.5635321875,0.0,0,0,0.0,0.0,0.0,0.0,0,0,0,0,0.0,0.0,0.0,125,0,,,35,100,86,35,1,86,0,17,0,86,1,0,Normal,0
0.032857,tcp,ftp,SH,13,0,99.0,0.0,395.6538941473659,0,0,24104.452628054907,0.0,0,0,0.0,0.0,0.0,0.0,0,0,0,0,0.0,0.0,0.0,7,0,,,18,100,86,18,1,86,1,18,0,86,1,0,Normal,0
0.006511,tcp,,SH,23,0,25932.0,0.0,3532.4834894793426,0,0,31862386.73014898,0.0,0,0,0.0,0.0,0.0,0.0,0,0,0,0,0.0,0.0,0.0,1127,0,,,1,100,87,1,1,87,0,18,0,87,1,0,Normal,0
0.006015,tcp,,SH,12,1,0.0,0.0,2161.263507896924,0,0,0.0,0.0,0,0,0.0,0.0,0.0,0.0,0,0,0,0,0.0,0.0,0.0,0,0,,,1,100,87,1,1,87,0,18,0,87,1,0,Normal,0
0.021507,tcp,http,SH,13,0,1627.0,0.0,604.454363695541,0,0,605198.3075277817,0.0,0,0,0.0,0.0,0.0,0.0,0,0,0,0,0.0,0.0,0.0,125,0,,,33,100,87,33,1,87,0,18,0,87,1,0,Normal,0
6.022055,udp,,S0,3,0,408.0,0.0,0.4981688144661581,0,0,542.00767013918,0.0,0,0,0.0,0.0,0.0,0.0,0,0,0,0,0.0,0.0,0.0,136,0,,,3,100,3,3,3,3,0,18,0,5,3,0,Normal,0
0.033571,tcp,ftp,SH,13,1,99.0,0.0,417.02660033957886,0,0,23591.790533496176,0.0,0,0,0.0,0.0,0.0,0.0,0,0,0,0,0.0,0.0,0.0,7,0,,,19,100,88,19,1,88,1,19,0,88,1,0,Normal,0
0.007978,tcp,,SH,51,0,63275.0,0.0,6392.579593883178,0,0,63449486.08673853,0.0,0,0,0.0,0.0,0.0,0.0,0,0,0,0,0.0,0.0,0.0,1240,0,,,1,100,88,1,1,88,0,18,0,88,1,0,Normal,0
0.007539,tcp,,SH,25,4,0.0,42836.0,3846.664013794933,0,0,0.0,45455365.433081314,0,0,0.0,0.0,0.0,0.0,0,0,0,0,0.0,0.0,0.0,0,10709,,,1,100,88,1,1,88,0,18,0,88,1,0,Normal,0
0.019578,tcp,http,SH,13,0,1597.0,0.0,664.0106241699866,0,0,652569.2103381346,0.0,0,0,0.0,0.0,0.0,0.0,0,0,0,0,0.0,0.0,0.0,122,0,,,34,100,88,34,1,88,0,18,0,88,1,0,Normal,0
0.018114,tcp,http,SH,13,0,1627.0,0.0,717.6769349674285,0,0,718560.2296566191,0.0,0,0,0.0,0.0,0.0,0.0,0,0,0,0,0.0,0.0,0.0,125,0,,,34,100,88,34,1,88,0,18,0,88,1,0,Normal,0
0.021013,tcp,http,SH,13,0,1392.0,0.0,618.6646361776043,0,0,529957.6452672156,0.0,0,0,0.0,0.0,0.0,0.0,0,0,0,0,0.0,0.0,0.0,107,0,,,35,100,89,35,1,89,0,18,0,89,1,0,Normal,0
6.387561,udp,,S0,7,0,4592.0,0.0,1.0958799454126544,0,0,5751.17795352561,0.0,0,0,0.0,0.0,0.0,0.0,0,0,0,0,0.0,0.0,0.0,656,0,,,1,100,4,1,1,1,0,18,0,89,1,0,Normal,0
0.032003,tcp,ftp,SH,13,1,99.0,0.0,437.45898821985446,0,0,24747.679905008907,0.0,0,0,0.0,0.0,0.0,0.0,0,0,0,0,0.0,0.0,0.0,7,0,,,19,100,88,19,1,88,1,19,0,89,1,0,Normal,0
0.006315,tcp,,SH,33,0,39417.0,0.0,5225.653206650831,0,0,49934441.80522565,0.0,0,0,0.0,0.0,0.0,0.0,0,0,0,0,0.0,0.0,0.0,1194,0,,,1,100,88,1,1,88,0,18,0,89,1,0,Normal,0
0.006336,tcp,,SH,17,3,0.0,24818.0,3156.565656565657,0,0,0.0,31335858.585858587,0,0,0.0,0.0,0.0,0.0,0,0,0,0,0.0,0.0,0.0,0,8272,,,1,100,88,1,1,88,0,18,0,89,1,0,Normal,0
18.329522,udp,dns,S0,10,0,2277.0,0.0,0.5455679640745678,0,0,993.8066033582328,0.0,0,0,0.0,0.0,0.0,0.0,0,0,0,0,0.0,0.0,0.0,227,0,,,1,100,2,1,2,1,0,18,0,1,1,0,Normal,0
0.018428,tcp,http,SH,13,0,1392.0,0.0,705.4482309528978,0,0,604297.8076839591,0.0,0,0,0.0,0.0,0.0,0.0,0,0,0,0,0.0,0.0,0.0,107,0,,,33,100,87,33,1,87,0,18,0,88,1,0,Normal,0
3.071647,udp,,S0,4,0,680.0,0.0,1.3022329714319387,0,0,1771.0368411474365,0.0,0,0,0.0,0.0,0.0,0.0,0,0,0,0,0.0,0.0,0.0,170,0,,,4,100,5,4,1,4,0,17,0,4,1,0,Normal,0
0.017409,tcp,http,SH,13,0,1627.0,0.0,746.7401918547877,0,0,747659.2567063014,0.0,0,0,0.0,0.0,0.0,0.0,0,0,0,0,0.0,0.0,0.0,125,0,,,34,100,86,34,1,86,0,17,0,87,1,0,Normal,0
0.026722,tcp,ftp,SH,13,1,99.0,0.0,523.9128807723973,0,0,29638.500112267047,0.0,0,0,0.0,0.0,0.0,0.0,0,0,0,0,0.0,0.0,0.0,7,0,,,18,100,86,18,1,86,1,18,0,87,1,0,Normal,0
0.004982,tcp,,SH,24,0,26969.0,0.0,4817.342432757928,0,0,43306302.689682856,0.0,0,0,0.0,0.0,0.0,0.0,0,0,0,0,0.0,0.0,0.0,1123,0,,,1,100,87,1,1,87,0,18,0,88,1,0,Normal,0
0.004087,tcp,,SH,13,1,0.0,0.0,3425.49547345241,0,0,0.0,0.0,0,0,0.0,0.0,0.0,0.0,0,0,0,0,0.0,0.0,0.0,0,0,,,1,100,87,1,1,87,0,17,0,88,1,0,Normal,0
0.016374,tcp,http,SH,13,0,1627.0,0.0,793.9416147550995,0,0,794918.7736655674,0.0,0,0,0.0,0.0,0.0,0.0,0,0,0,0,0.0,0.0,0.0,125,0,,,35,100,87,35,1,87,0,17,0,88,1,0,Normal,0
0.023393,tcp,http,SH,13,0,1597.0,0.0,555.7217971187962,0,0,546146.2830761339,0.0,0,0,0.0,0.0,0.0,0.0,0,0,0,0,0.0,0.0,0.0,122,0,,,36,100,87,36,1,87,0,17,0,88,1,0,Normal,0
0.014747,tcp,http,SH,13,0,1597.0,0.0,881.5352275038991,0,0,866345.6974299857,0.0,0,0,0.0,0.0,0.0,0.0,0,0,0,0,0.0,0.0,0.0,122,0,,,36,100,87,36,1,87,0,17,0,88,1,0,Normal,0
0.037163,tcp,ftp,SH,13,0,99.0,0.0,349.8102951860721,0,0,21311.51952210532,0.0,0,0,0.0,0.0,0.0,0.0,0,0,0,0,0.0,0.0,0.0,7,0,,,17,100,87,17,1,87,1,17,0,88,1,0,Normal,0
0.01304,tcp,,SH,80,0,103729.0,0.0,6134.969325153375,0,0,63637423.31288344,0.0,0,0,0.0,0.0,0.0,0.0,0,0,0,0,0.0,0.0,0.0,1296,0,,,1,100,87,1,1,87,0,17,0,88,1,0,Normal,0
0.005669,tcp,,SH,39,6,0.0,89130.0,7937.907920268124,0,0,0.0,125778796.96595518,0,0,0.0,0.0,0.0,0.0,0,0,0,0,0.0,0.0,0.0,0,14855,,,1,100,87,1,1,87,0,17,0,88,1,0,Normal,0
0.019278,tcp,http,SH,13,0,1627.0,0.0,674.3438115987136,0,0,675173.7732129889,0.0,0,0,0.0,0.0,0.0,0.0,0,0,0,0,0.0,0.0,0.0,125,0,,,36,100,87,36,1,87,0,17,0,88,1,0,Normal,0
0.017517,tcp,http,SH,13,0,1627.0,0.0,742.1362105383341,0,0,743049.6089513043,0.0,0,0,0.0,0.0,0.0,0.0,0,0,0,0,0.0,0.0,0.0,125,0,,,37,100,88,37,1,88,0,17,0,89,1,0,Normal,0
0.019501,tcp,http,SH,13,0,1597.0,0.0,666.6324803856212,0,0,655145.8899543612,0.0,0,0,0.0,0.0,0.0,0.0,0,0,0,0,0.0,0.0,0.0,122,0,,,37,100,88,37,1,88,0,17,0,89,1,0,Normal,0
0.021326,tcp,http,SH,13,0,1392.0,0.0,609.5845446872362,0,0,522179.499202851,0.0,0,0,0.0,0.0,0.0,0.0,0,0,0,0,0.0,0.0,0.0,107,0,,,38,100,88,38,1,88,0,16,0,89,1,0,Normal,0
0.018688,tcp,http,SH,13,0,1627.0,0.0,695.6335616438356,0,0,696489.7260273973,0.0,0,0,0.0,0.0,0.0,0.0,0,0,0,0,0.0,0.0,0.0,125,0,,,39,100,88,39,1,88,0,16,0,89,1,0,Normal,0
0.038679,tcp,ftp,SH,13,1,99.0,0.0,361.9535148271672,0,0,20476.227410222604,0.0,0,0,0.0,0.0,0.0,0.0,0,0,0,0,0.0,0.0,0.0,7,0,,,17,100,88,17,1,88,1,17,0,89,1,0,Normal,0
0.009195,tcp,,SH,43,0,52902.0,0.0,4676.454594888526,0,0,46026753.67047309,0.0,0,0,0.0,0.0,0.0,0.0,0,0,0,0,0.0,0.0,0.0,1230,0,,,1,100,89,1,1,89,0,17,0,90,1,0,Normal,0
0.007556,tcp,,SH,22,3,0.0,38303.0,3308.628904182107,0,0,0.0,40553732.13340392,0,0,0.0,0.0,0.0,0.0,0,0,0,0,0.0,0.0,0.0,0,12767,,,1,100,90,1,1,90,0,17,0,91,1,0,Normal,0
0.014998,tcp,http,SH,13,0,1392.0,0.0,866.7822376316843,0,0,742498.9998666489,0.0,0,0,0.0,0.0,0.0,0.0,0,0,0,0,0.0,0.0,0.0,107,0,,,40,100,91,40,1,91,0,17,0,92,1,0,Normal,0
5.892392,udp,,S0,3,0,408.0,0.0,0.50913109650546,0,0,553.9346329979404,0.0,0,0,0.0,0.0,0.0,0.0,0,0,0,0,0.0,0.0,0.0,136,0,,,3,100,3,3,3,3,0,16,0,3,3,0,Normal,0
0.01939,tcp,http,SH,13,0,1597.0,0.0,670.4486848891181,0,0,658896.3383187209,0.0,0,0,0.0,0.0,0.0,0.0,0,0,0,0,0.0,0.0,0.0,122,0,,,41,100,90,41,1,90,0,16,0,91,1,0,Normal,0
0.041336,tcp,ftp,SH,13,1,99.0,0.0,338.6878265918328,0,0,19160.05419005225,0.0,0,0,0.0,0.0,0.0,0.0,0,0,0,0,0.0,0.0,0.0,7,0,,,17,100,90,17,1,90,1,17,0,91,1,0,Normal,0
0.006163,tcp,,SH,26,0,30081.0,0.0,4218.724647087457,0,0,39047217.26431932,0.0,0,0,0.0,0.0,0.0,0.0,0,0,0,0,0.0,0.0,0.0,1156,0,,,1,100,90,1,1,90,0,17,0,91,1,0,Normal,0
0.007441,tcp,,SH,14,2,0.0,15482.0,2150.248622496976,0,0,0.0,16645074.586749094,0,0,0.0,0.0,0.0,0.0,0,0,0,0,0.0,0.0,0.0,0,7741,,,1,100,90,1,1,90,0,17,0,91,1,0,Normal,0
0.017924,tcp,http,SH,13,0,1597.0,0.0,725.2845347020755,0,0,712787.3242579781,0.0,0,0,0.0,0.0,0.0,0.0,0,0,0,0,0.0,0.0,0.0,122,0,,,40,100,91,40,1,91,0,17,0,92,1,0,Normal,0
2.977323,udp,,S0,4,0,680.0,0.0,1.343488764907267,0,0,1827.1447202738836,0.0,0,0,0.0,0.0,0.0,0.0,0,0,0,0,0.0,0.0,0.0,170,0,,,4,100,5,4,1,4,0,17,0,4,1,0,Normal,0
0.0,udp,dns,S0,1,0,0.0,0.0,0.0,0,0,0.0,0.0,0,0,0.0,0.0,0.0,0.0,0,0,0,0,0.0,0.0,0.0,0,0,,,1,100,1,1,1,1,0,17,0,2,1,0,Normal,0
0.0,udp,dns,S0,2,0,0.0,0.0,0.0,0,0,0.0,0.0,0,0,0.0,0.0,0.0,0.0,0,0,0,0,0.0,0.0,0.0,0,0,,,1,100,2,1,2,1,0,16,0,3,1,0,Normal,0
0.020564,tcp,http,SH,13,0,1627.0,0.0,632.1727290410427,0,0,632950.7877844778,0.0,0,0,0.0,0.0,0.0,0.0,0,0,0,0,0.0,0.0,0.0,125,0,,,39,100,88,39,1,88,0,16,0,89,1,0,Normal,0
0.034978,tcp,ftp,SH,13,0,99.0,0.0,371.6621876608153,0,0,22642.804048258902,0.0,0,0,0.0,0.0,0.0,0.0,0,0,0,0,0.0,0.0,0.0,7,0,,,17,100,88,17,1,88,1,17,0,89,1,0,Normal,0
0.012053,tcp,,SH,75,0,96468.0,0.0,6222.517215630964,0,0,64029204.347465366,0.0,0,0,0.0,0.0,0.0,0.0,0,0,0,0,0.0,0.0,0.0,1286,0,,,1,100,88,1,1,88,0,17,0,89,1,0,Normal,0
0.00664,tcp,,SF,37,6,0.0,76028.0,6475.903614457831,0,0,0.0,91600000.0,0,0,0.0,0.0,0.0,0.0,0,0,0,0,0.0,0.0,0.0,0,12671,,,1,34,88,1,1,88,0,17,0,89,1,0,Normal,0
15.667833,udp,dns,S0,8,0,2532.0,0.0,0.5106002853106745,0,0,1292.8399224066277,0.0,0,0,0.0,0.0,0.0,0.0,0,0,0,0,0.0,0.0,0.0,316,0,,,2,100,3,2,3,2,0,17,0,2,2,0,Normal,0
0.016401,tcp,http,SH,13,0,1392.0,0.0,792.6345954514969,0,0,678982.9888421438,0.0,0,0,0.0,0.0,0.0,0.0,0,0,0,0,0.0,0.0,0.0,107,0,,,37,100,87,37,1,87,0,16,0,88,1,0,Normal,0
0.015135,tcp,http,SH,13,0,1627.0,0.0,858.9362405021474,0,0,859993.3927981501,0.0,0,0,0.0,0.0,0.0,0.0,0,0,0,0,0.0,0.0,0.0,125,0,,,38,100,87,38,1,87,0,16,0,88,1,0,Normal,0
5.632354,udp,,S0,5,0,3280.0,0.0,0.8877282926463783,0,0,4658.7980798081935,0.0,0,0,0.0,0.0,0.0,0.0,0,0,0,0,0.0,0.0,0.0,656,0,,,1,100,6,1,1,5,0,16,0,5,1,0,Normal,0
0.0,udp,dns,S0,1,0,0.0,0.0,0.0,0,0,0.0,0.0,0,0,0.0,0.0,0.0,0.0,0,0,0,0,0.0,0.0,0.0,0,0,,,3,100,4,3,4,3,0,16,0,3,3,0,Normal,0
0.0223,tcp,http,SH,13,0,1597.0,0.0,582.9596412556053,0,0,572914.798206278,0.0,0,0,0.0,0.0,0.0,0.0,0,0,0,0,0.0,0.0,0.0,122,0,,,37,100,85,37,1,85,0,16,0,86,1,0,Normal,0
0.027014,tcp,ftp,SH,13,1,99.0,0.0,518.2497964018658,0,0,29318.131339305542,0.0,0,0,0.0,0.0,0.0,0.0,0,0,0,0,0.0,0.0,0.0,7,0,,,16,100,85,16,1,85,1,16,0,86,1,0,Normal,0
0.005826,tcp,,SH,23,0,24895.0,0.0,3947.82011671816,0,0,34184689.32372125,0.0,0,0,0.0,0.0,0.0,0.0,0,0,0,0,0.0,0.0,0.0,1082,0,,,1,100,85,1,1,85,0,16,0,86,1,0,Normal,0
0.00415,tcp,,SH,12,1,0.0,0.0,3132.5301204819275,0,0,0.0,0.0,0,0,0.0,0.0,0.0,0.0,0,0,0,0,0.0,0.0,0.0,0,0,,,1,100,85,1,1,85,0,16,0,86,1,0,Normal,0
